x y c
-0.0055 -0.1908 0.458
-0.0020 -0.0648 0.622
-0.0300 0.0216 1.000
-0.0019 -0.0468 0.496
-0.0118 0.0576 0.372
-0.0121 -0.0432 0.503
-0.0048 -0.1512 0.471
-0.0094 0.1908 0.209
-0.0405 0.0720 0.009
-0.0240 -0.0324 1.000
-0.0387 -0.0036 0.614
0.0085 0.0108 0.345
-0.0077 -0.0936 0.568
-0.0111 -0.0612 0.308
-0.0349 -0.0576 0.687
-0.0400 0.0072 0.599
-0.0093 -0.1440 0.564
-0.0044 0.1584 0.529
-0.0413 -0.0324 0.028
-0.0303 0.0324 0.085
-0.0381 0.0396 0.931
-0.0324 0.0360 0.086
-0.0031 0.1476 0.469
-0.0561 0.0036 0.705
-0.0036 -0.0540 0.327
-0.0049 0.0396 0.823
-0.0130 -0.0684 0.282
-0.0081 0.0324 0.185
-0.0243 -0.0360 0.462
-0.0085 -0.2268 0.362
-0.0135 -0.1008 0.158
0.0464 0.0000 0.475
-0.0189 -0.0216 1.000
-0.0277 0.0468 0.121
-0.0039 -0.1188 0.896
-0.0109 -0.0900 0.560
0.0043 0.0180 0.416
-0.0432 -0.0144 0.875
-0.0016 0.0396 0.481
-0.0339 -0.0108 0.085
-0.0109 0.0252 0.354
-0.0318 -0.0108 0.020
-0.0255 0.0540 0.127
-0.0090 -0.1224 0.170
-0.0413 0.0144 0.000
-0.0402 0.0252 0.675
-0.0159 0.0000 1.000
-0.0119 -0.0504 0.877
-0.0026 0.2376 0.300
-0.0053 0.1260 0.369
-0.0380 0.0576 0.000
-0.0024 -0.1152 0.366
0.0187 0.0108 0.328
-0.0026 0.1908 0.441
-0.0143 -0.0108 0.231
-0.0095 -0.1152 0.576
-0.0041 -0.3348 0.412
-0.0374 -0.0144 0.618
0.0223 0.0036 0.721
-0.0461 0.0180 0.002
-0.0156 0.0612 0.736
-0.0403 -0.0468 0.016
0.0282 0.0072 0.239
-0.0252 -0.0504 0.377
-0.0073 0.1224 0.774
-0.0278 -0.0720 1.000
-0.0522 -0.0144 0.713
-0.0052 -0.0324 0.422
-0.0066 0.3060 0.464
-0.0040 -0.3492 0.457
-0.0054 0.1152 0.448
-0.0121 0.1620 0.835
-0.0438 -0.0468 0.011
-0.0131 0.0612 0.173
-0.0043 -0.2664 0.511
-0.0118 -0.1980 0.361
-0.0677 0.0036 0.816
-0.0075 0.0756 0.475
0.0001 -0.0360 0.292
-0.0265 -0.0468 1.000
-0.0064 -0.2520 0.345
-0.0066 0.1188 0.754
-0.0044 0.1332 0.427
-0.0435 0.0036 0.000
-0.0034 -0.0288 0.494
-0.0140 -0.0576 0.152
-0.0044 0.2844 0.502
-0.0126 -0.0936 0.243
-0.0371 -0.0324 0.012
-0.0013 0.0432 0.388
-0.0471 -0.0072 0.575
-0.0504 -0.0108 0.573
-0.0005 -0.0792 0.339
-0.0098 -0.1296 0.202
-0.0078 0.0288 0.487
-0.0216 -0.0036 1.000
0.0205 0.0072 0.292
-0.0156 -0.0072 0.414
-0.0574 0.0072 0.666
-0.0020 0.1008 0.427
0.0128 -0.0036 0.890
-0.0114 0.1116 0.565
-0.0417 -0.0432 0.000
-0.0088 -0.1008 0.353
-0.0258 -0.0324 0.125
-0.0083 0.0252 0.099
0.0027 0.0144 0.519
-0.0012 0.0684 0.438
0.0108 -0.0036 0.548
-0.0128 -0.1224 0.272
-0.0113 -0.1368 0.180
-0.0353 -0.0612 0.000
-0.0463 0.0504 0.000
0.0062 0.0000 0.495
-0.0425 -0.0180 0.001
-0.0012 0.0828 0.255
-0.0249 -0.0612 0.091
-0.0034 -0.1908 0.502
-0.0038 -0.2844 0.517
-0.0400 -0.0432 0.000
-0.0072 0.2592 0.414
-0.0611 -0.0072 0.661
-0.0071 -0.1584 0.575
-0.0103 -0.1332 0.269
-0.0073 -0.1512 0.548
-0.0414 -0.0072 0.045
-0.0069 -0.2412 0.392
-0.0114 -0.1116 0.342
-0.0251 -0.0684 0.125
-0.0049 0.1620 0.441
0.0391 0.0000 0.515
-0.0105 -0.1476 0.480
-0.0469 0.0036 0.012
-0.0292 -0.0648 1.000
-0.0092 0.2088 0.430
-0.0036 0.1728 0.370
-0.0202 -0.0180 0.142
-0.0830 0.0000 0.672
-0.0419 0.0036 0.587
-0.0118 -0.1080 0.388
-0.0084 0.1656 0.377
-0.0050 0.3096 0.529
-0.0184 0.0792 0.645
-0.0373 0.0252 0.059
-0.0047 0.1368 0.395
-0.0512 0.0180 0.649
-0.0403 -0.0252 0.075
-0.0025 -0.0792 0.473
-0.0306 -0.0540 1.000
-0.0055 -0.2628 0.422
-0.0279 0.0504 0.121
-0.0078 0.0792 0.346
0.0248 0.0000 0.592
0.0097 0.0072 0.521
-0.0041 0.0756 0.304
-0.0442 -0.0036 0.000
-0.0079 -0.2556 0.568
0.0147 0.0108 0.897
-0.0679 0.0000 0.693
-0.0001 0.0108 0.454
-0.0049 0.2880 0.263
-0.0261 0.0144 0.758
-0.0029 0.2232 0.503
-0.0773 0.0000 1.000
-0.0416 0.0504 0.060
-0.0110 0.1656 0.170
-0.0369 0.0468 0.040
-0.0367 0.0648 1.000
0.0081 -0.0036 0.376
-0.0318 0.0396 0.087
-0.0070 -0.2124 0.481
-0.0449 -0.0324 0.010
-0.0079 0.0432 0.324
-0.0038 -0.1080 0.532
-0.0049 -0.2052 0.488
-0.0242 -0.0216 0.690
-0.0459 -0.0504 0.000
-0.0508 0.0072 0.557
-0.0347 -0.0252 0.060
-0.0266 0.0540 0.117
-0.0124 -0.0864 0.698
-0.0286 0.0432 0.106
-0.0339 0.0144 0.056
0.0001 0.0288 0.349
-0.0024 -0.2124 0.408
-0.0222 0.0432 0.559
-0.0315 -0.0144 0.064
-0.0325 0.0720 0.073
-0.0038 -0.0360 0.388
-0.0086 0.0216 0.354
-0.0279 0.0648 0.112
-0.0070 0.1584 0.358
-0.0561 0.0000 0.751
-0.0174 0.0144 0.647
-0.0523 0.0216 0.000
-0.0370 0.0432 0.043
-0.0036 -0.2448 0.383
-0.0472 0.0108 0.972
-0.0113 -0.1692 0.162
0.0011 -0.0288 0.475
-0.0113 -0.1872 0.393
0.0055 0.0108 0.469
-0.0064 0.1080 0.309
-0.0119 0.0000 0.192
-0.0023 -0.0504 0.852
-0.0328 0.0468 1.000
-0.0135 0.1152 0.609
-0.0103 -0.1620 0.372
-0.0091 -0.0756 0.546
-0.0022 -0.0180 0.399
-0.0094 0.0000 0.171
-0.0144 0.1044 0.144
-0.0050 0.1008 0.442
-0.0105 0.0756 0.288
-0.0477 0.0072 0.000
-0.0064 0.0180 0.549
0.0024 -0.0072 0.508
-0.0075 -0.2664 0.247
-0.0442 0.0324 0.000
-0.0080 -0.1764 0.304
-0.0281 -0.0036 0.687
-0.0147 -0.1188 0.221
-0.0111 -0.0036 0.568
-0.0280 -0.0792 1.000
-0.0078 -0.0036 0.320
-0.0119 -0.2052 0.209
-0.0064 -0.2844 0.446
-0.0046 -0.0828 0.305
-0.0185 -0.0612 0.739
-0.0019 0.1800 0.477
-0.0302 -0.0072 0.832
0.0292 0.0000 0.460
-0.0322 -0.0036 0.073
-0.0112 -0.1764 0.173
-0.0057 0.1296 0.453
-0.0293 0.0252 0.062
-0.0156 -0.0864 0.653
-0.0117 0.1728 0.397
-0.0060 -0.0612 0.396
-0.0012 -0.0108 0.529
-0.0081 -0.1944 0.369
-0.0077 0.0828 0.511
-0.0148 -0.0612 0.263
-0.0049 0.3348 0.370
0.0258 0.0072 0.161
-0.0147 -0.0180 0.940
-0.0544 -0.0036 0.851
-0.0975 0.0000 0.630
-0.0094 0.2052 0.403
-0.0100 -0.0540 0.338
-0.0049 0.2016 0.510
-0.0035 0.2160 0.538
-0.0103 0.1368 0.873
-0.0227 0.0000 0.565
-0.0128 0.0144 0.827
-0.0036 0.1152 0.404
-0.0402 -0.0396 0.001
-0.0022 -0.1080 0.481
-0.0043 0.0648 0.364
-0.0112 -0.0108 0.410
-0.0421 0.0216 0.000
-0.0279 -0.0288 0.573
0.0288 0.0036 0.840
-0.0091 -0.0792 0.276
-0.0462 -0.0324 0.000
-0.0001 -0.0252 1.000
-0.0026 0.1044 0.334
-0.0028 0.0936 0.537
-0.0306 0.0108 0.074
-0.0120 0.1836 0.269
-0.0004 0.0216 0.418
-0.0029 0.0792 0.498
-0.0344 -0.0324 0.066
-0.0074 0.0396 0.210
-0.0032 -0.0936 0.411
-0.0171 -0.0180 0.806
-0.0101 0.0756 0.339
-0.0053 0.1332 0.544
-0.0283 0.0180 0.110
-0.0080 -0.0972 0.560
-0.0031 -0.2232 0.439
-0.0149 -0.0540 0.253
-0.0213 0.0576 1.000
-0.0082 -0.1728 0.573
-0.0036 -0.2736 0.525
-0.0142 -0.0216 0.213
-0.0456 0.0252 0.000
-0.0380 -0.0432 0.000
-0.0169 0.0216 0.272
-0.0362 0.0144 0.003
-0.0062 0.0144 0.377
-0.0314 -0.0684 0.110
-0.0031 -0.0396 0.592
-0.0387 -0.0612 0.000
-0.0128 -0.0432 0.330
-0.0164 -0.0144 0.155
-0.0184 0.0684 0.137
-0.0267 -0.0216 0.743
0.0266 -0.0036 0.239
-0.0110 -0.0864 0.230
-0.0089 -0.1548 0.349
-0.0116 0.0324 0.332
-0.0328 -0.0576 0.675
-0.0196 0.0432 0.705
-0.0041 -0.0684 0.540
-0.0055 0.3096 0.395
0.0325 0.0036 0.477
-0.0433 -0.0540 0.000
-0.0174 0.0828 0.226
-0.0120 0.1080 0.590
-0.0109 -0.0792 0.740
-0.0122 0.0468 0.353
-0.0027 0.0036 0.519
-0.0182 -0.0288 0.671
-0.0237 -0.0396 0.667
-0.0078 0.2556 0.560
0.0015 0.0072 0.540
-0.0492 0.0036 0.620
-0.0034 -0.0216 0.518
-0.0067 0.0828 0.530
-0.0050 -0.1116 0.498
-0.0139 0.0936 0.649
-0.0027 -0.1584 0.548
-0.0057 0.2592 0.523
-0.0040 0.2736 0.462
-0.0357 0.0612 0.597
-0.0101 -0.1476 0.592
-0.0065 0.2844 0.309
-0.0040 0.1080 0.452
-0.0113 -0.1908 0.611
-0.0087 -0.0036 0.584
-0.0058 -0.1872 0.533
-0.0334 0.0216 0.109
-0.0146 0.0576 0.265
-0.0162 -0.0900 0.319
0.0362 0.0036 0.842
-0.0303 0.0468 0.075
-0.0091 -0.1980 0.261
-0.0070 0.1800 0.559
-0.0508 -0.0180 0.713
-0.0370 0.0324 1.000
-0.0184 -0.0540 0.647
-0.0034 -0.0756 0.360
-0.0334 0.0648 1.000
-0.0199 0.0396 0.630
-0.0127 0.0396 0.624
0.0128 -0.0072 0.514
-0.0452 -0.0396 0.000
-0.0046 -0.1656 0.458
-0.0107 0.0360 0.445
-0.0398 -0.0360 0.129
-0.0047 -0.0108 0.304
-0.0065 0.2412 0.492
-0.0016 -0.0360 0.774
-0.0158 -0.0288 0.212
-0.0009 -0.0720 0.276
-0.0192 0.0072 1.000
-0.0005 -0.0900 0.331
-0.0142 -0.0324 0.710
-0.0055 -0.0828 0.366
-0.0103 -0.1872 0.249
-0.0118 0.1872 0.498
-0.0059 0.3024 0.184
-0.0072 -0.1008 0.456
-0.0203 0.0288 1.000
-0.0077 -0.0288 0.759
-0.0164 -0.0360 0.419
-0.0063 0.0684 0.250
-0.0042 -0.1152 0.452
-0.0636 0.0000 0.682
-0.0309 -0.0576 0.376
-0.0376 0.0036 0.687
-0.0132 0.0000 0.713
-0.0230 0.0108 0.126
-0.0243 0.0288 0.125
-0.0117 0.0216 0.215
-0.0048 0.3132 0.598
-0.0334 0.0288 0.045
-0.0012 0.0540 0.452
-0.0091 0.1656 0.244
-0.0082 -0.1656 0.262
-0.0384 0.0576 0.060
-0.0087 -0.0504 0.281
0.0233 0.0036 0.235
-0.0038 -0.2628 0.492
-0.0420 0.0000 0.000
-0.0217 0.0000 1.000
-0.0294 -0.0576 0.575
-0.0611 0.0036 0.648
-0.0103 -0.1800 0.783
0.0003 -0.0324 0.587
-0.0374 0.0072 0.000
-0.0056 0.1872 0.456
-0.0077 0.2412 0.239
-0.0042 0.1944 0.415
-0.0072 0.0576 0.249
-0.0051 0.2916 0.454
-0.0027 -0.1872 0.300
-0.0063 0.2124 0.395
-0.0164 0.0828 0.146
-0.0354 0.0000 0.045
-0.0143 -0.0936 0.785
-0.0300 -0.0612 0.071
-0.0058 0.1944 0.534
-0.0247 0.0396 0.709
-0.0081 -0.2052 0.411
-0.0043 0.2196 0.515
-0.0036 0.2592 0.314
-0.0072 -0.1260 0.513
-0.0127 0.0360 0.213
-0.0101 -0.0396 0.556
-0.0028 0.0396 0.488
-0.0353 -0.0036 0.686
-0.0410 -0.0108 0.000
-0.0108 0.2124 0.495
-0.0467 -0.0360 0.000
-0.0350 -0.0216 0.651
-0.0125 -0.0468 0.602
-0.0339 0.0396 0.045
-0.0055 -0.0756 0.270
-0.0144 0.0612 0.564
-0.0234 -0.0468 0.129
-0.0312 -0.0180 1.000
-0.0105 -0.1584 0.255
-0.0401 0.0540 1.000
-0.0039 -0.1368 0.534
-0.0268 -0.0432 0.102
-0.0101 -0.0828 0.173
-0.0037 0.1692 0.420
-0.0133 0.0576 0.744
-0.0108 0.0720 0.211
-0.0161 -0.0540 0.240
-0.0042 -0.2484 0.533
-0.0012 0.0576 0.304
0.0179 -0.0108 0.293
-0.0024 0.0540 0.286
-0.0077 -0.0396 0.454
-0.0460 0.0324 0.000
-0.0398 0.0540 0.682
-0.0113 0.1368 0.215
-0.0426 0.0504 0.592
-0.0145 -0.0972 0.496
-0.0181 0.0864 0.702
-0.0051 0.1440 0.473
-0.0365 -0.0072 0.024
-0.0325 0.0180 0.866
-0.0113 -0.0684 0.343
-0.0201 -0.0396 0.904
-0.0382 0.0000 0.751
-0.0035 -0.3240 0.475
-0.0294 0.0396 1.000
-0.0091 -0.0864 0.808
-0.0270 -0.0108 0.100
-0.0118 -0.1152 0.167
-0.0064 0.1440 0.546
-0.0009 0.0504 0.387
-0.0466 0.0288 0.017
-0.0108 -0.0648 0.771
-0.0174 0.0180 0.762
-0.0101 0.1584 0.560
-0.0065 -0.1512 0.545
-0.0064 0.1620 0.479
-0.0137 -0.1152 0.622
-0.0167 -0.0072 0.273
-0.0454 -0.0072 0.000
-0.0463 -0.0432 0.020
-0.0427 0.0072 0.000
-0.0039 -0.0432 0.770
-0.0042 -0.2808 0.399
-0.0037 0.2052 0.946
-0.0152 0.0648 0.602
-0.0110 0.1224 0.347
-0.0022 -0.1296 0.503
-0.0082 0.1188 0.212
-0.0058 0.2736 0.197
-0.0252 -0.0288 0.144
-0.0138 -0.0612 0.657
-0.0355 0.0720 0.058
-0.0349 0.0504 0.026
-0.0089 0.2124 0.595
-0.0147 -0.0504 0.347
-0.0060 -0.2736 0.230
-0.0068 0.0072 0.521
-0.0322 -0.0432 1.000
-0.0177 0.0000 0.679
-0.0351 0.0684 1.000
-0.0180 -0.0072 0.580
-0.0209 0.0396 0.603
-0.0043 -0.1332 0.300
0.0053 0.0036 0.949
-0.0087 -0.0144 0.368
-0.0082 -0.0828 0.159
-0.0045 0.3492 0.469
-0.0036 -0.1296 0.395
-0.0040 0.2988 0.472
-0.0353 -0.0432 0.815
-0.0111 -0.1944 0.189
-0.0191 0.0000 0.679
-0.0093 0.0720 0.889
-0.0163 0.0864 0.595
-0.0047 0.1512 0.573
-0.0326 0.0324 0.112
-0.0110 -0.0756 0.170
-0.0088 0.1944 1.000
-0.0042 0.2124 0.479
-0.0364 0.0540 0.055
-0.0074 0.2016 0.368
-0.0099 -0.1584 0.564
-0.0095 0.1440 0.573
-0.0059 -0.2808 0.385
-0.0319 -0.0324 0.082
-0.0256 0.0432 0.090
-0.0339 0.0180 0.021
-0.0405 -0.0360 0.000
-0.0090 -0.2016 0.556
-0.0452 0.0108 0.697
-0.0082 -0.0468 0.244
-0.0312 0.0612 0.109
-0.0282 -0.0396 0.102
-0.0339 0.0360 0.687
-0.0050 0.1656 0.586
-0.0059 0.1512 0.499
-0.0311 -0.0396 0.615
-0.0265 -0.0144 0.481
-0.0114 0.0288 1.000
-0.0093 0.1260 0.200
0.0176 0.0036 0.515
-0.0001 -0.0036 0.450
-0.0246 0.0720 1.000
-0.0054 -0.2376 0.379
-0.0025 0.1260 0.502
-0.0135 0.1224 0.643
-0.0362 0.0072 0.768
-0.0153 0.0396 0.239
-0.0462 0.0360 0.714
0.0466 0.0036 0.488
-0.0119 0.1764 0.349
-0.0269 0.0000 0.640
-0.0050 -0.0612 0.439
-0.0045 0.2340 0.368
-0.0516 -0.0072 0.000
-0.0090 -0.2124 0.858
-0.0269 0.0576 0.559
-0.0343 0.0504 0.055
-0.0005 -0.0144 0.312
0.0019 0.0108 0.377
-0.0226 0.0396 0.645
-0.0087 -0.1908 0.632
-0.0152 0.0972 0.605
-0.0162 0.0900 0.538
-0.0050 -0.0648 0.328
-0.0300 0.0576 0.118
0.0297 0.0072 0.701
-0.0143 -0.0288 1.000
-0.0099 -0.1512 0.161
-0.0096 -0.1044 0.301
-0.0053 0.0324 0.426
-0.0133 0.0324 0.373
-0.0146 -0.0036 0.158
-0.0395 0.0504 0.012
0.0030 0.0216 0.578
-0.0291 -0.0432 0.117
-0.0110 -0.0828 0.588
-0.0286 0.0072 0.102
0.0345 -0.0036 0.865
-0.0140 0.1188 0.168
-0.0414 0.0036 1.000
-0.0278 0.0144 0.102
-0.0370 0.0216 0.086
-0.0206 0.0180 1.000
-0.0227 -0.0360 0.702
-0.0190 -0.0828 0.141
-0.0029 0.2124 0.178
-0.0066 -0.2088 0.257
-0.0117 -0.0540 0.240
-0.0095 -0.0288 0.548
-0.0012 -0.0216 0.507
-0.0005 0.0900 0.538
-0.0186 0.0504 0.154
-0.0266 0.0324 0.106
-0.0326 0.0288 0.066
-0.0074 0.2196 0.579
-0.0111 0.0144 0.591
-0.0454 0.0468 0.014
-0.0200 -0.0324 0.582
-0.0089 -0.0900 0.211
-0.0236 -0.0432 0.750
-0.0182 -0.0576 0.586
-0.0136 0.0540 0.301
0.0275 0.0036 0.848
-0.0191 -0.0144 0.651
-0.0066 0.2304 0.369
-0.0005 -0.0324 0.473
-0.0109 -0.0324 0.318
-0.0420 -0.0324 0.032
-0.0029 0.2268 0.532
-0.0277 0.0360 0.102
-0.0053 -0.0792 0.525
-0.0059 -0.1836 0.286
-0.0289 0.0828 0.555
0.0296 -0.0036 0.862
-0.0344 0.0432 0.087
-0.0142 0.0720 0.939
-0.0172 0.0972 0.666
-0.0070 0.2304 0.980
-0.0391 0.0288 0.018
-0.0086 0.0180 0.338
-0.0045 -0.2772 0.484
-0.0360 -0.0108 0.586
-0.0125 0.0252 0.286
-0.0553 -0.0072 0.678
0.0166 0.0036 0.754
-0.0132 0.1260 0.295
-0.0136 0.0900 0.736
-0.0166 0.0648 0.750
-0.0086 -0.1692 0.192
-0.0038 0.0252 0.502
0.0301 0.0000 0.438
0.0206 0.0036 0.282
-0.0557 -0.0036 1.000
-0.0040 -0.1800 0.322
-0.0248 -0.0144 0.563
-0.0045 0.1764 0.540
0.0007 0.0180 0.314
0.0247 -0.0036 0.227
-0.0050 0.3060 0.490
-0.0254 0.0036 0.104
-0.0204 0.0504 0.576
-0.0685 -0.0036 0.622
-0.0038 -0.3024 0.488
-0.0052 -0.0324 0.437
-0.0086 -0.1404 0.836
-0.0126 0.1404 0.299
-0.0054 -0.2304 0.430
-0.0270 0.0396 0.755
-0.0034 0.1728 0.518
-0.0081 0.1404 0.752
-0.0054 -0.2952 0.530
0.0043 -0.0180 0.560
-0.0068 -0.1260 0.397
-0.0117 0.1512 0.208
0.0000 -0.0108 0.458
-0.0291 -0.0684 0.121
-0.0069 -0.0144 0.415
-0.0474 0.0000 0.713
-0.0085 0.2520 0.213
-0.0054 0.2952 0.859
-0.0025 0.1620 0.188
-0.0051 0.1872 0.518
-0.0208 0.0540 0.630
-0.0184 -0.0324 0.859
-0.0015 -0.0576 0.514
-0.0094 0.1224 0.238
-0.0376 -0.0540 0.100
-0.0065 0.0108 0.534
-0.0071 0.0864 0.251
-0.0072 -0.2232 0.200
-0.0045 0.0936 0.358
-0.0363 -0.0072 0.000
-0.0437 -0.0504 0.000
-0.0131 0.0792 0.747
-0.0270 0.0288 0.750
-0.0377 0.0000 0.005
-0.0219 0.0504 0.553
-0.0218 -0.0468 0.129
-0.0397 -0.0252 0.621
0.0302 -0.0072 0.192
0.0097 0.0036 0.372
-0.0269 0.0180 1.000
-0.0198 0.0144 0.653
-0.0028 0.1116 0.498
-0.0078 0.0540 0.481
-0.0075 -0.1620 0.273
-0.0200 -0.0504 0.633
-0.0060 0.0504 0.250
-0.0039 0.0432 0.257
-0.0131 -0.1332 0.537
-0.0112 -0.0360 0.552
-0.0108 0.0648 0.477
-0.0042 -0.2016 0.186
-0.0393 -0.0504 0.000
-0.0349 -0.0360 0.000
-0.0169 0.0720 0.645
-0.0332 -0.0216 1.000
-0.0068 -0.0396 0.550
-0.0513 0.0216 0.000
-0.0063 -0.3024 0.587
-0.0086 -0.2592 0.587
-0.0077 0.1476 0.289
-0.0104 -0.2052 0.261
-0.0072 0.1764 0.500
-0.0353 -0.0252 0.086
-0.0293 0.0576 0.085
-0.0114 0.1188 0.606
-0.0162 -0.0108 0.936
-0.0071 0.0612 0.205
-0.0054 0.2448 0.234
-0.0040 0.0180 0.530
-0.0051 0.2556 0.309
-0.0042 -0.0252 0.412
-0.0148 0.0000 0.947
-0.0094 0.0036 0.179
-0.0033 -0.2340 0.525
-0.0098 0.1008 0.395
-0.0379 -0.0396 0.855
0.0260 0.0108 0.762
-0.0052 0.2556 0.242
-0.0108 -0.0072 0.624
-0.0602 0.0036 1.000
-0.0144 -0.0684 0.140
-0.0463 0.0144 0.005
-0.0050 0.1800 0.309
-0.0292 0.0756 0.615
-0.0453 0.0072 0.000
-0.0245 -0.0432 0.128
-0.0434 -0.0252 0.643
-0.0300 0.0000 0.098
-0.0079 0.0684 0.197
-0.0074 0.1548 0.308
-0.0169 -0.0972 0.161
0.0178 0.0144 0.546
-0.0129 0.1008 0.444
-0.0356 -0.0144 1.000
-0.0024 -0.2304 0.487
-0.0367 -0.0468 0.068
-0.0065 -0.0288 0.550
-0.0353 0.0432 0.076
-0.0005 0.0756 0.502
-0.0099 -0.1188 0.557
0.0010 0.0360 0.526
-0.0256 0.0648 0.104
-0.0028 -0.1548 0.496
-0.0076 -0.0648 0.555
-0.0054 0.1584 0.450
-0.0054 0.1476 0.835
-0.0065 -0.2880 0.285
-0.0078 -0.0180 0.407
-0.0141 0.0468 0.552
-0.0001 -0.0288 0.448
-0.0312 -0.0468 0.856
-0.0131 0.0036 0.162
-0.0410 -0.0576 0.000
-0.0072 -0.1296 0.232
-0.0078 -0.0108 0.403
-0.0085 -0.0900 0.299
-0.0051 -0.2556 0.453
0.0106 0.0000 0.403
-0.0039 -0.1728 0.526
-0.0625 0.0036 0.670
-0.0161 -0.0216 0.955
-0.0404 0.0324 0.000
-0.0019 0.1368 0.419
-0.0416 -0.0216 0.661
-0.0114 -0.1512 0.594
-0.0073 0.2160 0.232
-0.0095 0.0864 0.312
0.0120 0.0072 0.242
-0.0104 0.1980 0.365
-0.0160 0.0324 0.135
-0.0320 0.0216 0.672
-0.0096 0.0108 0.458
-0.0075 0.1152 0.213
-0.0365 0.0288 0.071
0.0268 -0.0072 0.206
-0.0035 0.0108 0.507
-0.0153 0.0432 0.921
-0.0211 0.0540 0.679
-0.0307 -0.0108 0.656
-0.0506 0.0036 0.000
-0.0147 0.0072 1.000
-0.0057 -0.3060 0.462
-0.0403 -0.0144 0.670
-0.0042 0.0468 0.490
-0.0051 0.0864 0.347
-0.0052 -0.0576 0.556
-0.0064 -0.1080 0.407
-0.0074 -0.2196 0.351
0.0106 0.0036 0.559
-0.0067 -0.0432 0.453
-0.0095 -0.0216 0.518
-0.0042 -0.1764 0.502
-0.0083 -0.1368 0.494
-0.0422 -0.0504 0.000
-0.0045 -0.1836 0.323
-0.0002 -0.0504 0.533
-0.0017 0.0360 0.266
-0.0152 -0.0396 0.713
-0.0398 -0.0216 0.035
-0.0439 0.0180 0.049
-0.0364 0.0108 1.000
-0.0076 0.1980 0.331
-0.0240 -0.0252 0.595
-0.0108 0.1044 0.510
-0.0334 0.0072 0.076
-0.0259 0.0504 0.559
-0.0042 0.2376 0.457
-0.0012 -0.0180 0.404
-0.0098 -0.1836 0.391
-0.0006 0.0072 0.487
-0.0108 0.1296 0.165
-0.0157 0.0432 0.617
-0.0194 -0.0072 0.353
-0.0230 0.0360 0.545
-0.0388 -0.0648 1.000
-0.0126 0.0828 0.161
0.0015 -0.0072 0.468
-0.0061 0.1980 0.337
-0.0168 -0.0504 0.755
-0.0125 -0.0756 0.855
-0.0053 -0.0900 0.433
-0.0071 0.2484 0.404
-0.0041 0.2268 0.465
-0.0041 0.1044 0.480
-0.0171 -0.0468 0.460
-0.0147 0.0252 0.777
-0.0027 0.0648 0.503
-0.0386 -0.0144 0.000
-0.0395 0.0072 0.029
-0.0024 0.1980 0.410
-0.0121 -0.0936 0.379
0.0241 -0.0072 0.806
-0.0576 0.0000 0.904
-0.0081 -0.1224 0.851
-0.0658 0.0000 0.988
-0.0844 0.0036 0.693
-0.0177 -0.0396 0.387
-0.0259 0.0252 0.112
-0.0096 -0.0108 0.621
-0.0389 -0.0396 0.909
-0.0040 -0.0900 0.395
-0.0189 0.0540 0.136
-0.0126 -0.0396 0.327
-0.0024 -0.2088 0.456
-0.0027 0.1764 0.355
-0.0016 -0.0648 0.309
-0.0268 -0.0252 0.097
-0.0102 0.1548 0.342
-0.0117 -0.2088 0.598
0.0012 0.0036 0.446
-0.0047 0.1980 0.815
-0.0031 -0.0036 0.602
-0.0237 0.0540 0.653
0.0011 0.0108 0.445
-0.0147 0.0936 0.224
-0.0343 -0.0036 0.070
-0.0043 0.3528 0.472
-0.0078 0.0936 0.406
-0.0338 -0.0468 0.660
-0.0089 0.1332 0.369
-0.0036 0.1404 0.426
-0.0039 0.3420 0.304
-0.0047 -0.0216 0.381
-0.0034 -0.1476 0.495
-0.0487 -0.0036 0.000
-0.0177 -0.0504 0.970
-0.0123 0.0684 0.647
-0.0077 -0.1116 0.366
-0.0110 -0.0180 0.591
-0.0362 -0.0504 0.000
0.0062 -0.0108 0.496
-0.0276 -0.0360 0.091
-0.0422 -0.0252 0.000
0.0071 0.0036 0.319
-0.0207 -0.0216 0.569
-0.0314 0.0648 0.594
-0.0046 0.0072 0.472
-0.0113 0.1332 0.643
-0.0137 -0.0540 0.167
-0.0071 -0.2484 0.597
-0.0108 0.1404 0.592
-0.0140 0.1116 0.295
-0.0337 0.0036 0.065
-0.0060 0.2016 0.362
-0.0061 0.1728 0.412
-0.0305 0.0540 1.000
-0.0028 0.0072 0.510
-0.0384 -0.0288 0.003
-0.0387 0.0324 0.919
-0.0297 0.0144 0.086
-0.0051 0.3204 0.480
-0.0615 -0.0036 0.985
-0.0404 -0.0684 1.000
-0.0080 -0.2304 0.247
-0.0060 -0.2556 0.548
-0.0155 -0.0828 0.672
-0.0033 -0.0324 0.506
-0.0034 0.0864 0.496
-0.0056 -0.2160 0.445
-0.0421 -0.0360 0.000
-0.0039 0.3240 0.403
-0.0061 0.0900 0.355
-0.0075 0.0648 0.469
-0.0081 0.2268 0.492
-0.0759 0.0000 0.647
-0.0173 0.0756 0.713
-0.0320 -0.0612 1.000
-0.0142 0.0792 0.641
-0.0372 -0.0288 0.043
-0.0124 -0.0792 0.161
-0.0089 0.1620 0.594
-0.0585 0.0036 0.905
-0.0045 0.3564 0.406
-0.0093 0.0468 0.480
-0.0098 0.0432 0.561
-0.0446 -0.0108 0.059
-0.0354 0.0252 0.630
-0.0345 0.0000 0.081
-0.0086 -0.0720 0.392
-0.0047 0.0972 0.461
-0.0061 -0.1476 0.332
-0.0074 -0.1872 0.597
-0.0162 0.0072 0.637
-0.0093 -0.1764 0.827
0.0215 -0.0036 0.809
-0.0084 0.1044 0.567
-0.0098 0.2016 0.174
-0.0065 -0.1620 0.350
-0.0039 -0.3528 0.374
-0.0044 0.3168 0.521
-0.0245 -0.0036 0.098
0.0004 -0.0216 0.426
-0.0145 -0.1008 0.615
-0.0438 0.0288 0.015
-0.0084 0.1260 0.563
-0.0033 0.2196 0.500
-0.0314 -0.0180 0.048
-0.0034 0.1296 0.484
-0.0582 -0.0036 0.564
-0.0173 0.0360 0.638
-0.0031 -0.1188 0.416
-0.0256 0.0576 0.638
-0.0335 0.0468 0.572
-0.0066 -0.0504 0.951
-0.0294 -0.0108 0.628
-0.0359 0.0180 0.862
-0.0090 0.1188 0.586
-0.0053 -0.1152 0.439
-0.0041 0.0828 0.377
-0.0076 -0.0756 0.238
-0.0086 -0.0252 0.243
-0.0080 0.1908 0.591
-0.0105 -0.1260 0.213
-0.0062 0.0216 0.552
-0.0058 -0.1440 0.361
-0.0259 -0.0648 0.273
-0.0116 -0.0468 0.322
-0.0157 0.1008 0.445
-0.0452 -0.0144 0.020
-0.0046 -0.1980 0.475
-0.0391 -0.0324 1.000
-0.0255 0.0684 0.121
-0.0116 0.1476 0.552
-0.0340 0.0108 0.049
-0.0275 -0.0072 0.833
-0.0068 -0.0108 0.330
0.0021 0.0000 0.426
-0.0114 -0.1332 0.628
-0.0174 -0.0144 0.221
-0.0069 -0.1296 0.397
-0.0218 -0.0108 0.644
-0.0181 -0.0252 0.717
-0.0087 -0.0612 0.456
-0.0337 0.0540 1.000
-0.0100 0.1800 0.263
-0.0168 -0.0648 0.657
-0.0036 0.0612 0.434
-0.0180 -0.0684 0.638
-0.0101 -0.1692 0.309
-0.0303 -0.0288 0.077
-0.0235 0.0180 0.634
-0.0138 0.1080 0.638
-0.0119 0.1692 0.346
-0.0043 0.0000 0.453
-0.0071 -0.2016 0.234
-0.0065 -0.0036 0.504
-0.0048 -0.2592 0.507
-0.0132 0.0648 0.314
-0.1135 0.0000 0.648
-0.0063 -0.1224 0.541
-0.0045 0.0792 0.510
-0.0072 0.1116 0.439
-0.0074 0.2340 0.536
-0.0169 0.0504 0.630
-0.0401 0.0288 1.000
-0.0447 0.0396 0.000
-0.0030 0.1404 0.407
-0.0705 -0.0036 0.735
-0.0402 0.0648 0.000
-0.0167 -0.1008 0.314
-0.0317 0.0540 0.075
-0.0171 -0.0396 0.182
-0.0051 -0.3312 0.464
-0.0079 -0.2376 0.425
-0.0069 -0.2340 0.277
-0.0001 -0.0072 0.556
0.0153 -0.0072 0.611
-0.0068 0.0648 1.000
-0.0254 0.0324 0.113
-0.0056 0.1692 0.537
-0.0408 0.0360 0.852
-0.0404 0.0216 0.056
-0.0032 -0.2196 0.529
-0.0051 0.0216 0.254
-0.0089 0.1728 0.136
-0.0082 0.0108 0.747
-0.0109 -0.1620 0.510
-0.0039 -0.0756 0.467
-0.0450 -0.0432 0.000
-0.0257 0.0360 1.000
-0.0213 0.0360 0.137
-0.0058 0.0288 0.472
-0.0179 0.0324 0.563
-0.0308 0.0252 0.117
-0.0131 -0.0972 0.133
-0.0185 -0.0864 0.138
-0.0192 0.0360 0.633
-0.0097 0.1836 0.296
-0.0125 -0.0072 0.603
-0.0287 0.0108 0.660
0.0236 -0.0036 0.272
-0.0226 -0.0072 0.132
-0.0014 -0.0864 0.477
-0.0069 0.0936 0.571
-0.0105 0.2052 0.286
-0.0042 0.3312 0.533
0.0000 0.0252 0.477
-0.0043 0.2412 0.444
-0.0381 0.0360 0.000
-0.0210 0.0468 0.672
0.0036 -0.0144 0.173
-0.0143 0.0504 0.184
-0.0381 -0.0468 0.031
-0.0428 0.0540 0.000
0.0032 0.0180 0.319
-0.0071 0.1728 0.243
-0.0327 -0.0396 1.000
0.0020 0.0036 0.437
-0.0025 -0.0360 0.301
-0.0031 0.1512 0.384
-0.0214 0.0036 1.000
-0.0190 0.0288 0.141
-0.0002 -0.0756 0.435
-0.0375 -0.0684 1.000
0.0003 0.0000 0.450
-0.0030 0.2304 0.488
-0.0066 0.1116 0.580
-0.0124 0.0720 0.262
-0.0400 -0.0288 0.000
-0.0133 -0.1188 0.153
-0.0264 -0.0036 1.000
-0.0054 -0.1980 0.232
-0.0077 -0.0576 0.594
-0.0027 -0.1800 0.444
-0.0139 -0.1116 0.613
-0.0521 -0.0072 0.000
-0.0052 -0.1800 0.364
-0.0158 0.0684 0.155
-0.0037 -0.0864 0.458
-0.0062 0.2808 0.411
-0.0395 0.0684 0.017
-0.0313 0.0576 1.000
-0.0117 0.1440 0.666
-0.0323 -0.0216 0.071
-0.0140 -0.0252 0.634
-0.0043 -0.3420 0.448
-0.0326 0.0684 0.086
-0.0104 0.1260 0.161
-0.0461 0.0000 0.000
-0.0312 0.0000 0.102
-0.0412 0.0108 0.041
-0.0050 -0.1548 0.411
-0.0153 -0.1080 0.247
-0.0273 0.0216 0.125
-0.0060 -0.2052 0.402
-0.0223 -0.0576 0.747
-0.0326 0.0432 1.000
-0.0132 -0.0648 0.165
0.0443 0.0000 0.473
-0.0369 -0.0036 0.000
-0.0070 0.1872 0.391
-0.0349 0.0396 1.000
-0.0355 0.0576 0.058
-0.0311 0.0180 0.062
-0.0040 0.2628 0.253
-0.0185 0.0252 0.141
-0.0051 -0.1260 0.159
-0.0249 -0.0720 1.000
-0.0251 0.0180 1.000
-0.0354 -0.0324 0.921
-0.0154 0.0288 0.636
-0.0058 -0.1944 0.345
0.0291 -0.0036 0.439
-0.0073 -0.0864 0.186
-0.0028 -0.0828 0.521
-0.0223 -0.0252 0.102
-0.0025 -0.1692 0.316
-0.0370 0.0180 0.988
-0.0127 -0.0504 0.485
-0.0086 0.0000 0.479
-0.0251 0.0072 0.120
-0.0057 0.1224 0.454
-0.0224 -0.0504 1.000
-0.0069 -0.1728 0.537
-0.0220 -0.0072 0.785
-0.0127 -0.0144 0.737
-0.0160 0.0576 0.226
0.0149 0.0036 0.186
0.0061 0.0144 0.758
-0.0031 0.1332 0.407
-0.0050 0.0288 0.458
-0.0102 -0.0468 0.328
-0.0334 -0.0144 0.005
-0.0167 0.0180 0.778
-0.0324 0.0036 0.090
-0.0085 -0.0612 0.620
-0.0370 -0.0180 0.005
-0.0058 0.0720 0.503
-0.0403 0.0612 0.668
-0.0065 0.1548 0.234
-0.0317 0.0108 0.079
-0.0046 0.1296 0.530
-0.0153 0.0180 0.586
-0.0025 0.0972 0.477
-0.0041 -0.2880 0.487
-0.0296 0.0288 1.000
-0.0056 0.2988 0.525
0.0333 0.0036 0.793
-0.0108 0.0396 0.182
-0.0059 -0.2448 0.479
-0.0288 0.0684 0.120
0.0165 -0.0036 0.410
-0.0043 -0.0504 0.472
-0.0438 0.0216 1.000
-0.0191 0.0576 0.147
-0.0124 0.0072 0.397
-0.0157 -0.0252 0.678
-0.0306 0.0036 0.087
-0.0297 -0.0036 0.125
-0.0040 -0.0576 0.462
-0.0413 -0.0612 0.000
-0.0103 0.0900 0.165
-0.0186 0.0216 1.000
-0.0042 0.0540 0.507
-0.0044 -0.1908 0.458
-0.0130 -0.0720 0.605
-0.0065 -0.2700 0.412
-0.0147 0.0828 0.601
-0.0203 -0.0036 0.923
-0.0034 -0.0612 0.513
-0.0082 -0.2340 0.202
-0.0067 0.0792 0.544
-0.0036 -0.3456 0.806
-0.0546 0.0000 0.001
-0.0204 -0.0468 0.984
-0.0124 0.0288 0.318
-0.0397 0.0216 1.000
-0.0200 -0.0540 0.155
-0.0143 -0.0468 0.613
-0.0272 -0.0540 0.133
-0.0380 -0.0504 0.863
0.0194 -0.0036 0.768
-0.0034 -0.0432 0.250
-0.0523 0.0036 0.751
-0.0050 -0.2232 0.988
-0.0151 0.0216 0.358
-0.0140 0.1152 0.701
-0.0057 -0.0540 0.525
-0.0025 -0.0972 0.519
-0.0171 0.0108 0.526
-0.0082 0.0036 0.618
-0.0304 0.0612 0.066
-0.0017 -0.0468 0.295
-0.0283 0.0360 0.106
-0.0095 0.0972 0.587
-0.0128 0.1296 0.905
-0.0277 -0.0144 0.579
-0.0034 0.1944 0.488
-0.0447 -0.0144 1.000
-0.0389 0.0180 0.000
-0.0135 0.0972 0.637
-0.0333 -0.0612 0.044
-0.0390 -0.0180 0.000
-0.0394 -0.0108 0.088
-0.0153 0.0108 0.777
-0.0045 -0.3132 0.530
0.0059 -0.0072 0.605
-0.0043 -0.0144 0.529
-0.0121 -0.1260 0.206
-0.0396 0.0036 0.000
-0.0032 -0.1980 0.437
-0.0232 0.0324 1.000
-0.0091 0.1476 0.599
-0.0037 -0.1008 0.379
-0.0125 -0.0900 0.549
-0.0191 0.0036 1.000
-0.0117 0.1800 0.369
-0.0348 -0.0684 1.000
-0.0237 -0.0504 0.628
-0.0086 0.0072 0.414
-0.0200 0.0108 0.141
-0.0051 -0.1440 0.480
-0.0080 -0.1908 0.217
-0.0081 -0.1152 0.192
-0.0053 0.0864 0.518
-0.0062 -0.2196 0.208
-0.0375 -0.0648 0.126
-0.0080 0.0972 0.553
-0.0084 0.2124 0.565
-0.0260 0.0000 0.806
-0.0172 0.0144 0.699
-0.0281 -0.0360 0.556
-0.0125 0.0432 0.881
-0.0047 -0.2160 0.280
-0.0092 0.1872 0.583
0.0022 -0.0144 0.488
-0.0267 0.0252 0.110
-0.0518 0.0000 0.003
-0.0077 -0.1980 0.579
-0.0075 0.0144 0.613
-0.0097 -0.1656 0.200
-0.0175 -0.0432 1.000
-0.0100 0.0288 0.575
-0.0110 0.1548 0.571
-0.0132 0.0756 0.300
-0.0090 0.1152 0.299
-0.0041 -0.1584 0.380
-0.0067 0.1908 0.391
-0.0463 0.0396 0.000
-0.0022 -0.1656 0.471
-0.0482 0.0180 0.630
0.0002 0.0216 0.403
-0.0469 0.0216 0.582
-0.0446 0.0360 0.000
-0.0031 0.0720 0.448
-0.0059 -0.0252 0.196
-0.0099 -0.1404 0.273
-0.0438 0.0072 0.035
-0.0111 -0.0288 0.224
-0.0130 -0.0828 0.246
-0.0047 -0.0972 0.446
-0.0394 -0.0072 0.005
-0.0609 0.0072 0.755
-0.0176 0.0576 0.641
0.0051 -0.0072 0.295
-0.0126 0.0504 0.488
-0.0432 -0.0396 0.000
-0.0036 -0.2196 0.500
-0.0013 -0.0432 0.542
-0.0078 0.2700 0.193
-0.0024 -0.1368 0.361
-0.0535 -0.0180 0.000
-0.0295 -0.0252 1.000
-0.0106 0.0108 0.366
0.0004 -0.0036 0.393
0.0309 0.0108 0.193
-0.0279 0.0288 0.100
-0.0062 0.2700 0.568
0.0146 0.0072 0.625
-0.0055 -0.2016 0.299
-0.0464 -0.0216 0.018
-0.0225 0.0216 0.729
-0.0070 0.1368 0.485
-0.0038 0.3456 0.431
-0.0086 0.0720 0.622
0.0002 0.0324 0.258
-0.0151 0.0144 0.166
-0.0323 0.0252 0.030
-0.0206 -0.0288 0.649
-0.0011 0.0612 0.513
-0.0063 -0.2772 0.422
-0.0373 -0.0360 0.029
-0.0393 0.0108 0.000
-0.0435 -0.0360 0.850
-0.0396 0.0252 1.000
-0.0220 0.0324 0.694
-0.0109 0.1152 0.580
-0.0236 0.0036 0.135
-0.0121 -0.1728 0.473
-0.0017 0.1836 0.454
-0.0338 -0.0576 0.079
-0.0083 -0.2628 0.212
-0.0599 0.0000 0.774
-0.0314 0.0504 0.133
-0.0302 -0.0360 0.010
-0.0177 -0.0360 0.605
-0.0643 0.0036 0.609
-0.0033 0.1692 0.223
-0.0317 -0.0072 0.052
-0.0210 -0.0324 0.500
-0.0259 0.0144 0.567
-0.0024 0.0612 0.392
-0.0091 0.0072 0.365
-0.0142 0.0360 0.277
-0.0106 -0.1008 0.296
-0.0271 -0.0504 0.797
-0.0061 -0.1404 0.583
-0.0226 0.0072 0.131
-0.0305 0.0432 0.622
-0.0346 0.0324 1.000
-0.0018 0.1656 0.461
-0.0037 -0.2988 0.326
-0.0451 -0.0468 0.000
-0.0395 0.0720 0.024
-0.0263 -0.0324 0.649
-0.0216 -0.0396 1.000
-0.0136 -0.0180 0.202
-0.0123 0.1188 0.230
-0.0222 0.0072 0.653
0.0139 0.0000 0.863
-0.0057 0.2484 0.473
-0.0037 -0.1044 0.530
-0.0038 0.2772 0.498
-0.0071 0.1836 0.426
-0.0057 -0.0072 0.400
-0.0036 0.0036 0.456
-0.0109 -0.0216 0.586
-0.0070 0.1332 0.555
-0.0100 -0.0252 0.513
-0.0097 0.0540 0.496
-0.0418 -0.0072 0.000
-0.0157 0.0540 0.973
-0.0232 -0.0288 1.000
-0.0004 0.0360 0.485
-0.0080 -0.2448 0.376
0.0336 0.0072 0.191
-0.0056 0.2160 0.383
-0.0039 -0.0180 0.498
-0.0009 0.0180 0.270
-0.0305 0.0360 0.067
-0.0249 -0.0252 0.618
-0.0035 0.0828 0.444
-0.0062 0.2520 0.444
0.0245 -0.0072 0.207
-0.0324 -0.0648 0.075
-0.0442 0.0144 0.000
-0.0034 -0.2268 0.423
0.0242 0.0000 0.292
-0.0106 0.2088 0.312
0.0022 -0.0108 0.365
-0.0300 0.0072 0.657
-0.0088 0.0144 0.350
-0.0756 0.0036 0.676
-0.0108 0.0972 0.318
-0.0030 0.2052 0.561
-0.0529 0.0072 0.991
-0.0091 0.0684 0.446
-0.0063 0.2664 0.559
-0.0193 0.0252 0.939
-0.0016 0.0324 0.851
-0.0315 -0.0504 0.091
-0.0040 0.1116 0.977
-0.0119 -0.1836 0.161
-0.0412 -0.0180 0.000
-0.0193 -0.0252 0.569
-0.0272 0.0432 0.055
-0.0049 -0.1224 0.384
-0.0108 -0.1296 0.507
-0.0051 0.2808 0.454
-0.0330 -0.0432 0.121
0.0042 0.0144 0.462
-0.0291 -0.0216 0.575
-0.0436 0.0432 0.000
-0.0159 -0.0792 1.000
-0.0117 0.1980 0.504
-0.0068 -0.0648 0.553
-0.0532 -0.0036 0.000
-0.0133 0.1044 0.774
-0.0219 -0.0144 0.664
-0.0048 -0.1404 0.345
-0.0402 0.0684 0.000
-0.0228 -0.0540 0.118
-0.0379 0.0684 0.017
-0.0267 0.0612 0.132
-0.0090 0.0396 0.276
-0.0063 0.2088 0.369
-0.0117 0.0864 0.689
-0.0088 0.0360 0.406
-0.0105 -0.0720 0.452
-0.0490 0.0000 0.676
-0.0524 0.0000 0.000
0.0022 -0.0036 0.415
-0.0509 -0.0144 0.011
-0.0078 -0.1476 0.259
-0.0534 -0.0108 0.028
0.0185 -0.0072 0.202
-0.0271 -0.0180 0.679
-0.0035 -0.0396 0.480
-0.0106 -0.1548 0.335
-0.0102 0.0576 0.216
-0.0151 0.0036 0.278
-0.0461 -0.0108 0.611
-0.0539 0.0036 1.000
-0.0053 0.2340 0.435
-0.0050 0.2448 0.526
-0.0361 -0.0648 0.124
-0.0044 -0.0936 0.402
-0.0012 0.0720 0.312
-0.0346 -0.0396 0.089
-0.0035 -0.0864 0.503
-0.0283 -0.0324 1.000
-0.0399 -0.0540 0.000
0.0025 0.0072 0.448
-0.0079 0.1692 0.255
-0.0390 0.0612 0.549
0.0016 -0.0396 0.395
-0.0284 0.0792 0.932
-0.0049 -0.2952 0.357
-0.0037 0.0324 0.534
-0.0281 -0.0180 0.829
-0.0078 -0.0792 0.471
-0.0150 -0.1152 0.953
-0.0119 0.0612 0.166
-0.0309 -0.0324 0.943
-0.0100 0.1296 0.331
0.0069 -0.0036 1.000
-0.0069 0.1836 0.915
-0.0086 -0.1800 0.389
-0.0033 0.0216 0.318
-0.0108 0.2016 0.457
-0.0050 -0.0072 0.334
-0.0212 0.0180 0.652
-0.0345 0.0612 0.046
-0.0033 0.0252 0.420
-0.0008 0.0648 0.444
-0.0450 -0.0072 0.760
-0.0118 -0.1188 0.526
-0.0793 0.0000 1.000
-0.0239 -0.0144 1.000
-0.0232 -0.0036 0.649
-0.0095 -0.0720 0.559
-0.0372 -0.0252 0.003
-0.0392 0.0144 0.100
-0.0243 -0.0576 0.833
-0.0694 0.0000 0.666
-0.0030 0.1872 0.327
-0.0397 0.0648 1.000
-0.0039 0.1908 0.370
0.0045 0.0072 0.521
-0.0186 0.0072 1.000
0.0323 0.0000 0.446
-0.0074 -0.2088 0.425
-0.0043 -0.1944 0.465
-0.0262 -0.0576 0.129
-0.0040 -0.2700 0.383
-0.0267 -0.0396 0.345
-0.0274 0.0504 0.638
0.0598 0.0000 0.511
-0.0040 -0.3276 0.500
-0.0108 0.0936 0.435
-0.0273 -0.0612 0.096
-0.0047 -0.2520 0.488
-0.0481 -0.0180 0.000
-0.0083 0.2052 0.698
-0.0067 -0.0360 0.323
0.0218 0.0000 0.739
-0.0170 -0.0756 0.150
0.0104 0.0108 0.908
-0.0062 0.0576 0.564
-0.0352 -0.0396 0.000
-0.0126 0.0216 0.388
0.0054 -0.0144 0.262
-0.0289 0.0000 0.615
0.0190 0.0000 0.909
-0.0463 -0.0288 0.000
-0.0179 -0.0468 0.698
-0.0069 -0.0864 0.446
-0.0430 -0.0216 0.000
-0.0284 -0.0612 0.101
-0.0148 -0.0360 0.155
-0.0424 0.0144 0.000
0.0083 0.0000 0.569
-0.0045 -0.2916 0.483
-0.0023 0.0756 0.515
-0.0028 -0.0144 0.411
-0.0394 0.0360 0.024
-0.0280 0.0612 0.641
-0.0441 0.0504 0.000
-0.0209 -0.0288 1.000
-0.0024 -0.0576 0.361
-0.0067 0.2052 0.572
-0.0131 -0.1080 0.676
-0.0064 0.1368 0.560
-0.0363 0.0468 0.001
-0.0242 0.0432 0.671
-0.0108 -0.1224 0.460
-0.0147 -0.0720 0.626
-0.0226 -0.0108 0.475
-0.0033 0.0288 0.564
-0.0097 -0.0504 0.277
-0.0055 -0.2232 0.194
-0.0059 -0.1692 0.358
-0.0158 0.0936 0.714
-0.0059 -0.1116 0.289
-0.0037 0.0504 0.406
-0.0168 -0.0936 0.592
-0.0032 0.1224 0.958
-0.0007 0.0792 0.452
0.0232 0.0108 0.299
-0.0010 -0.0936 0.764
-0.0189 0.0432 0.647
-0.0302 -0.0468 0.890
-0.0049 0.2952 0.542
-0.0378 -0.0216 0.001
0.0049 0.0108 0.446
-0.0464 0.0036 0.065
-0.0043 -0.0288 0.774
-0.0042 -0.1872 0.530
-0.0450 -0.0396 0.000
-0.0470 0.0144 0.657
-0.0018 -0.1512 0.448
-0.0235 0.0504 0.530
-0.0238 -0.0180 0.133
-0.0353 0.0360 0.097
-0.0045 0.2700 0.316
-0.0259 -0.0468 0.739
-0.0095 0.0936 0.492
-0.0149 0.1080 0.167
-0.0268 0.0108 0.096
-0.0160 0.0252 0.140
-0.0462 -0.0180 0.000
-0.0399 -0.0504 0.921
-0.0028 -0.1260 0.530
-0.0174 -0.0036 0.611
-0.0036 -0.2412 0.513
-0.0062 -0.2664 0.365
-0.0367 -0.0576 0.878
-0.0171 0.0792 0.611
-0.0674 0.0000 1.000
-0.0234 0.0144 0.679
-0.0034 -0.1620 0.523
-0.0465 0.0216 0.739
-0.0175 -0.0648 0.148
-0.0027 0.0180 0.507
-0.0442 -0.0216 1.000
-0.0157 -0.0036 0.273
0.0249 0.0036 0.244
-0.0141 -0.0756 0.764
0.0421 0.0000 0.481
-0.0028 0.1440 0.425
-0.0065 -0.1368 0.545
-0.0094 0.0216 0.354
-0.0145 0.1008 0.513
-0.0087 -0.1116 0.332
-0.0066 -0.2916 0.506
-0.0035 0.2088 0.499
-0.0040 0.0108 0.460
-0.0543 0.0072 0.777
-0.0022 0.0144 0.175
-0.0057 0.0612 0.468
-0.0436 -0.0180 0.000
-0.0026 -0.1116 0.400
-0.0372 0.0504 0.100
-0.0036 0.0576 0.266
0.0186 -0.0036 0.174
-0.0519 0.0144 0.000
0.0049 -0.0108 0.840
-0.0095 0.1404 0.545
-0.0411 0.0000 0.000
-0.0175 0.0468 0.617
-0.0381 -0.0108 0.021
-0.0051 0.0684 0.397
-0.0335 0.0576 0.089
-0.0027 0.0324 0.464
-0.0087 -0.0324 0.178
-0.0112 0.0900 0.215
-0.0019 0.1584 0.320
0.0036 -0.0036 0.754
-0.0435 0.0468 0.000
-0.0006 -0.0828 0.301
-0.0181 -0.0180 0.633
-0.0025 -0.1044 0.368
-0.0243 0.0216 0.793
0.0121 0.0000 0.305
-0.0038 -0.2124 0.438
-0.0190 -0.0720 0.152
-0.0105 -0.2124 0.250
-0.0050 -0.0720 0.364
-0.0110 -0.2016 0.481
-0.0077 -0.2412 0.364
-0.0834 0.0000 1.000
-0.0155 0.0864 0.602
-0.0297 -0.0432 0.121
-0.0103 -0.2088 0.518
-0.0048 -0.2340 0.532
-0.0045 -0.1620 0.496
-0.0039 -0.0792 0.433
-0.0056 0.1764 0.481
-0.0186 -0.0792 0.691
-0.0078 0.1620 0.564
-0.0082 -0.0684 0.322
-0.0042 0.1836 0.484
-0.0096 0.1080 0.587
-0.0220 -0.0360 0.981
0.0354 0.0000 0.843
0.0234 0.0072 0.465
-0.0028 -0.1836 0.488
-0.0428 0.0360 0.648
-0.0285 -0.0468 0.666
-0.0077 -0.0144 0.556
-0.0047 -0.1692 0.545
-0.0455 0.0432 0.000
-0.0034 0.0468 0.560
-0.0013 0.0000 0.402
-0.0185 0.0036 0.518
-0.0193 -0.0360 1.000
-0.0473 -0.0108 0.015
-0.0024 -0.2052 0.485
-0.0280 0.0468 1.000
-0.0430 -0.0036 0.004
0.0331 0.0000 0.182
-0.0081 -0.2160 0.559
-0.0280 -0.0504 0.114
-0.0062 0.2268 0.545
-0.0531 0.0144 0.000
-0.0123 -0.0576 0.291
-0.0052 -0.1476 0.537
-0.0383 -0.0684 0.033
-0.0166 -0.0684 0.284
-0.0087 -0.1080 0.289
-0.0278 -0.0540 0.739
-0.0415 0.0396 0.703
-0.0138 -0.0036 0.724
-0.0060 -0.2268 0.402
-0.0026 0.2340 0.416
-0.0132 -0.0324 0.293
-0.0004 0.0864 0.491
-0.0021 -0.1008 0.347
-0.0052 -0.2088 0.477
-0.0050 -0.3096 0.475
-0.0057 -0.0684 0.257
-0.0937 0.0000 0.625
-0.0056 -0.0216 0.545
-0.0367 0.0144 0.104
-0.0028 0.0684 0.392
-0.0183 0.0720 1.000
-0.0066 -0.1008 0.280
-0.0017 0.0036 0.400
-0.0009 0.0468 0.388
-0.0256 -0.0180 0.105
-0.0305 0.0396 0.708
-0.0327 -0.0252 0.680
-0.0116 -0.1404 0.244
-0.0177 0.0396 0.140
-0.0413 0.0468 0.010
-0.0032 0.1080 0.368
-0.0402 0.0432 0.590
-0.0029 0.0000 0.488
-0.0034 -0.1332 0.469
-0.0084 -0.1836 0.408
-0.0095 -0.0936 0.175
-0.0138 -0.1044 0.161
-0.0061 0.2376 0.564
-0.0279 -0.0756 0.578
-0.0077 0.1440 0.561
-0.0036 0.0144 0.383
-0.0054 0.0036 0.456
0.0303 0.0036 0.812
-0.0019 0.1188 0.400
-0.0214 0.0288 0.648
-0.0396 0.0432 0.097
-0.0133 -0.0360 0.597
-0.0022 -0.0540 0.525
-0.0205 -0.0432 0.555
-0.0469 -0.0144 0.000
-0.0162 -0.0432 1.000
0.0070 0.0072 0.630
-0.0087 0.1512 0.163
-0.0189 0.0648 1.000
-0.0073 0.0468 0.190
-0.0105 -0.0576 0.537
-0.0106 0.0180 0.660
-0.0096 -0.0576 0.588
-0.0095 0.1764 0.540
-0.0031 -0.1764 0.448
0.0267 0.0000 0.852
-0.0217 -0.0432 0.525
-0.0318 -0.0360 0.062
-0.0420 0.0180 0.000
-0.0160 0.0036 0.805
-0.0074 0.1080 0.571
-0.0007 -0.0684 0.374
-0.0267 0.0036 0.724
-0.0054 -0.0936 0.330
-0.0122 -0.1404 0.873
-0.0154 0.0900 0.633
-0.0043 0.2088 0.525
-0.0105 0.0504 0.519
-0.0069 0.0756 0.242
-0.0084 -0.1188 0.219
-0.0037 0.3384 0.422
-0.0384 0.0468 0.089
-0.0134 -0.0252 0.840
-0.0048 -0.3168 0.456
-0.0170 0.0396 0.578
-0.0083 0.2628 0.190
-0.0107 0.0684 0.201
-0.0124 -0.0216 0.743
-0.0140 0.0684 0.324
-0.0397 -0.0576 0.077
0.0100 -0.0072 0.322
-0.0073 0.1512 0.323
0.0168 0.0000 0.322
-0.0607 0.0000 0.783
-0.0083 -0.0072 0.354
-0.0109 -0.0396 0.695
-0.0083 -0.1044 0.198
-0.0048 0.2232 0.337
-0.0361 0.0324 1.000
-0.0433 0.0324 0.000
-0.0035 0.1224 0.292
-0.0113 0.1908 0.322
-0.0044 0.0720 0.517
-0.0068 -0.2484 0.815
-0.0083 0.2664 0.395
-0.0161 -0.0720 0.150
-0.0223 -0.0180 0.725
-0.0031 -0.0720 0.385
-0.0091 -0.1944 0.274
-0.0182 -0.0108 0.324
-0.0031 0.0432 0.446
-0.0082 -0.0432 0.598
-0.0098 0.0252 0.201
-0.0433 0.0108 0.000
-0.0024 0.2016 0.764
-0.0428 0.0432 0.035
-0.0224 0.0144 0.896
-0.0063 0.1656 0.546
-0.0425 0.0396 0.000
-0.0191 0.0324 0.140
-0.0088 0.0504 0.429
-0.0282 -0.0072 0.630
-0.0065 -0.2592 0.150
-0.0046 -0.2376 0.541
0.0262 0.0072 0.425
-0.0091 0.0324 0.598
-0.0395 0.0396 0.000
-0.0060 0.2232 0.338
-0.0109 0.1584 0.602
-0.0106 0.0468 0.591
-0.0061 0.2628 0.552
-0.0133 0.0108 0.150
-0.0247 0.0612 1.000
-0.0076 0.2376 0.446
-0.0404 -0.0648 0.016
-0.0698 0.0036 0.796
-0.0250 -0.0108 0.131
-0.0367 -0.0612 0.000
-0.0514 -0.0036 0.014
-0.0230 0.0288 0.374
-0.0097 0.0828 0.611
-0.0360 0.0108 0.054
-0.0180 0.0612 1.000
-0.0072 -0.0360 0.587
-0.0227 0.0468 0.144
-0.0058 0.0432 0.541
-0.0362 0.0036 0.002
-0.0442 0.0252 0.056
-0.0259 0.0468 0.338
-0.0057 0.2196 1.000
-0.0131 0.1116 0.430
-0.0062 0.0000 0.438
-0.0066 0.0360 0.323
-0.0052 -0.1548 0.414
-0.0125 0.1332 0.232
-0.0380 0.0612 1.000
-0.0062 0.2916 0.495
-0.0155 0.0324 0.284
-0.0168 -0.0612 1.000
-0.0068 0.0252 0.457
-0.0087 -0.0684 0.475
-0.0038 0.0900 0.425
-0.0361 0.0216 0.058
-0.0023 0.0900 0.315
-0.0356 -0.0468 0.024
-0.0085 -0.1332 0.242
-0.0025 -0.1728 0.431
-0.0085 -0.1440 0.511
-0.0215 0.0252 0.683
-0.0177 0.0360 0.246
-0.0485 -0.0036 0.000
-0.0227 0.0216 0.683
-0.0071 0.1944 0.281
-0.0167 -0.0828 0.685
-0.0307 -0.0504 0.045
-0.0313 0.0144 0.079
-0.0047 0.2304 0.564
-0.0420 -0.0108 0.000
-0.0030 0.1548 0.377
-0.0033 -0.2160 0.444
-0.0083 -0.1080 0.195
0.0080 -0.0072 0.586
-0.0182 0.0108 0.693
-0.0060 0.0468 0.882
-0.0337 -0.0288 0.817
-0.0527 0.0180 0.708
-0.0044 0.1188 0.332
-0.0286 0.0324 0.090
-0.0085 -0.0540 0.586
-0.0256 -0.0396 0.611
-0.0292 0.0720 0.116
-0.0250 -0.0540 0.132
-0.0083 0.2088 0.896
-0.0104 0.1008 0.162
-0.0344 -0.0180 0.062
-0.0094 0.1692 0.184
-0.0054 0.1404 0.508
-0.0099 0.1044 0.481
0.0032 -0.0180 0.590
-0.0102 -0.0972 0.402
-0.0028 0.0504 0.523
-0.0183 -0.0756 0.865
-0.0112 -0.1440 0.445
-0.0100 -0.0360 0.537
-0.0081 0.0504 0.192
-0.0014 -0.0540 0.513
-0.0127 0.1440 0.496
-0.0059 0.0972 0.810
-0.0161 -0.0324 0.150
-0.0070 -0.2520 0.406
-0.0147 0.0540 1.000
-0.0043 0.0360 0.469
-0.0093 -0.0180 0.787
-0.0306 0.0504 0.081
-0.0048 0.2664 0.480
-0.0074 0.2232 0.465
-0.0055 -0.1332 0.255
-0.0116 0.0540 0.301
-0.0118 -0.0972 0.136
-0.0526 0.0108 0.013
-0.0123 -0.0288 0.285
-0.0194 0.0468 0.629
-0.0051 -0.0468 0.258
-0.0516 0.0108 0.000
-0.0338 0.0252 0.653
-0.0059 -0.0720 0.217
-0.0050 -0.0036 0.272
-0.0279 0.0540 0.119
0.0087 0.0000 0.354
-0.0038 0.3276 0.425
-0.0047 0.1260 0.515
-0.0273 -0.0288 0.096
-0.0358 -0.0540 1.000
-0.0042 -0.3060 0.537
-0.0034 -0.0684 0.377
-0.0219 -0.0540 0.884
-0.0057 0.2772 0.805
-0.0123 -0.1116 0.526
-0.0679 0.0072 0.049
-0.0047 -0.3204 0.519
-0.0126 -0.1296 0.471
-0.0038 -0.3384 0.433
-0.0073 -0.1548 0.618
-0.0106 0.0792 0.420
-0.0289 0.0036 0.104
-0.0341 -0.0072 0.039
-0.0096 -0.0648 0.254
-0.0067 -0.0972 0.389
0.0010 -0.0144 0.926
-0.0095 -0.0432 0.499
-0.0101 0.0180 0.425
-0.0314 -0.0288 0.667
-0.0168 0.0468 0.664
-0.0064 0.0540 0.414
-0.0259 -0.0216 0.134
-0.0225 0.0108 1.000
-0.0009 -0.0396 0.323
-0.0068 -0.0468 0.346
-0.0147 -0.1044 0.750
0.0096 -0.0036 0.370
-0.0065 0.0396 0.346
-0.0195 0.0216 0.736
-0.0034 -0.0252 0.541
0.0263 0.0108 0.204
-0.0077 0.2448 0.254
-0.0430 -0.0468 0.036
-0.0125 0.0180 0.342
-0.0099 0.1116 0.620
-0.0114 0.0828 0.273
-0.0049 0.2484 0.350
0.0135 0.0036 0.456
-0.0278 0.0216 0.946
-0.0084 0.0900 0.373
-0.0435 -0.0288 0.000
-0.0140 -0.0900 0.620
-0.0088 0.0792 0.530
-0.0319 -0.0540 0.043
-0.0330 -0.0540 0.029
-0.0086 0.1008 0.355
-0.0259 -0.0072 0.132
-0.0013 0.0144 0.454
-0.0345 -0.0504 0.056
-0.0348 0.0288 0.014
-0.0096 -0.0072 0.270
-0.0141 -0.0864 0.634
-0.0303 -0.0216 0.063
-0.0109 0.0072 0.376
-0.0206 -0.0576 0.970
-0.0028 -0.2016 0.518
0.0197 0.0000 0.312
-0.0312 0.0072 0.081
-0.0433 0.0108 0.000
-0.0063 -0.1044 0.481
-0.0113 0.0036 0.762
-0.0117 -0.1656 0.626
-0.0070 -0.0324 0.506
-0.0058 -0.1584 0.496
-0.0417 0.0252 1.000
-0.0019 -0.1944 0.496
-0.0146 -0.0144 0.637
-0.0031 -0.1440 0.751
-0.0074 0.0360 0.802
0.0136 0.0108 0.362
-0.0432 0.0288 0.048
-0.0144 -0.0792 0.362
-0.0261 0.0072 1.000
-0.0367 0.0540 0.629
-0.0059 -0.1764 0.523
-0.0383 -0.0432 0.000
-0.0053 0.1800 0.372
-0.0110 -0.1044 0.573
-0.0425 0.0468 0.000
0.0136 0.0072 0.878
0.0182 0.0072 0.564
0.0002 -0.0180 0.434
-0.0205 -0.0108 0.893
-0.0089 0.0648 0.458
-0.0048 0.1476 0.472
-0.0061 0.1008 0.541
-0.0165 -0.0576 0.179
0.0028 -0.0216 0.469
-0.0039 0.2520 0.813
-0.0030 0.2160 0.345
-0.0095 0.0612 0.582
-0.0002 0.0288 0.594
-0.0021 -0.0900 0.708
-0.0115 0.1944 0.255
0.0050 0.0000 0.286
-0.0106 -0.0252 0.177
0.0016 -0.0252 0.406
-0.0234 0.0252 0.905
-0.0132 -0.1368 0.258
-0.0357 0.0648 0.059
0.0147 -0.0036 0.510
-0.0082 -0.0216 0.272
-0.0068 0.1044 0.559
-0.0055 -0.0180 0.364
-0.0045 -0.2268 0.477
-0.0101 -0.1368 0.202
-0.0134 0.0864 0.511
-0.0016 0.0936 0.852
-0.0116 0.0432 0.167
0.0005 0.0144 0.384
-0.0465 -0.0036 0.003
-0.0425 -0.0288 0.109
-0.0125 0.1368 0.541
-0.0172 0.0756 0.167
-0.0056 -0.1188 0.448
-0.0297 -0.0252 0.877
0.0049 0.0036 0.480
-0.0216 -0.0216 0.690
-0.0098 -0.1260 0.526
-0.0333 -0.0360 0.079
-0.0405 -0.0036 0.573
-0.0015 -0.0612 0.462
-0.0145 0.0756 0.196
-0.0363 -0.0288 0.693
-0.0083 0.1296 0.278
-0.0130 -0.0108 0.299
-0.0028 -0.0108 0.273
-0.0153 -0.0648 0.355
-0.0025 0.0576 0.774
-0.0031 -0.1224 0.525
-0.0389 -0.0540 0.103
-0.0155 -0.0432 0.900
-0.0437 0.0000 0.660
-0.0040 0.1548 0.863
-0.0168 0.0288 0.291
-0.0310 -0.0144 0.584
-0.0402 0.0576 0.000
-0.0018 -0.0072 0.276
-0.0034 -0.1404 0.393
0.0003 0.0396 0.441
-0.0411 0.0180 0.000
-0.0042 -0.2304 0.522
0.0129 -0.0108 0.324
-0.0057 -0.1656 0.552
0.0067 0.0072 0.511
-0.0005 0.0252 0.526
-0.0092 -0.1728 0.568
-0.0106 -0.1800 0.737
-0.0356 -0.0180 0.031
-0.0245 0.0108 1.000
-0.0116 -0.0144 0.597
-0.0060 0.2880 0.258
-0.0018 0.1152 0.389
-0.0053 -0.2988 0.312
-0.0055 -0.2124 0.383
-0.0627 -0.0036 1.000
-0.0451 -0.0252 0.000
-0.0051 0.3024 0.334
-0.0573 0.9938 0.275
-0.0094 0.8014 0.853
-0.0055 1.2266 0.625
-0.0326 0.9721 0.123
-0.0443 1.0310 0.066
-0.0567 1.0062 0.054
-0.0046 1.0341 0.816
-0.0034 1.0993 0.648
-0.0296 1.0279 0.054
-0.0108 0.8914 1.000
-0.0273 0.9597 0.105
0.0272 1.0000 0.834
0.0041 1.0217 0.242
-0.0058 0.7641 0.979
-0.0367 1.0776 0.297
-0.0174 0.9503 0.408
-0.0315 1.0186 0.072
-0.0368 0.9193 0.167
-0.0626 1.0155 0.000
-0.0033 0.9907 0.979
0.0032 1.0031 0.417
-0.0104 1.1334 0.659
-0.0026 1.0310 1.000
-0.0120 1.0776 0.709
-0.0457 1.0403 0.184
-0.0596 1.0093 0.071
-0.0119 0.9721 0.729
-0.0387 0.8945 0.150
-0.0071 1.1241 0.819
-0.0103 1.1024 0.618
-0.0063 1.2793 0.774
-0.0131 1.0776 0.734
-0.0551 1.0031 0.232
-0.0066 1.2017 0.343
-0.0527 1.0372 0.144
-0.0356 0.9069 0.111
-0.0386 0.9348 0.054
-0.0446 0.9410 0.111
-0.0071 0.7269 0.555
-0.0292 0.9845 0.047
-0.0502 0.9938 0.198
0.0058 1.0124 0.502
-0.0067 0.8852 0.726
-0.0297 1.0807 0.148
-0.0093 1.1645 0.786
-0.0039 0.8479 0.683
-0.0072 0.9224 0.688
-0.0101 1.0900 0.324
0.0042 0.9752 0.495
-0.0523 1.0248 0.081
-0.0080 1.1893 0.619
-0.0067 1.1614 0.875
0.0711 1.0000 1.000
0.0004 0.9814 1.000
-0.0436 0.9069 0.187
-0.0089 1.1459 0.536
-0.0090 0.8572 0.725
-0.0231 0.9441 0.139
-0.0066 1.1583 0.566
-0.0080 0.9659 0.706
-0.0425 1.0838 0.228
-0.0104 0.9597 0.905
-0.0053 1.1334 0.649
-0.0035 0.7734 0.940
-0.0119 1.0962 0.312
-0.0337 0.9100 0.167
-0.0127 1.0807 0.285
-0.0333 1.0652 0.051
-0.0072 0.7207 0.852
-0.0774 1.0062 0.000
-0.0052 1.2234 0.583
-0.0784 0.9969 0.000
-0.0056 1.2110 1.000
-0.0338 1.1024 0.127
-0.0705 1.0093 0.000
-0.0025 0.9690 0.221
-0.0207 0.9566 0.359
-0.0116 1.1552 0.753
-0.0006 1.0714 0.450
-0.0058 0.7828 0.637
-0.0464 0.9566 0.177
0.0112 0.9938 0.341
-0.0098 1.0310 1.000
0.0265 1.0124 0.341
-0.0777 1.0155 0.036
-0.0102 0.9379 0.908
-0.0457 0.9503 0.120
-0.0109 0.9317 0.811
-0.0120 1.1831 0.496
-0.0046 0.9286 0.595
-0.0432 1.0341 0.069
0.0018 1.0031 0.524
-0.0474 1.0434 0.014
-0.0076 1.2514 0.850
-0.0334 1.0466 0.146
-0.0425 0.9069 0.000
-0.0116 0.8821 0.799
-0.0333 1.0279 0.167
-0.0324 0.9907 0.079
-0.0066 0.7952 0.948
-0.0298 0.9379 0.269
-0.0422 1.0000 0.094
-0.0308 0.9503 0.289
-0.0508 0.9410 0.112
-0.0121 1.1241 0.715
-0.0144 1.0372 0.837
-0.0326 1.0745 0.238
-0.0055 1.1676 0.637
-0.0428 0.9659 0.176
-0.0163 1.0559 0.393
-0.0039 1.2266 0.448
-0.0060 1.2421 0.373
-0.0582 0.9721 0.228
-0.0028 0.9659 0.593
0.0014 1.0000 0.523
-0.0215 1.0248 0.102
-0.0464 0.9783 0.272
-0.0105 0.9503 0.630
-0.0313 0.9441 0.202
0.0205 0.9876 0.692
-0.0338 0.9069 0.042
-0.0099 0.8479 0.659
-0.0385 0.9317 0.150
0.0663 1.0062 0.963
-0.0374 1.0403 0.112
-0.0037 1.1707 0.719
-0.0165 0.9348 0.812
-0.0409 0.9752 0.201
-0.0035 0.8697 0.553
-0.0526 1.0434 0.096
-0.0184 0.9410 0.400
-0.0006 0.9814 0.415
-0.0082 0.8821 1.000
-0.0052 1.2079 0.789
-0.0346 0.9038 0.120
-0.0195 1.0372 0.719
-0.0177 1.0279 0.785
-0.0339 1.0062 0.271
-0.0037 1.0031 0.000
-0.0607 0.9876 0.175
-0.0115 1.1366 0.620
-0.0099 0.9566 0.490
-0.0050 0.7766 0.695
-0.0187 1.0248 0.223
-0.0101 1.0559 0.873
-0.0066 1.2824 1.000
-0.0582 0.9876 0.042
0.0264 0.9969 0.929
-0.0049 0.8510 0.802
-0.0072 1.2172 1.000
-0.0112 1.0869 1.000
-0.0414 0.9410 0.070
-0.0104 1.0341 0.845
-0.0336 0.9379 0.201
-0.0349 0.9410 0.128
-0.0489 1.0248 0.111
-0.0121 1.1148 0.364
-0.0814 0.9969 0.012
-0.0115 0.9348 0.734
-0.0507 0.9907 0.092
-0.0143 0.9348 0.337
-0.0580 1.0124 0.186
-0.0380 0.9534 0.233
-0.0057 1.0124 0.723
-0.0118 1.1676 0.772
-0.0399 0.9938 0.080
-0.0120 1.1490 0.946
-0.0568 0.9876 0.032
-0.0405 1.0497 0.055
0.0066 1.0031 0.532
-0.0098 1.1614 0.307
-0.0044 1.1117 0.907
-0.0330 1.0403 0.150
-0.0036 0.9007 0.906
-0.0424 0.9876 0.213
-0.0087 1.1552 0.698
-0.0383 1.0621 0.046
-0.0361 0.9969 0.212
-0.1158 1.0000 0.014
-0.0016 0.9659 0.516
-0.0265 0.9938 0.311
-0.0466 0.9659 0.048
-0.0279 1.0683 0.197
-0.0383 0.9721 0.108
0.0099 0.9876 0.765
-0.0073 0.9472 0.436
-0.0016 1.0031 0.498
-0.0300 0.9472 0.328
-0.0578 1.0310 0.081
-0.0130 1.0248 0.742
0.0018 1.0248 0.753
-0.0066 0.8759 0.753
-0.0119 0.9255 0.595
-0.1002 1.0031 0.000
-0.0055 1.3569 0.685
-0.0423 1.0776 0.224
-0.0350 0.9845 0.132
-0.0074 0.6524 0.635
-0.0096 0.7983 1.000
-0.0410 1.0683 0.093
-0.0334 0.9534 0.261
-0.0056 1.2669 0.593
-0.0055 0.7517 0.646
-0.0066 1.3041 1.000
-0.0389 0.9255 0.113
-0.0126 0.9441 0.325
-0.0288 1.0062 0.341
-0.0089 1.0372 1.000
-0.0318 1.0683 0.088
-0.0521 0.9969 0.142
-0.0616 1.0217 0.238
-0.0566 1.0248 0.115
-0.0195 1.0155 0.341
-0.0245 1.0155 0.316
-0.0126 0.9814 0.327
-0.0291 1.0403 0.162
-0.0100 0.9348 0.303
-0.0094 0.8169 0.730
-0.0151 0.9503 0.730
-0.0111 1.0559 0.717
-0.0588 0.9752 0.060
-0.0248 0.9659 0.323
-0.1706 1.0000 0.000
-0.0084 0.8914 0.351
-0.1476 1.0000 0.000
-0.0070 0.8510 0.559
-0.0270 1.0248 0.000
0.0435 1.0031 0.856
-0.0054 0.8697 0.641
-0.0006 1.0869 0.340
-0.0318 1.0466 0.207
-0.0488 1.0217 0.289
-0.0540 1.0000 0.123
0.0038 0.9938 1.000
-0.0439 1.0031 0.098
-0.0428 0.9845 0.082
0.0206 1.0031 0.407
-0.0260 1.0000 0.528
-0.0156 0.9286 0.303
-0.0058 1.2700 0.653
-0.0048 0.7579 0.628
-0.0460 1.0031 0.108
-0.0605 1.0093 0.111
-0.0449 1.0807 0.038
-0.0359 0.9783 0.146
-0.0474 0.9876 0.206
-0.0094 0.8852 0.435
-0.0037 1.1024 0.438
-0.1141 0.9969 0.000
0.0037 1.0093 0.470
-0.0114 0.8883 0.634
-0.0046 0.9534 1.000
0.0008 0.9752 0.220
-0.0546 1.0248 0.092
-0.0357 0.9721 0.061
-0.0186 1.0621 0.932
-0.0102 1.0186 0.289
-0.0275 0.9659 0.127
-0.0333 1.0993 0.143
-0.0372 0.9038 0.142
-0.0062 0.7424 0.737
-0.0442 0.9379 0.135
-0.0152 1.0621 0.971
-0.0402 0.9783 0.126
-0.0075 1.0776 0.982
-0.0147 0.9690 0.789
-0.0355 0.9410 0.108
-0.0112 1.0279 0.851
0.0408 1.0000 0.848
-0.0090 0.8262 0.389
-0.0274 0.9472 0.140
-0.0022 0.9255 0.305
-0.0399 0.9969 0.323
-0.0035 0.9566 0.376
-0.0132 1.0031 0.919
-0.0512 0.9566 0.099
-0.0066 0.8107 0.694
-0.0453 1.0248 0.227
-0.0071 1.2917 0.844
-0.0357 0.9690 0.249
-0.0023 1.0745 0.954
-0.0295 0.9566 0.147
-0.0102 1.2297 0.865
-0.0311 0.9628 0.121
-0.0056 0.9131 0.985
-0.0098 1.0279 0.977
-0.0065 0.7672 0.799
-0.0025 0.9317 1.000
-0.0080 1.1428 0.861
-0.0359 1.0372 0.290
-0.0061 1.0217 0.900
-0.0315 0.9845 0.183
-0.0225 0.9503 0.396
-0.0092 0.7828 0.705
-0.0180 0.9379 0.259
-0.0374 0.9317 0.052
-0.0155 0.9597 0.649
-0.0064 0.6462 0.597
-0.0346 1.0000 0.127
-0.0037 0.9597 0.826
0.0235 1.0031 0.393
-0.0042 1.0931 0.577
-0.0047 0.8634 1.000
-0.0066 0.9566 0.793
-0.0016 0.9224 0.670
-0.0456 0.9628 0.203
0.0648 1.0000 1.000
-0.0564 0.9659 0.115
-0.0092 0.9938 0.545
-0.0416 0.8914 0.120
-0.0053 1.1366 0.710
-0.0047 1.1862 0.870
-0.0060 1.0714 0.867
0.0265 1.0062 0.974
-0.0221 1.0372 0.723
-0.0569 1.0000 0.110
-0.0307 1.0590 0.300
0.0185 1.0031 0.845
-0.0807 0.9938 0.079
-0.0511 0.9534 0.046
-0.0229 1.0062 0.233
-0.0809 1.0093 0.024
-0.0379 0.9069 0.016
0.0029 0.9814 1.000
-0.0441 0.9286 0.116
-0.0059 1.0434 1.000
-0.0551 1.0310 0.125
-0.0043 0.9162 0.634
-0.0306 1.0621 0.086
-0.0013 1.0466 0.635
-0.0712 1.0031 0.084
-0.0067 1.0155 0.714
-0.0047 1.2203 0.953
-0.0404 1.0186 0.228
-0.0088 0.8883 0.714
-0.0027 0.9069 0.492
-0.0075 1.2234 0.937
-0.0117 1.1583 0.441
-0.0300 1.0124 0.098
-0.0128 1.0341 0.323
-0.0190 0.9348 0.573
-0.0048 0.7797 0.796
-0.0435 1.0683 0.198
-0.0096 0.8231 0.376
-0.1041 1.0000 0.022
-0.0329 0.9597 0.189
-0.0136 0.9410 0.345
-0.0131 0.9597 0.675
0.0014 1.0279 0.558
-0.0107 1.1769 0.957
-0.0084 1.1521 0.580
-0.0055 0.7859 0.723
-0.0054 0.9969 0.961
-0.0090 0.8790 0.819
-0.0061 0.9721 0.447
-0.0329 1.0714 0.122
-0.0088 1.1397 0.900
-0.0399 0.9286 0.198
-0.0390 0.9597 0.113
-0.0099 1.1800 0.643
-0.0176 1.0310 0.265
-0.0725 0.9969 0.127
-0.0238 0.9907 0.220
-0.0037 1.1676 0.639
-0.0353 1.0683 0.165
-0.0180 0.9907 0.382
-0.0540 0.9690 0.056
-0.0209 1.0403 0.138
-0.0061 1.1490 0.645
-0.0442 0.9255 0.115
-0.0059 0.8541 0.745
-0.0776 1.0031 0.140
-0.0271 0.9814 0.199
-0.0106 0.8386 0.339
-0.0220 0.9472 0.221
-0.0117 0.8231 0.898
0.0198 1.0093 0.000
-0.0854 1.0031 0.000
-0.0129 1.0124 0.327
-0.0272 1.0714 0.167
-0.0101 0.9317 0.514
-0.0062 0.6679 0.598
-0.0469 0.9721 0.114
-0.0173 1.0807 0.336
-0.0053 1.0869 1.000
-0.0423 0.9379 0.057
-0.0066 0.8386 0.829
-0.0526 1.0590 0.006
-0.0052 1.1397 0.771
-0.0170 1.0497 0.974
0.0184 0.9969 0.528
-0.0044 0.7921 1.000
-0.0313 0.9410 0.230
-0.0376 1.0590 0.134
-0.0190 0.9659 0.370
-0.0185 0.9534 0.823
-0.0450 0.9441 0.208
-0.0337 0.9814 0.171
-0.0051 1.2328 0.788
0.0561 1.0000 0.977
-0.0533 0.9783 0.063
-0.0442 0.9503 0.165
-0.0404 0.9255 0.229
-0.0290 1.0652 0.342
0.0194 1.0093 0.465
-0.0084 0.8448 0.604
-0.0701 1.0031 0.119
-0.0403 0.9566 0.096
-0.0091 0.8634 0.923
-0.0281 1.0248 0.000
-0.0057 0.9162 0.386
-0.0066 1.2141 1.000
-0.0082 1.1831 1.000
-0.0089 0.8945 0.629
-0.0084 1.1707 0.715
-0.0254 0.9286 0.187
-0.0363 1.0807 0.221
-0.1013 1.0062 0.252
-0.0328 1.0310 0.289
-0.0298 1.0434 0.141
-0.0093 0.9752 0.711
-0.0266 0.9721 0.260
-0.0600 1.0155 0.137
-0.0058 0.6990 0.948
-0.0069 1.3476 1.000
-0.0146 1.0403 0.297
-0.0019 0.9534 0.420
-0.0043 1.2017 0.204
-0.0058 1.0528 0.497
-0.0475 0.9814 0.119
-0.0183 1.0093 0.417
-0.0038 1.0807 1.000
-0.0567 0.9783 0.068
-0.0038 1.0248 0.591
-0.0151 0.9038 0.708
-0.0663 1.0031 0.000
-0.0610 1.0031 0.157
-0.0526 0.9472 0.026
-0.0476 0.9690 0.181
-0.0329 1.1055 0.000
-0.0249 1.0217 0.244
0.0040 0.9907 0.221
-0.0159 0.9628 0.337
-0.0056 1.3383 0.609
-0.0466 0.9534 0.040
-0.1365 1.0000 0.000
-0.0440 1.1086 0.057
-0.0067 1.0341 0.889
0.0389 1.0031 0.576
-0.0532 0.9597 0.050
-0.0416 0.9317 0.255
-0.0332 1.0621 0.085
-0.0066 0.8293 0.571
-0.0069 1.1397 0.684
-0.0449 1.0776 0.070
-0.0289 1.0466 0.000
-0.0309 1.0559 0.213
-0.0048 0.8014 0.705
-0.0376 0.9007 0.278
-0.0268 1.0341 0.269
-0.0017 0.9162 0.969
-0.0075 1.0683 0.793
-0.0064 1.0372 0.833
-0.0052 0.8448 1.000
-0.0419 0.8976 0.106
-0.0048 1.2048 0.740
-0.0113 1.0000 1.000
-0.0037 0.9100 0.582
-0.0324 0.9783 0.251
-0.0511 0.9597 0.007
-0.0544 0.9969 0.028
-0.0105 1.0310 0.730
-0.0066 0.7610 0.517
-0.0481 1.0093 0.226
-0.0068 0.7238 1.000
-0.0031 1.1428 0.499
-0.0555 1.0124 0.192
-0.0511 1.0186 0.023
-0.0435 1.0155 0.081
-0.0063 1.0031 0.590
-0.0383 0.9441 0.286
-0.0061 0.8355 0.553
-0.0043 1.1521 0.311
-0.0389 1.0093 0.099
-0.0313 1.0310 0.156
-0.0141 1.0590 0.132
-0.0087 1.2328 1.000
-0.0083 1.1179 0.930
-0.0679 1.0093 0.272
-0.0458 1.0093 0.032
-0.0467 0.9969 0.138
-0.0042 1.1552 0.582
-0.0215 0.9938 0.217
-0.0061 1.2638 0.876
-0.0113 0.9224 0.396
-0.0614 1.0000 0.111
-0.0030 0.8169 1.000
-0.0158 0.9472 0.279
-0.0593 1.0372 0.080
-0.0100 0.9224 0.928
-0.0100 0.7486 1.000
-0.0505 1.0062 0.235
-0.0126 0.8759 0.724
-0.0339 0.8976 0.176
0.0093 0.9876 0.637
-0.0092 0.9193 0.771
-0.0128 1.0714 0.560
0.0115 0.9907 0.303
-0.0052 1.1955 0.548
-0.0472 1.0124 0.036
-0.0059 0.8572 0.665
-0.0166 0.9969 0.118
-0.0203 1.0093 0.112
0.0073 1.0031 0.496
-0.0171 1.0528 0.415
-0.0168 1.0341 0.722
-0.0033 0.9814 0.400
-0.0389 1.0900 0.120
-0.0064 1.3538 0.975
-0.0562 0.9969 0.087
-0.0067 0.7797 0.458
-0.0163 1.0093 0.116
-0.0341 1.1148 0.334
-0.0506 0.9659 0.166
-0.0043 1.0062 0.642
-0.0199 0.9690 0.116
-0.0043 0.8417 0.395
-0.0433 0.9566 0.000
-0.0539 1.0155 0.008
-0.0221 0.9441 0.300
-0.0614 1.0248 0.134
-0.0350 0.9007 0.250
-0.0261 0.9441 0.179
-0.0076 0.9348 0.540
-0.0074 1.2886 0.762
-0.0080 1.2514 0.671
-0.0541 1.0341 0.087
-0.0165 0.9907 0.244
-0.0875 1.0000 0.000
-0.0107 0.8448 0.517
-0.0086 1.1862 0.893
-0.0535 1.0217 0.066
-0.0044 1.2110 0.485
-0.0731 0.9907 0.266
-0.0630 1.0124 0.000
-0.0299 1.0745 0.196
-0.0315 0.9534 0.101
-0.0073 1.0497 0.441
-0.0556 0.9721 0.117
-0.0523 0.9845 0.137
-0.0408 0.9597 0.084
-0.0061 0.8914 0.447
-0.0104 1.0683 0.879
-0.0114 0.8790 0.821
0.0226 0.9969 0.248
-0.0142 0.9907 0.145
-0.0371 1.0000 0.197
-0.0145 1.0993 0.619
-0.0394 1.1086 0.078
-0.0148 1.0528 0.442
-0.0186 1.0466 0.732
-0.0416 0.9348 0.198
-0.0133 1.0869 0.302
-0.0057 0.7145 1.000
-0.0249 0.9938 0.107
-0.0011 1.0962 0.231
-0.0160 1.0869 0.213
-0.0220 1.0031 0.278
-0.0119 1.0745 0.530
-0.0080 0.9038 0.407
-0.0413 1.0466 0.055
-0.0196 0.9317 0.304
-0.0113 1.0652 0.449
-0.0349 0.9969 0.091
-0.0094 0.8976 0.728
-0.0054 1.1055 1.000
-0.0384 0.9038 0.318
-0.0194 1.0590 0.346
-0.0028 1.0403 0.697
-0.0336 1.0155 0.249
-0.1018 0.9969 0.000
-0.0060 1.1645 0.678
-0.0072 1.0807 0.834
-0.0024 0.9938 0.441
-0.0042 0.7672 0.536
-0.0728 1.0093 0.049
0.0020 0.9907 0.341
-0.0255 1.0155 0.133
-0.0028 0.9100 0.467
-0.0264 1.0776 0.045
-0.0150 0.9628 0.368
-0.0210 1.0559 0.381
-0.0318 0.9566 0.136
-0.0632 0.9876 0.044
-0.0043 0.8324 0.497
-0.0071 1.2359 1.000
-0.0105 1.1055 0.982
-0.0365 1.1024 0.084
-0.0313 0.9348 0.198
-0.0388 1.0124 0.159
-0.0054 1.3072 0.626
-0.0070 0.7921 0.971
-0.0374 1.0093 0.177
-0.0256 1.0186 0.416
-0.0050 0.8138 0.848
-0.0345 1.0931 0.161
-0.0075 0.7176 0.828
-0.0392 1.0031 0.241
-0.0095 0.9410 0.646
-0.0177 0.9193 0.740
-0.0356 1.0652 0.083
-0.0109 1.0900 0.864
-0.0238 1.0186 0.374
-0.0451 0.9783 0.145
-0.0378 0.9628 0.180
-0.0397 1.0372 0.255
-0.0302 1.0310 0.202
-0.0193 1.0124 0.849
-0.0643 0.9907 0.055
-0.0321 1.0838 0.331
-0.0146 1.0838 0.315
-0.0403 0.9659 0.075
-0.0402 1.0310 0.103
-0.0040 0.8603 1.000
-0.0298 1.0031 0.204
-0.0100 1.0341 0.778
-0.0743 0.9876 0.173
-0.0094 1.2421 0.874
-0.0068 0.8821 0.581
-0.0969 1.0031 0.000
0.0077 0.9969 0.436
0.0416 1.0062 0.846
-0.0130 1.0900 0.785
-0.0599 0.9690 0.057
-0.0248 0.9534 0.391
-0.0305 1.0807 0.245
-0.0214 0.9907 0.251
-0.0615 0.9907 0.066
-0.0636 0.9845 0.187
-0.0124 0.9907 0.630
-0.0145 1.0000 0.523
-0.0344 0.9193 0.109
-0.0019 1.0341 0.329
-0.0062 0.9503 0.528
-0.0083 1.1210 0.652
-0.0635 1.0093 0.000
-0.0660 1.0000 0.049
-0.0484 1.0062 0.000
-0.0374 1.1117 0.113
-0.0267 0.9410 0.067
-0.0050 0.9410 0.523
-0.0347 0.8852 0.106
-0.0553 1.0279 0.047
-0.0042 0.7517 0.365
-0.0314 1.0062 0.250
-0.0104 1.1428 0.945
-0.0041 1.1210 0.372
-0.0105 0.8572 0.855
-0.0087 0.9690 0.692
-0.0763 0.9969 0.048
-0.0060 1.1955 0.500
-0.0110 1.1179 0.765
-0.0361 1.0248 0.199
-0.0432 1.0217 0.317
-0.0388 1.0745 0.102
-0.0514 0.9814 0.083
-0.0413 1.0248 0.292
-0.0094 1.0621 0.693
0.0430 1.0000 0.978
-0.0934 1.0000 0.000
-0.0375 0.8914 0.072
-0.0069 1.0403 1.000
-0.0299 1.0528 0.211
-0.0090 1.2110 1.000
-0.0237 0.9379 0.254
-0.0338 1.0217 0.101
-0.0600 1.0031 0.150
-0.0749 1.0124 0.012
-0.0371 0.9131 0.093
-0.0333 0.9938 0.101
-0.0062 0.7983 0.739
-0.0372 1.0124 0.061
-0.0176 0.9131 0.653
-0.0116 0.9969 0.651
0.0473 1.0031 0.381
-0.0417 1.0372 0.171
-0.0052 0.9193 0.710
-0.1086 1.0031 0.000
-0.0042 1.0838 0.832
-0.0436 1.0838 0.215
-0.0118 1.1645 0.621
-0.0386 0.9410 0.079
-0.0172 1.0434 0.122
-0.0364 0.9224 0.189
-0.0413 0.9907 0.091
-0.0089 1.2545 0.788
-0.0018 0.8945 1.000
-0.0686 0.9907 0.000
-0.0445 1.0497 0.063
-0.0173 1.0031 0.594
0.0010 0.9690 0.609
-0.0111 0.8976 0.608
-0.0562 0.9814 0.283
-0.0136 1.0093 0.536
0.0074 0.9907 0.638
-0.0486 0.9814 0.104
-0.0058 1.3010 0.675
-0.0190 0.9938 0.821
-0.0361 1.0528 0.077
-0.0306 0.9317 0.198
-0.0028 1.0621 0.530
-0.0088 0.9441 1.000
-0.0128 1.1210 0.777
-0.0217 1.0279 0.142
-0.0010 1.0683 0.419
-0.0228 0.9410 0.216
0.0394 1.0000 0.908
-0.0005 1.0652 0.625
-0.0385 0.9814 0.090
-0.0295 0.9783 0.290
-0.0597 1.0341 0.042
-0.0223 1.0000 0.246
-0.1031 1.0062 0.000
-0.0116 1.0621 0.845
-0.0102 0.9783 0.778
-0.0233 0.9721 0.291
0.0619 1.0000 0.936
-0.0114 0.9038 0.580
-0.0672 0.9969 0.062
-0.0207 1.0310 0.108
-0.0316 1.0497 0.247
-0.0432 0.8945 0.072
-0.0071 0.9193 0.885
-0.0066 0.8045 0.397
-0.0196 0.9783 0.859
-0.0077 0.9814 0.982
-0.0570 0.9752 0.138
-0.0075 1.3228 0.710
-0.0302 0.9969 0.332
-0.0088 1.0528 0.997
0.0325 1.0000 0.833
-0.0100 0.9597 0.920
-0.1132 1.0031 0.023
-0.0120 1.1303 1.000
-0.0444 1.0434 0.285
-0.0305 0.9659 0.216
-0.0264 0.9379 0.192
-0.0333 0.9348 0.089
-0.0525 1.0155 0.090
-0.0699 1.0124 0.000
-0.0033 0.8107 0.696
-0.0086 1.2452 0.819
-0.0415 1.0528 0.152
-0.0038 1.2141 0.309
-0.0044 1.1645 0.565
-0.1300 1.0000 0.000
-0.0030 1.1800 0.652
0.0040 1.0248 0.272
-0.0513 0.9721 0.164
-0.0299 1.0341 0.252
-0.0250 0.9690 0.264
-0.0120 1.0217 1.000
-0.0031 0.9876 0.943
-0.0122 0.9690 0.321
-0.0072 0.6710 1.000
-0.0370 0.9472 0.164
-0.0906 1.0031 0.000
-0.0684 1.0000 0.140
-0.0056 0.6741 0.928
-0.0037 0.9969 0.561
-0.0119 0.8262 0.643
-0.0361 0.9503 0.212
-0.0029 0.8541 0.539
-0.0221 0.9721 0.777
-0.0406 1.0124 0.069
-0.0138 1.0466 0.651
-0.0063 1.0466 1.000
-0.0100 0.7672 0.905
-0.0030 0.9038 0.551
-0.0289 0.9659 0.000
-0.0027 0.9441 1.000
-0.0197 0.9441 0.098
-0.0190 0.9503 0.765
-0.0055 0.8603 0.969
-0.0058 1.0186 0.607
-0.0279 0.9162 0.140
-0.0064 1.0062 0.673
-0.0395 1.1024 0.080
-0.0685 0.9845 0.136
-0.0294 0.9938 0.204
-0.0101 1.1024 0.445
-0.0051 0.8728 0.523
-0.0537 0.9752 0.118
-0.0027 0.9597 0.590
-0.0919 1.0000 0.123
-0.1141 1.0000 0.000
0.0038 1.0062 0.516
-0.0587 0.9845 0.158
0.0127 0.9969 0.477
-0.0346 1.0341 0.363
-0.0076 1.1521 0.407
-0.0448 1.0993 0.085
-0.0411 1.1024 0.078
-0.0247 1.0590 0.105
-0.0338 0.9317 0.093
-0.0388 1.0993 0.108
-0.0832 0.9969 0.112
0.0345 1.0031 0.460
-0.0649 0.9938 0.186
-0.0071 1.0745 0.602
-0.0115 1.0714 0.873
-0.0721 1.0000 0.000
-0.0048 1.2297 0.625
-0.0099 0.7797 1.000
-0.0080 0.8324 0.802
-0.0408 0.9628 0.207
-0.0746 0.9969 0.180
0.0257 0.9907 0.615
-0.0438 0.9969 0.211
-0.0434 0.9193 0.055
-0.0042 0.9317 0.715
-0.0223 0.9876 0.348
-0.0029 0.7548 0.608
-0.0046 1.1614 0.671
-0.0071 1.2483 0.767
-0.0143 1.0807 0.702
-0.0432 0.9876 0.103
-0.0107 1.0186 1.000
-0.0324 1.0776 0.306
-0.0054 0.8076 0.606
-0.0171 1.0838 0.836
-0.0433 1.0590 0.099
-0.0340 1.1179 0.112
-0.0068 0.7021 0.461
0.0212 1.0062 0.302
-0.0423 0.9007 0.119
-0.0059 0.7114 0.537
-0.0704 0.9907 0.041
-0.0265 0.9783 0.276
-0.0348 1.0776 0.195
-0.0302 0.9100 0.111
-0.0031 1.0714 0.928
-0.0301 0.9286 0.182
-0.0493 1.0000 0.205
-0.0846 0.9907 0.000
-0.0499 1.0310 0.123
0.0072 1.0062 0.371
-0.0245 1.0248 0.000
-0.0089 0.8603 0.963
-0.0126 0.9938 0.606
-0.0036 1.0590 0.257
-0.0056 1.2328 0.639
0.0203 0.9907 0.000
-0.0340 1.0590 0.220
-0.0523 1.0403 0.231
-0.0503 1.0000 0.000
-0.0278 1.0124 0.184
-0.0453 1.0186 0.047
-0.0074 1.3352 0.719
-0.0018 0.9503 0.419
-0.0509 1.0497 0.318
-0.0337 0.8945 0.168
-0.0148 1.0310 0.658
-0.0063 1.2452 0.622
-0.0636 1.0000 0.152
-0.0352 0.9503 0.000
-0.0400 0.9845 0.135
-0.1015 1.0000 0.000
-0.0097 1.0590 0.946
-0.0288 1.0838 0.344
-0.0258 1.0434 0.165
-0.1047 0.9938 0.000
-0.0074 1.1272 0.622
-0.0089 1.0434 0.865
-0.0161 1.0590 0.533
-0.0642 0.9969 0.000
-0.0158 1.0776 0.298
-0.0400 0.9876 0.105
-0.0385 1.0434 0.149
0.0166 1.0000 1.000
-0.0645 1.0062 0.158
-0.0060 0.7455 0.653
-0.0185 1.0217 0.341
-0.0073 1.1210 0.767
-0.0028 1.0372 0.547
-0.0543 0.9907 0.093
-0.0104 0.9534 0.968
-0.0366 1.0186 0.222
-0.0622 1.0124 0.030
-0.0349 1.0838 0.081
-0.0141 1.0497 0.392
-0.0369 1.0062 0.111
-0.0323 1.0248 0.114
0.0047 1.0062 0.587
-0.0368 0.8883 0.345
-0.0363 0.8976 0.116
-0.0304 1.0279 0.228
-0.0076 1.3445 0.752
-0.0098 0.7952 0.715
-0.0568 1.0341 0.177
-0.0469 1.0279 0.095
-0.0273 0.9566 0.221
-0.0105 0.8324 0.661
-0.0214 1.0124 0.256
-0.0249 0.9472 0.347
-0.0106 1.0590 0.405
-0.0339 0.9162 0.143
-0.0069 1.0993 0.488
-0.0220 1.0434 0.097
-0.0993 1.0000 0.000
-0.0249 1.0652 0.334
-0.0055 0.8200 0.367
-0.0053 1.2359 1.000
-0.0500 0.9628 0.126
-0.0025 1.0993 0.580
-0.0066 0.8231 0.950
-0.0059 1.0838 0.827
-0.0059 1.1086 0.755
-0.0016 1.0931 0.998
-0.0298 1.0776 0.227
-0.0076 1.0931 0.987
-0.0403 1.0652 0.076
-0.0343 0.9286 0.122
-0.0099 0.7703 0.857
-0.0750 1.0155 0.029
-0.0744 1.0031 0.142
-0.0072 1.3507 0.769
-0.0543 0.9876 0.187
-0.0204 0.9783 0.410
-0.0457 1.0310 0.067
-0.0279 1.0869 0.079
-0.0529 1.0403 0.249
-0.0265 1.0590 0.071
-0.0083 0.8759 0.000
-0.0066 0.9597 0.592
-0.0214 1.0186 0.431
-0.0214 1.0590 0.249
-0.0049 0.8883 0.673
-0.0439 0.9814 0.081
-0.0092 0.7548 0.369
-0.0036 1.0745 0.574
-0.0389 0.9566 0.133
0.0590 1.0000 0.000
-0.0013 1.0528 0.441
-0.0122 0.8634 1.000
-0.0155 0.9534 0.561
-0.0283 0.9752 0.228
-0.0551 0.9721 0.050
-0.0090 0.9131 0.579
-0.0509 1.0031 0.102
-0.0089 1.1334 0.439
0.0128 1.0031 0.291
-0.0087 0.8728 0.916
-0.0075 0.9534 0.409
-0.0151 0.9721 0.426
-0.0130 0.9845 1.000
-0.0049 1.1893 0.369
-0.1761 1.0000 0.000
-0.0043 1.2172 0.556
-0.0602 0.9969 0.086
0.0055 0.9969 0.282
-0.0066 0.7331 0.545
-0.0245 1.0093 0.244
-0.0040 1.0155 1.000
-0.0247 1.0403 0.286
-0.0091 1.1955 0.440
-0.0358 1.0341 0.180
0.0190 1.0062 0.632
-0.0239 0.9845 0.331
-0.0307 1.0403 0.146
-0.0038 1.0528 0.673
-0.0520 0.9938 0.005
0.0179 0.9938 0.950
0.0131 1.0062 0.412
-0.0073 1.1366 0.168
-0.0061 0.9659 0.578
-0.0964 1.0000 0.000
-0.0579 0.9783 0.054
-0.0398 0.9752 0.153
-0.0303 0.9286 0.062
-0.0420 0.9100 0.119
-0.0439 0.9690 0.094
0.0319 1.0031 0.613
0.0009 0.9876 0.660
-0.0085 1.2141 0.535
-0.0105 0.9162 0.420
-0.0019 1.0900 0.692
-0.0317 1.0124 0.245
-0.0166 0.9566 0.275
-0.0318 1.0217 0.194
0.0028 0.9969 0.530
-0.0276 0.9876 0.109
-0.0445 0.9597 0.301
-0.0140 0.9876 0.266
-0.0091 0.8355 0.587
-0.0163 0.9783 0.436
0.0205 1.0000 0.714
-0.0108 1.1614 0.783
-0.0304 0.9690 0.133
-0.0048 1.1334 0.696
-0.0347 0.9721 0.073
-0.0405 1.0807 0.032
-0.0545 1.0186 0.151
-0.0065 0.8169 1.000
-0.0005 1.0559 0.972
-0.0380 1.0403 0.080
-0.0082 0.8510 0.939
-0.0005 0.9007 1.000
-0.0137 0.9224 0.773
-0.0443 1.0186 0.188
-0.0081 0.9534 0.837
-0.0414 1.0279 0.244
-0.0226 0.9752 0.283
-0.0141 0.9752 0.570
-0.0036 1.1272 0.690
-0.0093 1.2390 0.310
-0.0087 0.8200 0.917
-0.0113 1.1086 0.826
-0.0446 0.9628 0.100
-0.0262 1.0093 0.103
-0.0385 1.0155 0.224
-0.1279 1.0031 0.000
-0.0361 0.9752 0.181
-0.0076 1.3321 0.870
-0.0323 1.0434 0.120
-0.0111 0.9876 0.511
-0.1027 0.9969 0.021
-0.0170 1.0466 0.779
-0.0286 1.0155 0.160
-0.0293 0.9224 0.096
-0.0426 0.9472 0.105
-0.0177 0.9162 0.123
-0.0086 1.0745 0.000
-0.0145 1.0062 0.739
-0.0839 0.9938 0.058
-0.0103 1.0434 0.971
-0.0288 1.0186 0.217
-0.0163 0.9938 0.580
0.0002 0.9845 0.504
-0.0461 0.9907 0.201
-0.0101 0.8697 1.000
-0.0328 0.9472 0.305
-0.0271 1.0466 0.129
-0.0062 0.6959 0.879
-0.0342 1.0962 0.309
-0.0062 1.1862 0.988
-0.0049 0.7952 0.720
-0.0052 0.8790 0.662
-0.0602 1.0186 0.123
-0.0985 1.0031 0.000
-0.0419 0.9721 0.108
-0.0215 1.0341 0.729
-0.0772 1.0000 0.000
-0.0071 0.9255 0.807
-0.0255 1.0652 0.339
-0.0033 0.9752 0.358
-0.0156 1.0062 0.844
-0.0433 0.9317 0.075
-0.0113 0.9783 1.000
-0.0081 0.8386 0.875
-0.0016 0.9472 0.544
-0.0060 0.9876 0.503
0.0055 0.9938 0.221
-0.0458 1.0372 0.124
-0.0073 0.7548 0.346
-0.0375 1.0962 0.154
-0.0334 0.9659 0.084
-0.0014 1.1055 0.567
-0.0053 1.0683 1.000
-0.0082 0.7859 0.746
-0.0133 1.0217 0.651
-0.0130 0.9783 0.896
-0.0286 1.0497 0.280
-0.0079 0.8107 0.659
-0.0609 1.0062 0.108
-0.0339 0.9628 0.083
-0.0384 0.8914 0.128
-0.0732 1.0062 0.187
-0.0433 1.0403 0.110
-0.0197 0.9566 0.308
-0.0135 0.9162 0.808
-0.0518 1.0559 0.270
-0.0053 1.0093 0.916
0.0258 1.0093 1.000
-0.0198 1.0528 0.319
0.0016 0.9938 0.449
-0.0103 1.0807 0.809
-0.0083 1.2203 0.349
-0.0070 0.8883 0.459
-0.0095 1.1366 0.482
-0.0069 0.8666 0.475
-0.0077 1.0590 0.617
-0.0250 1.0434 0.332
-0.0068 1.2048 0.678
-0.0633 1.0031 0.000
-0.0427 1.0745 0.145
-0.0094 0.9845 0.665
-0.0102 0.9286 0.861
-0.0119 0.8945 0.379
-0.0356 0.9938 0.089
-0.0525 0.9503 0.140
-0.0815 1.0062 0.000
-0.0263 0.9348 0.353
-0.0096 1.0000 0.767
-0.1503 1.0000 0.000
-0.0108 0.8417 0.163
-0.0383 1.0590 0.129
-0.0673 0.9938 0.091
-0.0082 1.0838 0.333
-0.0159 0.9224 0.704
0.0150 1.0031 0.301
-0.0430 0.9534 0.167
-0.0068 0.7083 0.753
-0.0576 1.0093 0.098
-0.0414 1.0310 0.067
-0.0074 0.6834 0.394
-0.0188 0.9472 0.776
0.0004 1.0186 0.633
0.0306 0.9969 0.405
-0.0349 0.8883 0.144
-0.0017 0.8976 0.370
-0.0360 1.0621 0.155
-0.0072 1.0310 0.579
-0.0071 0.7703 0.965
-0.0420 1.0434 0.220
-0.0528 0.9938 0.217
-0.0138 1.0155 0.775
-0.0288 0.9597 0.098
-0.0256 1.0559 0.091
-0.0100 1.1055 0.916
-0.0529 1.0124 0.168
-0.0282 0.9410 0.269
-0.0261 1.0745 0.195
-0.0436 0.9348 0.084
-0.0392 1.0279 0.138
-0.0791 1.0000 0.000
-0.0016 0.9907 0.654
-0.0442 1.0466 0.059
-0.0277 1.0310 0.213
-0.0154 0.9845 0.829
-0.0478 0.9721 0.103
-0.0260 0.9690 0.342
-0.0058 1.1117 0.560
-0.0139 0.9938 0.548
-0.0073 0.9783 0.903
-0.0289 1.0621 0.098
-0.0791 0.9845 0.000
-0.0474 1.0217 0.125
-0.0513 1.0621 0.101
-0.0354 1.0497 0.096
-0.0560 1.0310 0.000
-0.0792 0.9876 0.144
-0.0145 1.0962 0.385
-0.0044 1.0559 0.921
-0.0109 0.8479 0.953
-0.0559 1.0403 0.132
-0.0042 1.1148 0.867
-0.0370 1.0155 0.052
-0.0079 0.9907 0.862
0.0055 0.9876 0.715
-0.0040 1.0962 0.595
-0.0140 0.9131 0.629
-0.0060 1.1552 0.230
-0.0085 0.7766 0.679
0.0113 1.0031 0.706
-0.0138 0.9534 0.762
-0.0086 1.0993 0.932
-0.0075 0.8945 0.701
-0.0045 1.0279 0.655
-0.0590 1.0186 0.122
-0.0050 1.2452 0.471
-0.0101 1.2234 0.782
-0.0031 0.8666 0.559
0.0111 1.0155 0.282
-0.0294 0.9503 0.164
-0.0075 1.0279 1.000
-0.0512 0.9441 0.169
-0.0092 0.7890 0.354
-0.0096 1.0217 0.689
-0.0025 0.9038 0.838
-0.0090 0.9814 0.863
-0.0059 0.6772 0.427
0.0099 1.0124 0.376
-0.0414 1.0900 0.078
-0.0501 1.0372 0.296
-0.1179 1.0000 0.034
-0.0527 1.0279 0.142
-0.0031 1.0124 0.405
-0.0009 1.0497 0.608
-0.0619 0.9814 0.000
-0.0025 1.0124 0.435
-0.0238 1.0559 0.163
-0.0271 0.9255 0.131
-0.0098 0.9162 0.647
-0.0170 1.0186 0.521
-0.0194 1.0031 0.888
-0.0008 1.0838 0.589
-0.0059 0.9007 0.561
-0.0435 1.0962 0.161
-0.0788 1.0031 0.149
-0.0255 1.0279 0.086
-0.0045 0.8976 0.644
-0.0410 1.0590 0.170
-0.0124 0.9100 0.136
-0.0067 1.3166 0.610
-0.0323 0.9597 0.272
0.0013 1.0310 0.400
-0.0101 1.0062 1.000
-0.0665 0.9907 0.229
-0.0609 1.0279 0.211
-0.0075 0.8324 0.748
-0.0070 0.9752 0.864
-0.0598 1.0279 0.057
0.0048 0.9814 0.239
0.0046 0.9721 0.668
-0.0339 0.9907 0.241
-0.0158 1.0683 0.796
-0.0055 1.3197 0.815
-0.0284 0.9721 0.203
-0.0313 1.0341 0.103
-0.0619 0.9845 0.250
-0.0155 1.0248 0.926
-0.0080 0.7579 1.000
-0.0127 1.1800 0.833
-0.0377 1.0838 0.075
-0.0317 1.0528 0.335
-0.0447 1.0000 0.205
-0.0413 1.1117 0.298
-0.0513 0.9690 0.209
-0.0438 1.0652 0.078
-0.0093 0.9472 0.934
-0.0068 1.1707 0.350
-0.0208 1.0528 0.257
-0.0690 0.9969 0.000
-0.0048 0.9379 0.597
-0.0373 1.0714 0.145
-0.0241 0.9752 0.247
-0.1022 0.9938 0.000
-0.0329 0.9690 0.131
-0.0137 1.0186 0.901
0.0001 0.9783 0.465
-0.0897 1.0062 0.044
0.0101 1.0000 1.000
-0.0410 0.9286 0.162
-0.0097 0.8076 0.182
-0.0099 0.8138 0.316
-0.0202 0.9969 0.275
-0.0417 1.0062 0.299
-0.0320 0.9938 0.018
-0.0319 1.0093 0.190
-0.0381 1.0776 0.195
-0.0470 0.9472 0.076
-0.0417 0.9038 0.151
-0.0602 0.9752 0.231
-0.0103 0.8293 0.723
-0.0186 1.0683 0.736
-0.0222 1.0062 0.831
-0.0091 1.1738 0.927
-0.0379 1.0962 0.113
-0.0664 1.0124 0.161
-0.0054 0.7052 1.000
-0.0330 1.0869 0.042
-0.0062 1.0652 0.632
-0.0063 1.2390 0.344
-0.0256 0.9845 0.353
-0.0573 0.9845 0.079
-0.0457 1.0341 0.101
-0.0283 0.9814 0.226
-0.0424 0.9938 0.275
-0.0040 1.1583 0.825
-0.0865 1.0062 0.017
-0.0139 0.9379 0.701
-0.0129 0.9255 0.928
-0.0081 0.9007 0.547
-0.0037 0.7610 0.479
-0.0358 0.8945 0.034
-0.0247 1.0372 0.264
-0.0058 0.6555 0.531
-0.0303 0.9193 0.189
-0.0564 1.0186 0.110
-0.0064 0.6586 0.657
0.0225 1.0000 0.000
-0.0498 0.9876 0.020
-0.0045 1.0776 0.618
-0.0433 0.9938 0.132
0.0450 1.0031 0.000
-0.0060 1.3290 0.617
-0.0200 1.0403 0.220
-0.0054 1.2545 0.570
-0.0850 1.0000 0.000
-0.0511 0.9752 0.023
-0.0127 0.8200 0.937
-0.0018 0.9193 0.763
-0.0412 1.0869 0.156
-0.0377 1.0310 0.178
-0.0278 0.9255 0.216
-0.0123 0.9069 0.159
-0.0306 0.9472 0.263
-0.0272 1.0683 0.194
-0.0353 1.0900 0.102
-0.0403 0.9162 0.110
-0.0160 0.9814 0.000
-0.0074 0.9038 1.000
-0.0036 1.1769 0.568
-0.0074 1.1179 0.915
-0.0059 1.1459 0.852
-0.0506 1.0093 0.019
-0.0378 1.0497 0.092
-0.0042 0.8355 1.000
-0.0212 0.9969 0.886
-0.0547 1.0372 0.251
0.0006 0.9969 0.525
-0.0360 1.0993 0.096
-0.0387 0.8976 0.208
-0.0093 1.0155 1.000
-0.0151 1.0279 0.428
-0.0090 1.0931 0.753
-0.0014 1.0217 0.490
-0.0107 0.9659 0.920
-0.0055 0.7890 0.921
-0.0105 1.0466 0.731
-0.0051 1.0652 0.639
-0.0026 1.0434 0.521
-0.0410 1.0403 0.233
-0.0143 0.9969 0.881
-0.0811 1.0031 0.000
0.0495 1.0062 0.445
-0.0344 1.0807 0.080
-0.0345 1.0186 0.171
-0.0049 1.1459 0.745
-0.0527 1.0341 0.102
-0.0068 0.9286 0.607
-0.0059 1.1024 1.000
-0.0321 1.0714 0.162
-0.0106 1.1707 0.597
-0.0074 1.1769 0.670
-0.0662 1.0155 0.000
-0.0062 1.1800 0.601
-0.0052 0.8945 0.753
-0.0057 1.3103 0.845
-0.0080 1.2048 0.808
0.0268 1.0031 0.695
-0.0005 1.1024 0.392
-0.0950 1.0031 0.000
-0.0218 0.9845 0.249
0.0417 0.9969 0.000
-0.0092 1.0652 0.853
-0.0073 1.2762 0.492
-0.0097 1.2359 0.887
-0.0255 0.9224 0.438
-0.0124 0.8728 0.652
-0.0075 0.9317 1.000
-0.0487 0.9969 0.231
-0.0039 1.0372 0.880
-0.0054 0.9379 0.667
-0.0070 1.1831 0.773
-0.0434 1.0900 0.410
0.0217 0.9938 0.475
-0.0354 1.1086 0.104
-0.0237 0.9814 0.165
0.0042 0.9845 1.000
-0.0743 1.0186 0.000
-0.0031 1.0310 0.213
-0.0258 0.9907 0.204
-0.0059 0.9441 0.773
-0.0100 0.8417 0.692
0.0110 0.9845 0.421
-0.0360 0.9659 0.300
-0.0160 1.0372 0.709
-0.0583 0.9659 0.195
-0.0426 0.9534 0.086
-0.0431 1.0528 0.093
-0.0398 0.9162 0.056
-0.0038 0.8759 1.000
-0.0074 0.8728 0.683
-0.0498 1.0279 0.021
-0.0026 1.0186 0.587
-0.0049 1.0497 0.673
-0.0429 1.0062 0.098
-0.0108 0.9845 1.000
-0.0217 1.0466 0.243
-0.0139 1.0434 0.353
-0.0441 0.9472 0.127
-0.0337 0.9441 0.087
-0.0262 0.9503 0.354
-0.0281 1.0714 0.159
-0.0409 1.0993 0.092
-0.0335 1.0248 0.245
-0.0549 1.0466 0.257
-0.0091 1.1583 0.793
-0.0405 0.9193 0.010
-0.0379 0.9472 0.135
-0.0064 1.3259 0.616
-0.0058 1.1738 0.547
-0.0356 0.9286 0.106
-0.0255 0.9628 0.191
-0.0320 1.0652 0.131
-0.0025 1.0093 1.000
0.0080 1.0000 0.536
-0.0111 1.1738 0.438
-0.0049 1.1179 0.508
-0.0030 0.9131 0.898
0.0179 0.9907 0.595
-0.0050 0.9255 0.626
-0.0211 0.9534 0.333
-0.0298 1.0590 0.132
-0.0624 0.9969 0.219
-0.0467 0.9752 0.072
-0.0572 0.9628 0.066
-0.0081 0.8045 1.000
-0.0059 0.6897 0.953
-0.0161 1.0403 0.369
-0.0075 1.0900 0.950
-0.0070 0.6617 1.000
-0.0475 0.9845 0.152
-0.0379 1.0248 0.211
-0.0052 0.8572 0.608
0.0306 1.0000 0.819
-0.0056 0.8634 1.000
0.0215 0.9969 0.539
-0.0067 0.8976 0.622
-0.0840 1.0031 0.000
0.0010 1.0217 0.461
-0.0306 0.9255 0.280
-0.0404 1.0217 0.150
-0.0012 1.0279 0.855
-0.0054 0.6431 0.461
-0.0280 0.9876 0.154
-0.0563 1.0372 0.095
-0.0416 0.9224 0.170
-0.0079 1.1117 0.411
0.0030 1.0000 0.362
-0.0022 1.0155 0.625
-0.0035 1.1241 0.461
-0.0852 0.9969 0.116
-0.0224 0.9597 0.683
-0.0348 0.9131 0.250
-0.0063 1.1148 0.734
-0.0041 1.0093 0.835
-0.0076 0.8417 0.874
-0.0362 1.0466 0.139
-0.0261 1.0062 0.233
-0.0299 1.0093 0.296
-0.0609 0.9938 0.125
-0.0341 0.9783 0.101
-0.0240 1.0621 0.354
-0.0431 1.0621 0.067
-0.0104 0.9752 0.691
0.0268 0.9938 0.345
-0.0166 1.0714 0.762
-0.0389 0.9690 0.081
-0.0347 0.9224 0.151
-0.0446 0.9007 0.027
-0.0397 1.0217 0.150
-0.0092 1.2172 0.356
-0.0162 0.9721 0.810
-0.0361 1.0217 0.079
-0.0256 1.0528 0.198
-0.0067 0.9628 0.389
-0.0655 1.0093 0.163
-0.0750 0.9845 0.000
-0.0160 0.9690 0.255
-0.0246 0.9628 0.290
-0.0033 1.1986 0.899
-0.0185 1.0062 0.831
-0.0038 0.9503 1.000
-0.0068 0.8138 0.668
-0.0089 1.1148 0.728
-0.0390 1.0683 0.046
-0.0192 1.0279 0.328
-0.1318 1.0000 0.000
-0.0496 1.0341 0.100
-0.0272 0.9969 0.000
-0.0092 1.0714 0.874
-0.0147 0.9441 0.883
-0.0011 1.0000 0.496
-0.0102 1.0962 0.586
-0.0079 0.9069 0.902
-0.0402 1.0528 0.128
-0.0442 0.9162 0.086
-0.0512 0.9628 0.289
-0.0084 0.7517 0.506
-0.0110 1.0528 0.981
-0.0430 0.9721 0.043
0.0649 0.9969 0.963
-0.0178 1.0497 0.396
-0.0177 0.9317 0.292
-0.0381 0.9007 0.173
-0.0355 1.0931 0.106
-0.0235 1.0124 0.302
-0.0050 1.0217 0.814
-0.0365 0.9876 0.096
-0.0120 1.0403 0.599
0.0225 1.0062 1.000
0.0016 1.0341 0.472
-0.0039 0.9069 0.330
0.0119 0.9969 0.328
-0.0069 1.2203 0.486
0.0417 1.0031 0.446
-0.0443 1.0248 0.203
-0.0196 1.0186 0.355
-0.0742 0.9938 0.000
-0.0125 1.0093 0.398
-0.0341 1.0683 0.189
-0.0518 1.0466 0.171
-0.0089 0.9100 0.538
0.0096 0.9938 0.411
-0.0337 1.0745 0.122
-0.0299 0.9907 0.109
-0.0385 1.1055 0.067
-0.0335 1.0497 0.066
-0.0131 0.9286 0.288
-0.0427 0.9845 0.123
-0.0097 1.1676 0.945
-0.0557 1.0031 0.072
-0.0065 0.6648 0.308
-0.0291 1.0217 0.188
-0.0018 0.9969 0.489
-0.0540 1.0093 0.133
-0.0434 1.0279 0.179
-0.0601 1.0000 0.116
-0.0034 0.7828 0.511
-0.0346 1.0434 0.136
-0.0307 1.0000 0.054
-0.0346 1.0124 0.271
-0.0600 0.9814 0.054
-0.0162 1.0652 0.335
-0.0068 1.1893 0.875
-0.0392 1.0000 0.056
-0.0480 1.0031 0.057
-0.0265 1.0497 0.294
-0.0125 0.9472 0.765
-0.0108 0.9007 1.000
-0.0091 1.1303 0.578
-0.0256 0.9534 0.055
-0.0454 1.0000 0.081
-0.0042 1.0403 1.000
-0.0376 0.9628 0.254
0.0133 0.9938 0.761
-0.0176 0.9255 0.446
-0.0198 0.9721 0.342
-0.0423 0.9441 0.349
-0.0051 1.0869 0.644
-0.0433 0.9224 0.084
-0.0339 0.8914 0.094
-0.0070 0.7579 0.879
-0.0633 1.0155 0.213
-0.0070 1.1924 1.000
-0.0092 0.9876 0.150
0.0019 1.0093 0.444
-0.0363 0.9845 0.171
-0.0195 1.0559 0.423
-0.0076 0.9100 0.909
0.0732 1.0000 1.000
-0.0045 1.0434 0.709
-0.0096 1.0093 0.761
-0.0022 0.9752 0.379
-0.0569 1.0155 0.000
-0.0146 0.9100 0.752
0.0120 1.0217 0.642
-0.0365 0.9566 0.234
-0.0010 0.9783 0.529
-0.0117 0.8510 0.630
-0.0544 0.9659 0.136
0.0374 1.0062 0.960
-0.0285 1.0000 0.127
-0.0076 0.7393 0.997
-0.0385 0.9503 0.156
-0.0310 1.0155 0.145
-0.0427 0.9814 0.194
-0.0145 0.9566 0.834
-0.0043 0.8852 0.605
-0.0362 0.9100 0.142
-0.0301 0.9628 0.321
-0.0590 0.9907 0.148
-0.0426 1.0093 0.223
-0.0602 0.9783 0.111
-0.0413 1.0031 0.149
-0.0031 0.7703 1.000
-0.0070 1.2576 0.859
-0.0069 0.8479 0.729
-0.0037 1.1924 0.518
-0.0208 0.9628 0.101
0.0148 0.9969 0.329
-0.0143 0.9193 0.399
-0.0171 0.9876 0.368
-0.0429 0.9100 0.101
-0.0375 0.9441 0.080
-0.0390 1.0062 0.092
-0.0433 0.9752 0.204
-0.0163 1.0621 0.577
-0.0378 0.9100 0.154
-0.0356 1.1055 0.253
-0.0313 0.9752 0.307
-0.0132 1.0683 0.586
-0.0233 0.9597 0.273
-0.0077 1.1303 0.600
-0.0394 0.9131 0.050
-0.0152 0.9317 0.736
0.0024 0.9876 0.523
-0.0049 0.7859 0.750
-0.0432 0.9038 0.000
-0.0145 0.9472 0.403
-0.0105 1.0062 0.505
-0.0174 1.0124 0.717
-0.0442 0.8976 0.076
-0.0164 1.0745 0.823
-0.0009 0.9410 0.800
-0.0515 1.0310 0.047
-0.0387 1.0341 0.000
-0.0053 1.2421 1.000
-0.0243 1.0528 0.359
-0.0038 0.9472 1.000
-0.0447 1.0714 0.227
-0.0495 0.9845 0.084
-0.0109 0.8603 1.000
-0.0106 0.8169 0.768
-0.0573 1.0217 0.139
-0.0370 1.0031 0.114
-0.0440 1.0931 0.198
-0.0061 0.6803 0.740
-0.0482 0.9690 0.094
-0.0695 1.0062 0.160
-0.0444 1.0093 0.061
-0.0156 0.9441 0.328
-0.0415 1.0341 0.055
0.0094 1.0093 0.410
-0.0056 1.2855 0.675
-0.0079 1.1769 0.979
0.0085 1.0124 0.000
-0.0055 0.9907 0.629
-0.0036 0.9783 1.000
-0.0301 0.9534 0.220
-0.0430 1.0869 0.188
-0.0043 1.0000 0.989
0.0447 1.0000 0.000
-0.0379 1.0931 0.051
-0.0685 0.9876 0.214
-0.0126 1.1397 0.775
-0.0051 1.1831 1.000
-0.0085 1.0248 0.871
-0.0368 1.0869 0.110
-0.0037 0.9628 0.559
-0.0440 1.1055 0.059
-0.0339 0.9752 0.112
-0.0040 1.0186 1.000
-0.0064 1.3414 0.860
-0.0824 1.0000 0.032
0.0012 1.0155 0.354
-0.0527 0.9628 0.106
-0.0087 1.1272 0.327
-0.0159 1.0217 0.324
-0.0552 0.9534 0.095
-0.0240 0.9783 0.314
-0.0828 1.0062 0.000
-0.0236 0.9876 0.351
-0.0075 0.9069 0.702
-0.0090 1.2079 0.416
-0.1039 1.0031 0.000
-0.0149 0.9659 0.724
-0.0049 0.8821 0.975
-0.0067 0.6866 0.678
-0.0086 0.9628 0.730
-0.0060 1.0962 1.000
-0.0276 0.9752 0.000
-0.0389 1.0559 0.135
-0.0280 1.0900 0.113
-0.0161 0.9379 0.527
-0.0368 1.0559 0.230
-0.0331 0.9566 0.241
-0.0341 1.0528 0.138
0.0511 1.0000 0.462
-0.0400 0.9193 0.106
-0.0100 1.1241 0.892
-0.0683 0.9938 0.000
-0.0895 1.0000 0.000
-0.0284 1.0372 0.190
-0.0105 0.9193 0.586
-0.0423 1.0559 0.131
-0.0589 1.0217 0.086
-0.0433 1.0559 0.091
-0.0572 0.9690 0.047
-0.0470 1.0155 0.169
-0.0062 1.2731 0.755
0.0056 1.0000 0.325
-0.0369 1.0279 0.222
-0.0491 1.0124 0.020
-0.0781 1.0093 0.118
-0.0147 1.0652 0.666
-0.0513 0.9783 0.042
-0.0395 0.9224 0.184
-0.1099 0.9969 0.000
-0.0012 0.9566 0.470
-0.0352 1.0372 0.168
0.0014 1.0124 0.128
-0.0048 0.8386 0.523
-0.0167 1.0000 0.790
-0.0413 1.0621 0.110
-0.0072 1.1428 0.415
-0.0064 1.0248 0.735
-0.0080 0.7921 0.840
-0.0063 0.8448 0.677
-0.0290 0.9441 0.197
0.0033 1.0124 1.000
-0.0426 0.9503 0.178
-0.0589 0.9938 0.058
-0.0361 0.9814 0.298
-0.0057 0.6928 0.903
-0.0094 0.9969 0.950
-0.0210 0.9659 0.751
-0.0402 1.0652 0.149
-0.0106 1.1272 0.766
-0.0110 0.9628 0.982
-0.0117 1.1459 0.494
-0.0129 1.0931 0.955
-0.0338 0.9255 0.157
-0.0478 1.0155 0.031
-0.0386 1.0807 0.070
-0.0004 0.9628 0.881
-0.0305 1.0372 0.205
-0.0716 0.9938 0.253
-0.0097 1.0466 0.480
-0.0260 1.0403 0.266
0.0097 1.0186 0.274
0.0024 1.0279 0.604
-0.0259 1.0621 0.260
-0.0045 1.1086 0.978
-0.0122 0.8355 0.331
-0.0411 0.9783 0.207
-0.0503 1.0124 0.121
-0.0423 1.0962 0.137
-0.0421 0.9131 0.154
-0.0075 1.0621 0.322
-0.0232 0.9969 0.290
-0.0036 0.8231 0.583
-0.0340 1.0900 0.115
-0.0124 0.8541 0.529
-0.0081 0.8666 0.486
-0.0073 0.7734 0.454
-0.0061 0.7486 0.819
-0.0194 0.9876 0.729
0.0042 1.0186 0.378
-0.0100 1.0869 0.132
-0.0082 0.9255 0.899
0.0111 1.0062 0.000
-0.0536 1.0434 0.198
-0.0078 0.7641 0.202
-0.0109 0.9379 0.789
-0.0271 0.9317 0.130
0.0492 0.9969 0.407
-0.0231 1.0310 0.314
-0.0045 0.8200 0.531
-0.0101 1.0497 0.492
-0.0080 0.7734 1.000
-0.0432 1.0372 0.270
-0.0347 0.8821 0.146
-0.0048 1.2390 0.663
-0.0349 1.1117 0.103
-0.0209 1.0155 0.276
-0.0060 0.9410 0.836
-0.0363 0.9255 0.058
-0.0552 1.0062 0.084
-0.0021 0.9721 0.563
-0.0267 1.0217 0.151
-0.0281 0.9131 0.226
-0.0129 0.9814 0.125
-0.0944 0.9938 0.000
-0.0183 1.0434 0.723
-0.0438 1.0124 0.210
-0.0082 1.0776 0.436
-0.0020 0.9845 0.592
-0.0534 0.9814 0.145
-0.0110 1.0838 0.889
-0.0777 0.9907 0.000
-0.0159 1.0155 0.770
-0.0060 1.2079 0.963
-0.0361 0.9348 0.181
-0.0072 1.2948 0.629
-0.0439 0.9131 0.204
-0.0055 0.8014 0.899
0.0063 0.9907 0.366
-0.0071 0.8790 1.000
-0.0028 0.9876 0.690
-0.0079 0.9503 0.987
-0.0121 0.8697 1.000
-0.0295 0.9690 0.089
0.0204 1.0124 0.453
0.0038 0.9783 0.551
-0.0050 0.7641 0.739
0.0732 1.0031 1.000
0.0055 1.0155 0.414
-0.0030 0.7983 0.521
-0.0029 0.8076 1.000
-0.0062 1.2979 0.882
-0.0355 1.0745 0.054
-0.0359 1.0434 0.151
-0.0022 0.9286 0.620
-0.0421 1.1086 0.060
-0.1077 1.0000 0.000
-0.0415 1.0155 0.100
-0.0062 1.3134 0.895
-0.0149 1.0559 0.320
-0.0126 1.1521 0.350
-0.0186 0.9845 0.765
-0.0117 1.0031 0.335
-0.0107 0.9131 0.306
-0.0114 1.0931 0.768
0.0119 0.9814 0.601
-0.0070 0.8262 1.000
-0.0279 0.9317 0.297
-0.0375 0.9597 0.065
-0.0412 0.9690 0.103
-0.0183 1.0341 0.109
-0.0456 0.9938 0.205
-0.0332 1.0093 0.251
-0.0471 1.0497 0.165
-0.0247 0.9503 0.138
-0.0484 0.9907 0.168
-0.0245 1.0341 0.248
-0.0051 1.1490 0.804
-0.0152 1.0745 0.575
-0.0005 1.0621 0.443
-0.0084 1.1086 0.336
-0.0410 0.8883 0.049
-0.0237 1.0000 0.079
-0.0431 1.1024 0.006
-0.0045 0.9721 0.987
-0.0841 1.0093 0.072
-0.0030 1.2483 0.490
-0.0052 0.9845 0.984
-0.0209 0.9814 0.355
-0.0361 0.9162 0.163
-0.0479 0.9783 0.045
-0.0702 1.0062 0.156
-0.0020 1.0590 0.757
0.0477 1.0000 0.872
-0.0082 1.0683 0.389
-0.0168 0.9659 0.770
-0.0073 0.7362 0.840
-0.0385 1.0186 0.136
-0.0121 0.9566 0.379
-0.0192 0.9597 0.402
-0.0119 1.1117 0.916
-0.0058 0.6493 1.000
-0.0183 1.0310 0.551
-0.0466 1.0062 0.018
-0.0013 1.0248 0.787
-0.0204 1.0497 0.254
-0.0441 0.9907 0.071
-0.0523 1.0528 0.122
-0.0093 0.8541 0.440
-0.1463 1.0000 0.000
-0.0082 1.2266 0.795
-0.0426 0.8945 0.045
-0.0455 1.0528 0.181
-0.0105 0.8852 0.471
-0.0073 1.1986 1.000
-0.0091 0.9721 0.573
-0.0063 0.7300 0.642
-0.0017 0.9131 0.778
-0.0569 0.9907 0.071
-0.0292 0.9193 0.068
-0.0119 0.9410 0.715
-0.0040 0.8293 0.769
-0.0654 1.0062 0.285
0.0617 1.0031 0.964
-0.0234 1.0279 0.396
-0.0386 0.9379 0.072
-0.0039 0.8262 0.535
-0.0120 0.8666 0.349
0.0064 0.9845 0.508
0.0603 0.9969 0.922
-0.0027 0.9348 0.457
-0.0543 0.9845 0.058
-0.0188 0.9752 0.406
-0.0084 1.0031 0.902
-0.0079 1.1986 0.391
-0.0238 1.0497 0.402
-0.0197 0.9814 0.815
-0.0079 1.2017 0.207
-0.0244 1.0466 0.321
-0.0409 1.0931 0.163
0.0096 1.0093 0.631
-0.0094 1.1490 0.641
-0.0015 1.0776 0.453
-0.0545 1.0279 0.095
-0.0834 1.0124 0.131
0.0056 1.0186 0.256
-0.0385 0.9659 0.197
-0.0877 0.9969 0.000
-0.0265 1.0031 0.107
-0.0078 1.2483 0.740
-0.0043 1.1055 0.581
-0.0178 1.0000 0.887
-0.0035 0.9938 0.812
-0.0210 0.9690 0.373
0.0374 0.9969 0.875
-0.0034 1.2514 1.000
-0.0005 1.0807 0.768
-0.0003 1.0062 0.455
0.0363 1.0000 0.481
-0.0880 1.0031 0.054
-0.0121 0.8293 0.666
-0.0424 0.9969 0.063
-0.0337 0.9876 0.071
-0.0181 0.9628 0.749
-0.0313 0.9814 0.126
-0.0929 1.0062 0.000
-0.0261 1.0372 0.347
0.0007 0.9721 0.499
-0.0148 0.9007 0.735
0.0055 1.0093 1.000
-0.0108 0.9286 0.517
-0.0786 1.0062 0.000
-0.0580 1.0062 0.088
-0.0123 1.0497 0.681
-0.0125 1.0993 0.896
-0.0056 1.0000 0.580
-0.0010 1.0062 0.441
-0.0334 1.0031 0.207
-0.0379 1.0869 0.151
-0.0047 0.7890 0.468
-0.0057 1.0559 0.700
-0.0212 1.0217 0.154
-0.0308 0.9876 0.284
-0.0550 0.9566 0.091
-0.0520 0.9876 0.056
-0.0124 1.0372 0.564
-0.0043 0.9690 0.727
-0.0779 0.9938 0.000
-0.0492 0.9659 0.054
-0.0315 0.9379 0.329
-0.0319 0.9162 0.157
-0.0113 1.0248 0.755
-0.0099 0.7610 0.587
-0.0030 0.9441 0.383
-0.0679 1.0155 0.008
-0.0036 0.8045 0.712
-0.0125 1.0155 0.712
-0.0017 0.9379 0.497
-0.0037 1.1738 0.928
-0.0056 0.9845 0.495
-0.0578 1.0248 0.132
-0.0028 1.0900 0.564
-0.0041 0.9348 0.712
0.0178 1.0000 0.572
-0.0166 0.9410 0.804
-0.0176 0.9752 0.288
-0.0283 1.0559 0.226
-0.0510 1.0217 0.153
-0.0383 0.9907 0.110
0.0651 1.0031 0.000
-0.0383 1.0466 0.065
0.0312 1.0062 0.586
-0.0396 1.0714 0.310
-0.0092 1.0124 0.615
-0.0235 0.9566 0.326
-0.0375 0.9907 0.292
-0.0345 1.0559 0.068
-0.0445 1.0745 0.146
-0.0783 1.0124 0.000
-0.0188 1.0652 0.318
-0.0500 1.0186 0.105
0.0196 1.0155 0.776
-0.0354 0.9534 0.105
0.0145 1.0000 0.610
-0.0114 1.0124 0.961
-0.0143 0.9069 0.098
-0.0324 0.9969 0.228
-0.0749 1.0000 0.000
-0.0063 0.9690 0.655
-0.0321 0.9224 0.303
-0.0453 1.0466 0.051
-0.0112 1.1862 0.633
-0.0095 1.0403 0.310
-0.0046 0.9224 0.559
-0.0655 0.9876 0.119
-0.0042 1.0466 0.877
-0.0483 0.9752 0.258
-0.0263 1.0807 0.000
-0.0051 0.8914 0.903
-0.0060 0.7766 0.423
-0.0949 0.9969 0.000
-0.0364 0.9379 0.177
-0.0099 1.1924 0.667
-0.0366 1.0838 0.235
-0.0062 1.2297 0.553
-0.0722 1.0124 0.000
0.0034 1.0155 0.480
-0.0418 1.1055 0.275
-0.0066 1.2607 0.832
0.0250 1.0000 0.606
-0.0332 1.1086 0.039
-0.0309 1.0031 0.255
-0.0292 0.9348 0.199
-0.0068 0.9938 1.000
-0.0424 1.0714 0.299
-0.0037 1.1303 0.713
-0.0454 0.9597 0.245
-0.0231 1.0031 0.083
-0.0546 2.0169 0.961
-0.0268 2.0394 0.794
-0.0129 1.9606 0.800
-0.0214 1.9100 0.166
-0.0293 1.9888 0.091
-0.0550 1.9944 0.835
-0.0075 2.0169 0.388
-0.0649 2.1463 0.961
-0.0719 1.9888 0.934
-0.0366 2.0056 0.805
-0.0042 1.8931 0.458
-0.0058 2.1125 0.255
-0.0665 2.0394 0.909
-0.0268 1.9944 0.787
-0.0864 2.0281 0.921
-0.0073 1.9888 0.687
-0.0529 1.9325 0.866
-0.0570 2.0337 0.903
-0.0053 1.9494 0.701
-0.0635 1.8706 0.901
-0.0383 1.9494 0.874
-0.0358 1.9719 0.852
0.0080 1.9663 0.630
-0.0508 2.0225 0.872
-0.0784 1.9438 0.973
-0.0657 2.0900 0.961
-0.0029 1.8650 0.643
-0.0224 1.9212 0.798
0.0107 1.9494 0.555
0.0098 2.0506 0.519
-0.0717 2.0169 0.964
-0.0390 1.9775 0.834
0.0066 1.8256 0.428
-0.0923 1.9719 0.962
-0.0776 2.0394 0.895
-0.0387 1.9888 0.865
-0.0663 2.0506 0.980
-0.0198 1.8481 0.203
0.0028 1.7637 0.618
-0.0008 1.6625 0.434
-0.0746 1.9719 0.951
-0.0045 1.7300 0.273
-0.0160 1.9831 0.733
0.0029 2.0562 0.400
-0.0241 2.0787 0.193
0.0166 2.0000 0.442
-0.0680 2.0450 0.924
-0.0166 1.9381 0.252
0.0129 2.0225 0.208
0.0059 2.1125 0.732
-0.0558 1.9775 0.869
0.0117 1.9719 0.497
0.0011 1.9494 0.542
0.0028 2.0956 0.497
0.0051 1.9719 0.381
-0.0692 1.9719 0.999
0.0085 1.9212 0.447
-0.0849 2.0337 0.958
0.0089 2.1012 0.528
-0.0207 2.0844 0.000
0.0089 1.9944 0.448
-0.0006 2.0956 0.744
-0.0673 1.9156 0.929
-0.0142 2.0787 0.243
-0.0180 1.8819 0.153
-0.0726 2.0337 0.985
-0.0216 1.9944 0.811
-0.0032 1.9100 0.625
-0.0005 1.6681 0.500
0.0067 2.1012 0.486
-0.0035 1.8594 0.318
-0.0014 1.6906 0.524
-0.0582 2.0731 0.938
-0.0044 2.1744 0.615
-0.0664 2.0619 1.000
0.0294 2.0112 0.442
0.0069 2.0450 0.520
-0.0538 1.9381 0.926
-0.0083 1.8875 0.643
-0.0096 1.9663 0.159
-0.0654 1.8819 0.971
-0.1639 2.0000 1.000
-0.0377 1.9719 0.838
-0.0099 2.0394 0.269
-0.0059 1.8087 0.567
0.0052 2.0900 0.436
-0.0251 1.9888 0.215
-0.0818 2.0394 0.929
0.0018 1.7750 0.431
-0.0267 2.0506 0.811
-0.0223 2.0112 0.000
-0.0716 2.0056 0.952
-0.0117 2.0281 0.215
-0.0620 2.0900 0.930
-0.0206 1.8931 0.261
-0.0042 2.2531 0.603
-0.0518 1.9606 0.835
-0.1316 2.0056 1.000
-0.0200 2.1575 0.004
-0.0269 2.0450 0.124
-0.0086 2.1237 0.278
-0.0223 1.9663 0.219
0.0008 1.7637 0.685
0.0135 1.9550 0.217
-0.0647 2.0675 1.000
-0.0346 1.9156 0.010
-0.0686 2.0787 1.000
-0.0520 2.0112 0.831
-0.0053 2.0506 0.640
-0.0470 2.0112 0.793
-0.0240 1.9944 0.132
-0.0215 2.0056 0.053
-0.0014 1.8706 0.426
-0.0657 2.0731 1.000
-0.0071 1.8931 0.453
-0.0279 1.9381 0.806
-0.0243 2.0731 0.781
-0.0046 1.8875 0.718
-0.0530 1.9888 0.874
0.0276 1.9775 0.535
-0.0000 1.8200 0.298
0.0003 2.2363 0.654
-0.0007 2.2363 0.407
-0.0392 2.0675 0.816
-0.0319 1.9831 0.814
-0.0800 1.9719 0.966
-0.0198 1.9212 0.794
0.0040 2.1913 0.608
-0.0754 2.0337 0.968
-0.1063 2.0056 1.000
-0.0691 2.0619 0.952
0.0033 1.8369 0.445
-0.0677 1.9944 0.883
-0.0087 2.0000 0.194
-0.0120 2.0675 0.138
-0.0327 2.0562 0.809
0.0114 2.0731 0.282
-0.0012 2.2475 0.704
-0.0256 2.0675 0.798
-0.0579 2.0281 1.000
-0.0761 1.9719 0.984
-0.0107 1.9100 0.154
-0.0021 1.9156 0.445
-0.0616 2.1012 0.928
-0.0026 2.2644 0.359
-0.0089 2.0450 0.219
-0.0031 2.0056 0.333
0.0262 1.9888 0.535
-0.0012 1.6738 0.533
-0.0961 1.9775 0.907
-0.0652 1.9212 0.963
0.0143 2.0337 0.481
-0.0312 2.0000 0.045
-0.0655 1.8425 0.970
-0.0052 2.0394 0.266
0.0511 1.9944 0.710
-0.1039 2.0056 1.000
0.0183 2.0112 0.291
0.0034 1.8087 0.651
-0.1105 2.0056 0.955
0.0053 2.1406 0.534
-0.0883 1.9775 0.906
-0.0298 1.9831 0.830
0.0039 2.2138 0.703
-0.0114 2.1294 0.185
0.0033 1.9044 0.593
-0.0586 1.9719 0.963
-0.0826 2.0281 0.979
-0.0619 1.9663 0.903
0.0024 2.1181 0.471
-0.0124 2.0056 0.241
-0.0642 1.9269 0.977
0.0017 1.9100 0.564
-0.0011 1.7412 0.368
-0.0019 1.9381 0.311
-0.0124 1.9719 0.328
-0.0569 2.0450 0.913
-0.0082 1.8931 0.145
-0.0111 1.8200 0.189
-0.0208 1.9325 0.804
0.0285 1.9888 0.527
-0.0806 2.0281 0.969
0.0069 2.0169 0.459
0.0007 1.7806 0.713
-0.0112 1.8481 0.295
-0.0414 1.9100 0.762
-0.0027 1.9494 0.482
-0.0030 2.1519 0.423
0.0007 1.8987 0.376
0.0021 2.1406 0.384
-0.0019 2.0562 0.713
-0.0149 1.8762 0.184
-0.0393 1.9663 0.825
-0.0274 2.1181 0.000
-0.0016 1.7469 0.325
0.0028 1.7919 0.469
-0.1068 2.0112 1.000
-0.0016 2.2081 0.625
-0.1007 2.0000 0.897
-0.0184 2.0337 0.250
0.0011 1.8875 0.501
-0.0815 1.9550 0.991
-0.0896 1.9888 1.000
-0.0010 2.0506 0.556
-0.0529 1.9550 0.932
-0.0620 2.0394 0.955
-0.0491 2.0000 0.834
-0.0251 2.1181 0.104
0.0037 1.8762 0.427
-0.0836 2.0000 0.881
-0.0172 1.8762 0.271
-0.0261 2.0956 0.774
-0.0449 1.9944 0.000
-0.0581 1.9944 0.896
-0.0019 2.1463 0.339
-0.0127 2.0337 0.196
-0.0442 2.0281 0.880
-0.0242 1.9550 0.194
0.0067 1.9944 0.459
0.0003 2.2869 0.618
0.0158 2.0450 0.418
0.0067 1.8200 0.424
-0.0849 1.9663 0.955
-0.0352 1.9831 0.848
-0.0063 2.0562 0.631
-0.0434 2.0225 0.000
-0.0158 2.0956 0.764
0.0011 1.9269 0.445
-0.0562 2.0619 0.931
0.0028 1.9100 0.537
-0.0039 2.2419 0.579
0.0036 1.9944 0.631
0.0061 1.9325 0.307
-0.0188 2.0112 0.250
-0.0342 2.0787 0.092
0.0008 2.0394 0.425
0.0016 2.0225 0.559
-0.0112 1.9494 0.639
-0.0669 2.0787 0.999
0.0051 2.1800 0.573
-0.0003 1.9888 0.644
-0.0595 2.0506 0.999
0.0065 2.0844 0.406
-0.0145 2.1350 0.036
-0.0846 2.0000 0.964
-0.0269 2.0562 0.148
-0.0618 2.0787 0.905
-0.1285 2.0056 1.000
0.0329 2.0000 0.568
-0.0895 2.0281 0.893
-0.0035 1.7581 0.327
-0.0350 1.9606 0.140
-0.0679 1.9944 0.888
-0.0013 1.8425 0.623
-0.0832 2.0562 0.957
0.0048 2.0787 0.613
-0.0070 2.1181 0.738
-0.0100 2.0619 0.620
-0.0849 2.0394 1.000
-0.0211 2.0000 0.163
0.0017 1.9663 0.275
-0.0025 2.1125 0.587
-0.0045 1.7412 0.319
-0.0377 1.9438 0.814
-0.0189 2.0675 0.000
-0.0611 1.9381 0.867
-0.0403 2.0112 0.842
-0.0372 1.9381 0.000
0.0053 1.8650 0.453
0.0037 2.0900 0.574
-0.0037 2.0000 0.506
0.0061 2.1294 0.452
0.0082 2.0562 0.530
0.0046 2.2194 0.501
-0.0207 2.0225 0.101
-0.0406 2.0900 0.000
-0.1054 1.9944 1.000
-0.0635 1.8594 0.984
-0.0727 2.0169 0.928
0.0155 1.9494 0.704
-0.0901 2.0000 0.915
-0.0934 2.0225 0.919
-0.0532 2.0394 0.890
-0.0016 1.7300 0.508
-0.0012 2.0337 0.428
-0.0164 1.9494 0.240
-0.0213 2.0619 0.000
-0.0640 2.1350 0.991
0.0014 1.9550 0.624
-0.0253 1.9831 0.772
-0.0399 1.9663 0.749
-0.0825 1.9438 0.929
-0.0402 2.0619 0.796
-0.0030 1.9831 0.542
-0.0509 1.9663 0.884
-0.0136 2.0112 0.305
-0.0224 1.8819 0.227
-0.0594 2.0787 0.974
-0.0048 2.1856 0.372
0.0322 1.9944 0.442
0.0013 1.9325 0.708
-0.0307 2.0225 0.000
-0.0169 2.1181 0.000
0.0294 1.9944 0.620
-0.0155 2.0900 0.121
-0.0792 1.9606 0.920
-0.0172 2.0844 0.000
-0.0524 2.0000 0.000
-0.0281 1.9606 0.803
-0.0337 1.9494 0.000
-0.0228 2.0956 0.000
0.0071 1.9381 0.502
-0.0121 2.0169 0.174
0.0253 1.9888 0.620
-0.0229 1.9888 0.816
-0.0230 2.1069 0.796
-0.0694 1.9494 0.903
-0.0778 2.0506 0.946
-0.0302 2.0169 0.828
-0.0124 2.1237 0.162
0.0004 2.1913 0.682
-0.0831 1.9775 0.934
-0.0480 1.9888 0.877
-0.0052 2.0675 0.724
-0.0136 2.1406 0.177
-0.0048 2.1237 0.757
-0.0693 1.9381 0.950
-0.0049 2.0337 0.618
0.0018 2.0787 0.679
0.0183 2.0056 0.670
-0.0066 1.7975 0.402
-0.0411 2.0056 0.788
-0.0276 2.0787 0.793
-0.0581 2.0112 0.888
-0.0383 2.0000 0.781
0.0264 2.0281 0.366
-0.0046 2.0787 0.602
-0.0651 1.9888 0.927
-0.0241 1.9156 0.105
-0.0754 1.9888 0.986
-0.0056 1.9888 0.716
-0.0034 2.1575 0.327
-0.0229 2.1181 0.131
0.0410 2.0000 0.490
-0.0279 2.0112 0.084
-0.0391 1.9606 0.771
-0.0066 1.9156 0.739
0.0045 1.9381 0.713
-0.0556 1.9550 0.867
0.0242 2.0169 0.666
-0.0198 2.1012 0.215
-0.0115 1.8819 0.296
0.0079 1.9606 0.698
0.0490 2.0000 0.657
0.0078 2.0112 0.160
0.0145 2.0056 0.569
-0.0050 1.8313 0.244
0.0001 1.8087 0.477
-0.0006 2.3319 0.542
-0.0175 2.1294 0.000
-0.0372 2.0506 0.791
-0.0222 1.9381 0.219
-0.0804 2.0000 1.000
-0.0648 1.8481 0.941
-0.0219 1.9831 0.197
0.0239 1.9831 0.422
-0.0057 2.0619 0.667
-0.0041 1.9606 0.341
-0.0050 1.9269 0.565
-0.0478 1.9606 0.806
-0.0317 2.0056 0.828
-0.0310 2.0675 0.747
-0.0565 1.9888 0.962
-0.0164 1.9269 0.212
-0.0263 2.0056 0.000
0.0004 2.1350 0.509
-0.0590 1.9438 0.000
0.0070 2.0619 0.648
0.0175 1.9831 0.700
0.0023 1.9269 0.533
0.0061 1.9269 0.619
0.0092 1.9381 0.460
-0.0974 2.0056 1.000
-0.0805 1.9831 0.992
-0.0179 1.9719 0.934
-0.0018 2.1125 0.710
-0.0798 1.9888 0.890
0.0329 2.0112 0.573
-0.0651 1.8313 0.967
-0.0006 1.9044 0.377
0.0085 2.0844 0.488
-0.0145 2.0000 0.072
0.0096 2.0112 0.502
-0.0274 2.1012 0.796
-0.0711 2.0394 0.939
-0.0007 2.2306 0.724
0.0216 1.9888 0.620
-0.0297 1.9438 0.000
-0.0164 1.9888 0.282
-0.0310 1.9100 0.069
-0.0021 2.3037 0.661
-0.0004 2.2925 0.554
-0.0323 1.9269 0.000
-0.0422 1.9775 0.000
-0.0434 1.9831 0.871
-0.0144 1.9325 0.072
0.0067 2.1688 0.623
-0.0296 2.0281 0.052
0.0009 2.1519 0.660
-0.0742 1.9944 1.000
-0.0478 1.9719 0.860
-0.0271 2.0731 0.089
-0.0854 2.0112 0.926
-0.0157 1.9438 0.251
-0.0074 1.8762 0.344
-0.0185 2.0731 0.181
-0.0611 1.8931 0.917
-0.0772 2.0169 0.884
-0.0269 1.9775 0.800
-0.0073 2.0394 0.226
-0.0036 2.2363 0.515
0.0152 1.9606 0.407
-0.0027 1.8481 0.554
-0.0707 2.0281 1.000
-0.0026 2.0112 0.296
-0.0121 1.8706 0.268
-0.0032 1.9269 0.610
0.0008 1.7525 0.511
-0.0613 2.0056 0.903
-0.0247 2.1237 0.151
0.0106 1.9775 0.727
-0.0245 2.0000 0.062
0.0105 2.0562 0.502
-0.0120 1.9438 0.297
-0.0033 1.8425 0.616
-0.0211 2.0112 0.000
0.0132 2.0506 0.373
-0.0317 1.9606 0.788
-0.0026 2.2306 0.567
-0.0651 1.9438 0.924
-0.0090 2.1012 0.268
-0.0630 1.8875 0.899
0.0031 1.8425 0.624
-0.0340 2.0281 0.142
0.0000 2.2250 0.557
-0.0748 1.9888 0.933
-0.0442 2.0562 0.817
0.0030 2.1463 0.462
-0.0001 2.1575 0.387
-0.0402 2.0844 0.762
-0.0102 2.0787 0.300
0.0030 2.2025 0.494
-0.0017 2.0281 0.352
-0.0229 2.1012 0.000
-0.0090 2.1519 0.745
-0.0397 2.0619 0.014
-0.0454 1.9831 0.850
-0.0549 2.0450 0.926
0.0016 1.9438 0.517
-0.0876 1.9663 0.920
-0.0293 1.9325 0.772
-0.0133 1.9381 0.739
-0.0124 2.0281 0.297
-0.1071 1.9831 1.000
0.0020 1.8425 0.478
0.0028 1.8819 0.409
0.0056 1.7806 0.612
0.0570 2.0000 0.713
-0.0093 1.9775 0.221
-0.0649 1.9606 0.912
0.0031 2.1237 0.344
-0.0109 2.1350 0.324
-0.0170 2.0562 0.105
-0.0719 2.0562 0.965
-0.0067 1.9944 0.668
-0.0542 2.0056 0.854
-0.0189 1.9100 0.063
-0.0235 2.0844 0.753
0.0068 1.7862 0.445
-0.0149 2.1181 0.098
-0.0155 2.0450 0.063
-0.0166 1.9663 0.765
-0.0061 1.8256 0.423
-0.0368 2.0619 0.868
-0.0152 2.0506 0.038
-0.0070 1.9663 0.048
-0.0013 2.1913 0.349
-0.0536 1.9438 0.842
0.0511 2.0056 0.664
-0.0125 2.0956 0.235
-0.0153 2.1012 0.289
-0.1313 2.0000 1.000
0.0191 1.9719 0.470
-0.0460 2.0337 0.863
-0.0333 1.9438 0.000
-0.0791 2.0112 0.989
-0.0561 2.0562 0.891
-0.0003 1.7694 0.451
-0.0389 1.9325 0.000
0.0241 2.0000 0.624
-0.0632 2.1125 0.918
-0.0273 1.8819 0.000
0.0158 2.0169 0.302
-0.0010 2.2981 0.726
0.0019 2.1463 0.662
-0.0597 1.9606 0.856
0.0207 1.9888 0.513
-0.0126 2.0394 0.156
-0.0624 1.8987 0.982
-0.0258 2.0956 0.156
-0.0223 2.1125 0.262
-0.0160 1.9381 0.000
-0.0139 2.1012 0.104
0.0013 1.9156 0.426
0.0049 1.8425 0.562
0.0066 2.0169 0.532
-0.1547 2.0000 0.965
-0.0116 2.0506 0.178
-0.0219 1.9156 0.748
-0.0043 2.1913 0.763
0.0002 1.8650 0.391
-0.0370 2.0731 0.837
-0.0558 2.0225 0.867
-0.0150 2.1519 0.130
-0.0797 2.0225 0.929
-0.0717 1.9494 0.783
-0.0502 1.9550 0.864
0.0063 1.8481 0.390
-0.0013 2.3094 0.624
0.0169 1.9719 0.702
-0.0805 2.0337 1.000
-0.0017 1.9438 0.210
-0.0060 1.9044 0.331
-0.0653 1.9944 0.936
-0.0587 1.9494 0.864
-0.0196 1.9438 0.806
-0.0648 1.8538 1.000
0.0080 1.9438 0.492
-0.0369 1.9775 0.837
-0.0664 1.9381 1.000
0.0045 2.2306 0.633
-0.0073 2.0337 0.262
-0.0070 2.1237 0.350
-0.0017 2.2644 0.394
-0.0645 2.0000 0.945
-0.0263 1.9719 0.746
-0.0020 2.0225 0.385
-0.0125 1.8425 0.164
-0.0651 2.1012 0.946
-0.0030 1.8706 0.267
-0.1579 2.0000 1.000
-0.0029 2.1406 0.655
-0.0120 1.9888 0.032
-0.0205 1.9044 0.000
-0.0049 2.1406 0.291
-0.0133 2.0225 0.695
-0.0054 2.1294 0.237
0.0036 2.1800 0.413
-0.0091 1.9550 0.275
-0.0233 2.0225 0.758
0.0065 2.2025 0.444
-0.0262 1.9100 0.091
-0.0696 2.0056 0.952
0.0451 2.0000 0.599
0.0010 2.1969 0.396
-0.0350 2.0225 0.000
-0.0765 2.0056 0.995
-0.0518 2.0225 1.000
-0.0004 2.2756 0.417
0.0023 1.9381 0.524
-0.0049 2.1463 0.316
0.0122 2.0337 0.665
-0.0031 1.7975 0.332
-0.0321 2.0112 0.159
0.0030 1.8313 0.570
-0.0124 1.9156 0.151
-0.0636 2.0844 0.994
-0.1251 2.0000 0.986
-0.0188 1.8987 0.744
-0.0071 2.1069 0.771
0.0058 2.0225 0.493
0.0340 2.0169 0.628
-0.0002 2.3544 0.377
-0.0187 2.1012 0.740
0.0054 1.9888 0.498
0.0157 1.9550 0.617
-0.0401 2.0337 0.799
-0.1369 2.0000 1.000
0.0071 1.9888 0.563
-0.0591 1.9550 0.907
-0.0627 2.0337 0.873
-0.0126 1.8762 0.286
-0.0441 1.9888 0.000
-0.0122 2.0450 0.168
0.0346 1.9944 0.650
-0.0032 1.7525 0.557
-0.0036 2.1631 0.425
-0.0634 2.0394 0.942
-0.0584 1.9831 0.979
0.0317 2.0000 0.516
-0.0176 2.0394 0.747
0.0096 1.9831 0.643
-0.0059 2.1969 0.343
-0.0059 1.9719 0.222
-0.0921 2.0112 0.983
0.0264 2.0225 0.559
0.0100 1.9606 0.522
0.0026 2.2250 0.375
-0.0851 1.9831 0.893
-0.0163 1.8819 0.155
-0.0220 2.1237 0.000
-0.0910 1.9944 0.965
-0.0924 2.0169 0.894
-0.0022 1.6794 0.259
-0.0096 2.1181 0.783
-0.0709 2.0619 0.963
-0.0342 1.9269 0.852
-0.0139 2.0787 0.757
-0.0423 2.0394 0.814
-0.0113 2.1688 0.768
-0.0023 1.8087 0.551
-0.0534 2.0281 0.887
0.0057 2.1913 0.661
-0.0202 2.0394 0.266
-0.0351 2.0000 0.000
-0.0318 2.0731 0.016
-0.0592 1.9381 0.859
-0.0510 2.0506 0.834
-0.0238 1.9438 0.102
-0.0259 2.0169 0.000
-0.0274 1.9438 0.821
-0.0008 1.7637 0.419
-0.0158 1.9775 0.054
-0.0837 1.9831 0.972
0.0005 1.7975 0.641
0.0063 1.8087 0.537
-0.0025 1.9212 0.359
0.0229 2.0000 0.577
-0.0098 2.1406 0.626
-0.0575 2.0000 0.984
-0.0234 2.0787 0.021
-0.0022 1.6850 0.336
-0.0207 1.9606 0.236
-0.0332 1.9550 0.826
0.0136 1.9381 0.510
-0.0235 2.0562 0.217
0.0005 2.1125 0.324
-0.0613 2.1069 0.915
0.0047 2.1856 0.428
-0.0199 2.0506 0.799
-0.0055 1.8144 0.619
-0.0018 2.1181 0.655
-0.0361 1.9606 0.000
-0.0450 1.9719 0.832
-0.0836 1.9888 0.923
-0.0070 1.8538 0.647
-0.0036 2.0225 0.113
0.0133 1.9944 0.455
0.0334 2.0225 0.603
-0.0052 2.1012 0.715
-0.0116 2.1519 0.227
-0.0634 1.9325 0.967
0.0270 2.0056 0.481
-0.1081 2.0056 1.000
-0.0200 1.9775 0.168
-0.0050 2.0112 0.276
0.0091 1.9044 0.506
0.0079 1.9156 0.481
-0.0689 2.0337 0.936
-0.0563 1.9719 0.988
-0.0155 2.0056 0.000
-0.0396 2.0562 0.793
0.0018 2.0900 0.675
-0.0101 1.8987 0.140
-0.0210 2.0731 0.242
-0.0219 1.9325 0.229
-0.0204 2.0056 0.760
-0.0278 1.9156 0.093
-0.0436 1.9438 0.856
-0.1136 2.0056 0.944
-0.1048 2.0000 1.000
-0.0300 2.0000 0.000
-0.0366 1.9663 0.000
0.0009 2.0619 0.477
-0.0066 2.1575 0.339
0.0070 1.9494 0.568
-0.0518 2.0562 0.854
-0.0037 2.0450 0.648
-0.0527 2.0450 0.864
-0.0506 1.9944 0.872
-0.0275 2.0225 0.080
-0.0634 1.8369 0.964
0.0019 2.0956 0.495
0.0024 1.8256 0.423
-0.0202 2.1125 0.040
-0.0177 1.9325 0.220
-0.0003 2.2419 0.649
0.0132 2.0000 0.600
0.0075 2.0225 0.553
-0.0060 2.0900 0.226
-0.0385 2.0337 0.813
-0.0311 2.0787 0.783
-0.0728 2.0450 1.000
-0.0291 1.9100 0.797
-0.0710 1.9550 0.830
0.0001 1.9719 0.629
0.0015 1.8313 0.578
0.0041 2.0619 0.240
-0.0025 1.9325 0.707
-0.0151 1.9719 0.231
-0.0308 2.0337 0.802
0.0168 2.0281 0.692
0.0412 2.0056 0.652
-0.0664 1.9831 1.000
-0.0236 2.0450 0.738
-0.1100 1.9944 0.973
-0.0755 1.9944 1.000
-0.0428 2.0112 0.849
-0.0267 2.0844 0.178
-0.0017 1.7806 0.586
-0.0649 1.9719 0.917
-0.0097 1.8650 0.205
-0.0736 1.9775 0.909
-0.0244 2.1125 0.000
0.0060 1.8987 0.561
-0.0068 2.1800 0.400
0.0083 1.9325 0.512
-0.0218 1.9044 0.102
-0.0385 2.0112 1.000
-0.0669 2.0112 0.916
-0.0604 2.0619 1.000
-0.0364 1.9494 0.740
0.0072 2.0787 0.424
-0.0112 1.9269 0.751
-0.0332 2.0844 0.000
0.0022 2.0056 0.335
-0.0565 2.0394 0.943
0.0023 1.8200 0.401
-0.1274 2.0000 1.000
-0.0406 2.0787 0.836
-0.0187 1.9606 0.785
0.0025 1.8706 0.662
-0.0073 1.9719 0.707
0.0074 2.0281 0.472
-0.0888 2.0337 0.950
-0.0822 1.9944 0.920
-0.0144 1.9606 0.302
-0.0083 1.9494 0.224
-0.0930 2.0000 0.999
0.0126 1.9831 0.727
-0.0236 1.9494 0.827
-0.0347 1.9944 0.864
-0.0407 1.9494 0.000
-0.0079 2.1406 0.148
-0.0560 1.9606 0.984
-0.0166 1.9269 0.750
-0.0677 1.9550 0.921
0.0063 2.0506 0.637
-0.0821 1.9381 1.000
-0.0383 2.0056 0.017
0.0100 2.0281 0.544
0.0037 1.9156 0.392
-0.1345 1.9944 1.000
0.0276 2.0000 0.568
-0.0399 2.0394 0.868
-0.0338 2.0056 0.827
-0.0456 2.0000 0.858
-0.0037 1.9944 0.411
-0.1662 2.0000 0.902
-0.0000 1.7694 0.456
-0.0615 1.9550 0.919
-0.0053 1.8031 0.634
-0.0021 1.7525 0.334
0.0071 1.9831 0.625
-0.0066 1.8819 0.443
-0.0007 1.8031 0.548
-0.0137 1.8875 0.290
-0.0005 1.7131 0.392
-0.0807 1.9944 0.930
-0.0846 2.0450 0.904
0.0286 2.0000 0.503
-0.0120 1.9831 0.144
-0.0572 1.9550 0.934
-0.0632 1.9944 0.937
-0.0419 1.9944 0.838
-0.0927 2.0337 0.976
-0.0201 2.0169 0.777
-0.0080 1.8650 0.286
0.0236 2.0056 0.659
-0.0072 2.0675 0.299
-0.0296 1.9944 0.801
-0.0949 1.9944 0.936
-0.0030 2.2588 0.698
-0.0473 2.0337 0.000
-0.0353 1.9550 0.090
-0.0012 2.0169 0.658
0.0037 2.1744 0.701
-0.1458 2.0000 0.911
-0.0063 1.9550 0.653
-0.0891 2.0225 1.000
-0.0002 2.0394 0.354
-0.0017 1.7019 0.692
0.0060 1.9494 0.722
-0.0102 2.0337 0.253
-0.0036 2.0956 0.733
0.0045 2.0112 0.650
-0.0255 2.0394 0.102
-0.1693 2.0000 1.000
0.0015 2.1688 0.712
-0.0702 1.9100 0.931
-0.0558 1.9831 0.902
-0.0300 1.9606 0.004
-0.0148 1.8931 0.119
-0.0074 2.0956 0.285
0.0259 1.9944 0.594
-0.0650 2.1125 0.962
-0.0016 2.0675 0.659
-0.0317 1.9325 0.000
-0.0011 2.2194 0.445
-0.0040 2.1294 0.394
-0.0746 1.9550 0.889
-0.0131 2.0562 0.056
-0.0461 1.9663 0.824
-0.0038 2.0281 0.414
-0.0099 2.1237 0.738
-0.0818 1.9775 1.000
0.0158 2.0225 0.696
-0.0207 1.9663 0.781
-0.0521 2.0169 0.743
-0.0258 2.1012 0.214
-0.0102 1.8313 0.242
0.0082 2.0900 0.470
-0.0696 1.9156 0.974
-0.0064 1.9212 0.302
-0.0777 2.0562 0.875
0.0208 1.9944 0.681
-0.0118 1.8931 0.189
0.0003 2.2475 0.476
-0.0618 2.0112 0.939
0.0049 1.9831 0.519
-0.0435 2.0169 0.867
-0.0311 1.9156 0.036
0.0067 2.0731 0.578
-0.0099 1.8256 0.192
-0.0322 1.9888 0.073
0.0092 1.9888 0.126
-0.0130 2.1463 0.000
0.0011 1.8819 0.606
0.0024 1.8931 0.496
-0.0350 2.0562 0.000
-0.0661 2.0337 0.919
-0.0038 2.0394 0.475
0.0027 2.1519 0.432
-0.0263 1.9550 0.824
-0.0213 2.0450 0.271
-0.0436 2.0337 0.000
-0.0102 1.9381 0.611
-0.0862 1.9944 0.882
0.0016 1.7581 0.534
-0.0011 1.8313 0.321
0.0217 2.0225 0.043
-0.0106 2.0562 0.287
-0.0004 2.3487 0.402
-0.0205 2.1069 0.000
0.0218 2.0112 0.629
0.0011 2.1237 0.570
-0.0091 1.8819 0.272
-0.0575 1.9269 0.962
-0.0090 2.0562 0.279
-0.0771 2.0281 0.931
-0.0044 1.7862 0.591
-0.0023 2.1688 0.475
-0.0780 1.9944 1.000
-0.0635 2.1688 1.000
0.0050 1.9212 0.638
-0.0924 1.9775 0.937
-0.0733 2.0000 0.908
-0.0321 1.9663 0.822
-0.0622 1.9212 1.000
-0.0457 2.0112 0.826
0.0040 2.1406 0.539
-0.0791 2.0450 0.929
-0.0391 2.0506 0.000
-0.0136 2.1181 0.299
-0.0605 2.0225 0.864
-0.0248 1.8706 0.205
0.0243 2.0112 0.579
0.0125 1.9663 0.538
-0.0831 1.9663 0.959
-0.0028 1.7637 0.832
-0.0028 1.7750 0.329
-0.0092 1.9156 0.197
-0.0138 1.9550 0.128
0.0261 2.0169 0.562
-0.0440 2.0506 0.855
-0.0103 2.0225 0.421
0.0121 1.9775 0.548
-0.0849 2.0225 1.000
-0.0065 1.8200 0.344
-0.0071 2.0281 0.684
-0.0121 2.0731 0.141
-0.0160 2.0675 0.034
-0.0233 1.9719 0.057
0.0001 2.1294 0.449
0.0008 1.7244 0.364
-0.0507 2.0000 0.848
-0.0750 1.9831 0.956
-0.1037 1.9944 0.895
-0.0342 1.9325 0.033
-0.0275 2.0337 0.775
0.0002 2.1800 0.591
-0.0618 1.9831 0.930
0.0073 1.8987 0.476
-0.0736 2.0056 0.922
-0.0461 2.0281 0.814
0.0068 1.9606 0.524
-0.0676 2.0056 1.000
-0.0335 1.9663 0.834
-0.0113 2.0731 0.324
-0.0782 1.9831 0.943
-0.0648 1.9156 0.951
-0.0720 2.0000 0.959
-0.0244 2.0281 0.228
0.0216 1.9775 0.621
-0.0625 1.9719 0.968
0.0065 2.0394 0.484
0.0004 2.2588 0.340
-0.0264 1.8987 0.831
0.0072 2.0056 0.367
-0.0777 1.9775 0.924
-0.0001 2.2756 0.489
0.0042 1.8594 0.726
-0.0635 2.0450 1.000
-0.0507 2.0056 0.811
0.0013 1.9888 0.577
0.0002 1.8256 0.444
-0.0164 1.9663 0.120
0.0186 2.0000 0.465
-0.0218 2.0000 0.240
-0.0380 1.9944 0.858
-0.0122 2.0000 0.061
0.0011 1.8762 0.366
-0.0142 1.8594 0.149
-0.0085 1.8481 0.405
-0.0069 2.1350 0.676
-0.0234 1.9494 0.000
0.0107 2.0619 0.609
-0.0099 2.1800 0.791
-0.0071 2.1744 0.291
-0.0247 1.8931 0.162
0.0065 2.0619 0.547
-0.0021 2.1406 0.356
-0.0256 2.0112 0.770
-0.0596 1.9269 1.000
-0.0398 2.0169 0.000
0.0049 2.1069 0.602
-0.0015 2.2812 0.326
-0.0737 2.0112 0.930
-0.0973 2.0225 0.973
0.0079 2.0731 0.574
-0.0517 2.0731 0.879
-0.0297 1.9156 0.083
0.0012 1.8594 0.035
-0.0189 2.1181 0.052
-0.0053 2.0731 0.636
-0.0827 2.0450 0.965
-0.0021 1.8594 0.473
-0.0027 1.9888 0.639
-0.0402 2.0506 0.850
-0.0197 2.1294 0.000
-0.0002 1.9494 0.602
-0.0091 1.8594 0.223
-0.0418 1.9888 0.000
-0.0239 2.1350 0.793
0.0056 2.1744 0.677
-0.0554 1.9325 0.915
-0.0860 1.9888 1.000
-0.0811 2.0169 0.966
-0.0644 1.9044 0.966
-0.0369 2.0112 0.847
-0.0228 1.9269 0.777
-0.0650 1.9775 0.932
0.0022 1.8650 0.708
-0.0822 2.0506 0.902
-0.0636 2.1237 0.931
-0.0403 1.9550 0.821
-0.0621 1.9156 1.000
-0.0019 1.9944 0.589
-0.0701 2.0394 1.000
-0.0081 2.1350 0.772
-0.0956 2.0056 0.916
-0.0889 2.0169 0.880
-0.0864 2.0056 0.919
-0.0099 1.8425 0.249
0.0036 2.2194 0.675
-0.0305 1.9775 0.783
-0.0018 1.9212 0.628
-0.0181 2.1237 0.194
-0.0118 1.9156 0.227
-0.0208 2.0562 0.749
0.0166 2.0337 0.687
-0.0075 1.9944 0.344
-0.0093 2.0900 0.322
-0.0131 2.1350 0.251
-0.0008 2.1800 0.535
-0.0005 2.1856 0.571
0.0150 1.9944 0.704
-0.0793 2.0000 0.914
-0.0829 2.0394 1.000
0.0331 1.9888 0.494
-0.0535 1.9494 0.949
0.0058 2.1631 0.524
-0.0234 2.0394 0.091
-0.0631 1.9438 0.964
0.0084 2.0394 0.495
-0.0146 1.8706 0.770
0.0141 2.0394 0.550
-0.0768 2.0112 0.831
0.0098 2.0787 0.504
-0.0676 1.9212 0.978
-0.0562 2.0675 0.958
0.0004 2.2419 0.337
-0.0662 1.9775 1.000
-0.0566 1.9381 0.940
-0.0063 1.8369 0.685
-0.1326 1.9944 1.000
-0.0283 2.0112 0.788
-0.0635 2.0956 0.919
-0.0360 2.0394 0.000
-0.0019 2.1294 0.359
0.0108 2.0844 0.562
-0.0105 1.9831 0.367
-0.0041 2.1012 0.298
-0.0640 2.0787 0.955
0.0048 2.1463 0.574
0.0067 1.8762 0.431
-0.0158 2.1463 0.334
-0.0921 1.9663 1.000
-0.0129 1.8931 0.113
-0.0122 2.1125 0.000
0.0252 1.9944 0.481
-0.0023 1.9550 0.728
0.0004 2.2025 0.355
-0.0099 2.1463 0.313
-0.0270 1.8875 0.249
-0.0045 2.0900 0.426
-0.0587 2.0450 0.853
-0.0935 1.9831 0.917
-0.0638 1.8650 0.913
-0.1063 2.0169 0.966
-0.0004 1.9606 0.443
0.0051 2.0337 0.478
-0.0338 2.0506 0.856
-0.0637 1.9550 0.919
-0.0304 2.0225 0.000
-0.0572 2.0056 0.859
-0.0250 2.0337 0.038
-0.0647 2.1181 0.902
-0.0241 2.1294 0.053
-0.0049 1.8987 0.247
-0.0697 2.0731 1.000
-0.0909 2.0112 1.000
-0.0345 1.9381 0.045
-0.0359 2.0169 0.072
-0.0365 2.0675 0.864
-0.0247 1.9269 0.090
-0.0967 2.0169 1.000
-0.0257 1.8762 0.000
0.0012 1.9944 0.424
-0.0345 2.0337 0.780
-0.0151 2.1069 0.242
0.0000 1.8144 0.696
0.0029 1.9550 0.569
-0.1398 2.0000 1.000
-0.0312 1.9494 0.060
-0.0279 1.9494 0.000
-0.0726 2.0394 1.000
-0.0794 2.0056 1.000
-0.0190 1.8819 0.253
-0.0007 2.0787 0.667
0.0030 1.7975 0.495
-0.0315 2.0900 0.738
-0.0031 2.2081 0.662
-0.0021 1.8875 0.498
-0.0419 1.9381 0.867
0.0164 1.9944 0.692
-0.0190 1.9494 0.077
-0.0419 1.9212 0.851
-0.0123 2.1631 0.264
-0.0686 1.9438 0.961
-0.0562 1.9438 0.864
0.0078 1.9719 0.564
-0.0007 2.1069 0.623
-0.0114 1.9212 0.310
-0.0620 1.9269 0.998
-0.0018 1.8481 0.434
-0.0110 1.8594 0.260
-0.0934 1.9944 0.966
-0.0029 2.1069 0.338
-0.0496 1.9606 0.870
-0.0619 1.9100 1.000
-0.0292 2.0450 0.141
0.0114 2.0394 0.475
-0.0113 2.1125 0.161
-0.0639 2.1406 0.975
-0.1336 2.0000 1.000
-0.0049 2.1913 0.473
-0.0861 2.0169 0.959
0.0063 2.1350 0.677
-0.0010 1.8762 0.604
-0.0171 1.9775 0.129
-0.0175 1.8931 0.019
-0.0399 2.0675 0.000
-0.0144 2.1125 0.193
0.0034 2.0225 0.653
0.0009 2.1856 0.462
-0.0264 2.0281 0.743
-0.0125 1.9775 0.353
-0.0181 1.8875 0.000
-0.1233 2.0000 0.991
-0.0085 2.0844 0.387
-0.0797 1.9663 0.888
-0.0620 1.9606 0.956
-0.0020 1.7975 0.535
-0.0575 2.0562 0.968
0.0011 2.2306 0.535
-0.0115 2.0169 0.355
-0.0012 2.0844 0.721
-0.0192 2.0450 0.057
0.0126 2.0450 0.178
-0.0248 1.9212 0.284
-0.0694 2.0562 0.994
-0.0098 1.9944 0.284
-0.1145 2.0112 1.000
-0.0679 2.0281 1.000
0.0014 2.0112 0.591
-0.0263 2.0000 0.000
-0.0391 1.9381 0.854
-0.0115 1.9775 0.062
-0.0036 2.0844 0.570
-0.0135 1.9044 0.196
-0.0650 2.0506 0.930
0.0005 2.1181 0.622
-0.0090 1.9438 0.017
-0.0095 1.9606 0.324
0.0030 1.9606 0.473
-0.0186 2.0956 0.257
-0.0619 2.0225 0.927
-0.0150 1.8481 0.187
0.0058 1.8819 0.556
-0.0056 2.1856 0.348
-0.0412 2.0562 0.000
-0.0600 2.0562 0.961
-0.0191 2.0619 0.771
-0.0648 2.1519 0.955
0.0074 2.0337 0.586
-0.0579 2.0506 0.889
0.0034 1.9831 0.604
-0.0014 2.0900 0.598
0.0125 2.0112 0.622
-0.0380 2.0225 0.013
0.0061 1.9044 0.576
-0.0177 1.9044 0.797
-0.0699 2.0675 0.934
-0.0125 1.8538 0.790
-0.0179 2.0787 0.000
-0.0037 2.0562 0.654
0.0003 1.7300 0.377
0.0017 2.0506 0.453
-0.0267 1.9325 0.013
-0.0181 2.0506 0.088
0.0290 2.0056 0.554
-0.0071 2.0056 0.705
-0.1305 2.0056 1.000
0.0111 1.9663 0.453
-0.0958 2.0000 1.000
0.0026 2.0675 0.469
-0.0640 1.8987 0.931
-0.0341 2.0619 0.771
-0.0640 1.9100 0.964
0.0001 2.0675 0.330
-0.0282 2.0394 0.018
0.0222 1.9944 0.296
-0.0301 2.0337 0.000
-0.0117 2.0112 0.234
-0.0544 2.0394 0.974
-0.0033 1.9325 0.344
-0.0044 1.8762 0.355
-0.0154 2.0281 0.746
-0.0240 2.0844 0.747
-0.0072 1.9663 0.613
-0.0068 1.9775 0.300
-0.0423 1.9719 0.000
0.0045 1.9663 0.661
-0.0092 2.0281 0.218
-0.0970 1.9944 0.965
-0.0787 1.9550 0.974
-0.0078 1.9831 0.277
-0.0243 2.0562 0.190
0.0071 2.0956 0.381
-0.0477 2.0394 0.825
-0.0054 1.9606 0.393
-0.0609 2.0956 0.894
-0.1431 2.0056 1.000
-0.0092 1.9381 0.710
-0.0383 2.0281 0.820
-0.0872 2.0000 0.910
-0.0178 2.0619 0.234
-0.0468 2.0056 0.883
-0.0857 1.9775 0.959
-0.0001 2.2194 0.554
-0.0041 1.8313 0.759
-0.0875 1.9719 0.912
0.0005 2.0731 0.339
-0.0064 1.9325 0.179
-0.0620 2.1181 0.946
-0.0635 2.0337 1.000
-0.0094 2.1069 0.252
-0.0689 2.0225 0.922
0.0126 1.9888 0.239
0.0055 2.0281 0.602
-0.0577 1.9606 0.959
-0.0273 1.9663 0.088
-0.0210 2.0337 0.273
-0.0501 1.9719 0.839
-0.0030 2.2475 0.698
-0.0167 2.0056 0.306
0.0067 2.0956 0.725
-0.0873 2.0056 0.964
-0.0238 1.9325 0.132
-0.0091 1.9606 0.270
-0.0077 2.0506 0.233
-0.0057 1.8594 0.436
-0.0017 2.2869 0.372
-0.0494 2.0281 0.864
-0.0797 2.0112 0.941
-0.0037 1.8987 0.619
-0.0584 1.9325 0.835
-0.0082 2.0225 0.292
-0.1435 2.0000 1.000
-0.0164 2.0112 0.158
-0.0111 2.0900 0.053
0.0078 2.0000 0.543
-0.0324 2.0619 0.000
-0.0014 2.1350 0.353
-0.0117 2.0056 0.812
0.0135 1.9438 0.222
-0.0642 1.8931 0.953
-0.0219 2.0169 0.761
-0.0679 1.9888 0.993
-0.0366 2.0225 0.826
-0.0004 1.8819 0.612
0.0038 2.1688 0.560
-0.0064 2.1631 0.668
-0.0099 1.8369 0.214
-0.0605 2.0056 0.983
0.0049 1.8313 0.501
-0.1765 2.0000 0.964
-0.0178 2.1125 0.208
0.0234 2.0225 0.577
-0.0628 2.0619 0.914
0.0148 2.0506 0.714
0.0038 2.0844 0.617
-0.0161 1.8987 0.226
-0.0839 2.0225 0.960
-0.0193 1.8594 0.193
-0.0666 2.0675 0.874
-0.0485 2.0056 0.868
-0.0684 1.9325 0.967
-0.0757 1.9775 0.934
0.0043 2.0281 0.688
-0.0225 1.8875 0.107
-0.0068 2.1688 0.263
-0.0774 1.9494 0.889
-0.0103 2.1631 0.332
-0.0020 1.7075 0.620
-0.0018 1.7356 0.666
-0.0066 2.0225 0.543
0.0015 2.0000 0.727
-0.0713 1.9606 0.905
-0.0648 1.9663 0.939
-0.0657 2.0956 0.958
-0.0002 1.9831 0.521
-0.0348 2.0450 0.006
-0.0069 1.7919 0.633
-0.0419 1.9719 0.836
-0.0308 1.9775 0.796
-0.0096 1.9325 0.201
0.0038 2.0506 0.457
-0.0208 1.9269 0.108
-0.0531 2.0506 0.782
-0.0223 1.8762 0.240
0.0200 2.0225 0.329
0.0009 1.8481 0.680
-0.0099 1.9438 0.329
0.0125 2.0562 0.440
-0.0310 2.0394 0.161
-0.0391 2.0394 0.000
-0.0103 2.1575 0.212
-0.0017 2.2250 0.454
-0.0161 2.1237 0.179
-0.0114 2.1012 0.798
0.0263 1.9831 0.628
-0.0555 2.0000 0.842
-0.0195 2.1237 0.769
0.0055 1.8931 0.293
0.0017 2.2138 0.697
-0.0024 2.3375 0.304
-0.0499 2.0337 0.877
-0.0043 1.9719 0.435
0.0005 1.7188 0.385
-0.0059 2.0000 0.290
-0.0884 2.0225 0.895
-0.0082 2.0731 0.354
-0.0121 1.9212 0.135
0.0208 2.0281 0.681
-0.0408 1.9438 0.830
-0.0289 2.0900 0.000
-0.0589 1.9775 0.860
-0.0037 1.8200 0.428
-0.0785 2.0281 0.913
-0.0641 2.0900 0.990
-0.0683 2.0281 1.000
0.0048 1.9156 0.483
0.0046 2.1519 0.696
-0.0044 2.1181 0.322
-0.0122 2.1294 0.223
-0.0464 2.0169 0.869
-0.0003 1.9775 0.365
0.0126 2.0056 0.175
-0.0824 1.9719 0.900
-0.0024 2.3206 0.615
-0.0242 2.0619 0.053
-0.0031 1.7919 0.458
-0.0523 2.0056 1.000
0.0060 1.8875 0.390
-0.0006 2.2025 0.410
-0.0535 1.9775 0.905
-0.0036 2.1350 0.440
-0.0167 2.0225 0.261
-0.0254 1.9775 0.000
0.0058 2.2081 0.599
0.0134 2.0675 0.350
0.0015 2.1012 0.655
-0.0362 1.9438 0.000
0.0039 2.0450 0.581
-0.0207 1.9944 0.240
0.0037 1.7806 0.679
0.0011 2.1631 0.410
-0.0121 1.9663 0.221
0.0044 1.7694 0.368
-0.0038 2.0675 0.397
-0.0244 1.9719 0.758
-0.0308 1.9944 0.040
-0.1001 2.0000 0.964
-0.0054 2.0787 0.582
-0.0325 1.9212 0.000
-0.0401 1.9606 0.799
-0.0054 1.8875 0.470
-0.0043 1.9156 0.329
0.0064 1.8369 0.515
-0.0205 1.8538 0.764
-0.0131 2.0506 0.319
-0.0787 1.9888 0.924
-0.0027 1.8538 0.735
-0.0653 1.9381 0.937
-0.0034 2.0337 0.408
-0.0008 1.6569 0.698
-0.0418 1.9269 0.000
-0.0661 2.0450 1.000
-0.0353 1.9944 0.849
-0.0605 2.0731 0.943
-0.0038 1.9663 0.691
0.0013 1.9212 0.338
-0.0271 1.9044 0.000
-0.0600 1.9888 0.996
-0.0342 2.0112 0.806
-0.0282 1.9269 0.000
-0.0159 2.1406 0.772
-0.0049 1.8706 0.636
-0.0027 1.8369 0.316
0.0031 1.8875 0.727
0.0061 1.8538 0.460
-0.0035 1.9550 0.312
-0.0114 2.1069 0.332
0.0046 1.8594 0.721
-0.0214 2.0731 0.770
0.0053 2.0450 0.681
-0.0339 1.9719 0.761
0.0226 2.0169 0.706
-0.0012 2.3150 0.453
-0.0335 1.9888 0.783
-0.0291 2.0844 0.000
-0.0510 1.9888 0.863
-0.0287 2.0675 0.000
-0.0885 2.0281 1.000
-0.0362 2.0000 0.000
-0.0226 1.8931 0.000
-0.0423 2.0000 0.751
-0.0274 1.9212 0.197
-0.0562 1.9494 0.958
-0.0174 1.9550 0.017
0.0018 2.1069 0.427
-0.0736 1.9606 1.000
-0.0414 2.0000 0.856
-0.0436 2.0056 0.000
0.0152 2.0000 0.711
-0.0639 2.0619 0.931
-0.0087 2.1181 0.232
-0.0013 2.1575 0.639
0.0111 2.0450 0.640
0.0120 2.0619 0.721
-0.0491 1.9663 0.899
-0.0057 1.8481 0.308
-0.0106 2.1744 0.217
-0.0195 1.8875 0.000
-0.0663 1.9325 0.940
-0.0586 1.9663 0.847
-0.0693 2.0506 0.927
-0.0193 1.8987 0.741
-0.0039 1.8087 0.686
-0.0679 1.9606 0.943
-0.0964 1.9888 1.000
-0.0815 2.0056 0.948
-0.0138 2.0844 0.161
-0.0140 2.0619 0.624
0.0105 1.9438 0.542
-0.0096 1.9888 0.228
-0.0013 2.1012 0.336
-0.0191 2.1350 0.180
-0.0637 1.8762 0.994
-0.0677 1.9719 1.000
0.0013 1.9775 0.425
-0.0371 2.0337 0.000
-0.0417 2.0169 0.798
0.0001 2.0281 0.423
-0.0430 2.0450 0.000
0.0033 1.9888 0.533
-0.0044 1.7469 0.657
-0.0004 2.2700 0.581
-0.0645 2.0169 1.000
-0.1076 2.0000 1.000
-0.0559 1.9663 0.942
-0.0879 1.9831 0.981
-0.0546 2.0506 0.858
-0.0962 2.0112 0.970
-0.0024 2.3431 0.711
-0.1169 2.0000 1.000
0.0037 1.9494 0.626
-0.0609 1.9494 0.883
-0.0208 2.0281 0.118
0.0043 2.1969 0.518
-0.0010 1.9100 0.541
-0.0002 2.1969 0.672
-0.0569 1.9663 0.793
0.0184 2.0225 0.546
-0.0207 1.8650 0.000
-0.0071 2.0169 0.447
-0.0313 2.0450 0.175
-0.0531 1.9944 0.860
-0.0751 2.0000 0.931
-0.0827 2.0056 0.943
-0.0065 2.2081 0.421
0.0008 1.7862 0.707
0.0003 1.9606 0.647
-0.0047 1.9438 0.617
-0.0532 1.9831 0.878
-0.0393 2.0450 0.811
0.0081 1.9550 0.118
-0.0832 1.9494 0.935
-0.0572 2.0619 0.951
-0.0803 2.0450 0.929
-0.0143 2.0225 0.169
-0.0131 2.1519 0.269
0.0101 2.0225 0.415
-0.0122 2.0900 0.628
0.0046 2.0675 0.503
0.0029 2.0169 0.387
-0.0113 2.0844 0.252
-0.0201 2.0787 0.000
-0.0079 1.9044 0.286
0.0056 1.9775 0.502
0.0273 1.9719 0.591
0.0062 1.9550 0.595
-0.0666 2.0562 1.000
-0.0530 1.9663 0.873
-0.0317 2.0281 0.773
-0.0984 2.0056 0.886
-0.0042 2.2138 0.312
-0.0713 2.0112 0.948
0.0056 1.9663 0.593
-0.0719 1.9663 0.896
0.0106 1.9719 0.527
-0.0297 2.0787 0.163
-0.0675 1.9269 0.944
0.0027 2.1294 0.449
-0.0118 1.8762 0.184
-0.0014 1.6512 0.660
-0.0089 1.8538 0.666
-0.0048 1.9044 0.716
-0.0329 2.0169 0.000
-0.1205 2.0000 1.000
0.0154 2.0281 0.715
-0.0642 2.0112 0.970
-0.0636 2.1294 0.928
0.0068 2.1969 0.431
-0.0810 2.0506 0.992
-0.0216 2.0506 0.035
-0.0602 2.0281 0.898
-0.0462 2.0394 0.865
-0.0081 1.8987 0.360
-0.0093 2.0619 0.261
-0.0224 2.0900 0.798
-0.0655 2.0731 0.952
-0.0437 1.9663 0.863
-0.0104 2.0450 0.739
-0.0149 2.0619 0.739
-0.0226 1.9438 0.268
-0.0124 1.9325 0.232
-0.0854 1.9719 0.989
0.0077 2.0506 0.441
-0.0194 1.9831 0.221
0.0030 1.8144 0.824
-0.0788 1.9719 0.872
-0.0016 1.9269 0.572
-0.0268 1.9831 0.808
-0.0623 2.0169 0.939
-0.0086 2.1463 0.309
-0.0683 2.0844 0.928
0.0126 2.0394 0.207
-0.0106 1.9044 0.705
0.0016 1.7356 0.518
-0.0330 1.9775 0.841
-0.0505 2.0169 0.867
-0.0778 1.9663 0.962
0.0039 2.2419 0.472
-0.0198 2.1519 0.000
-0.0180 2.0675 0.283
-0.0193 1.8706 0.700
-0.0819 2.0169 0.931
-0.0296 1.9381 0.044
-0.0234 1.9606 0.824
0.0062 1.8031 0.445
-0.0021 1.7244 0.659
0.0038 2.2363 0.580
0.0048 2.1181 0.700
-0.0347 2.0394 0.783
0.0339 1.9775 0.572
-0.0320 1.9719 0.803
-0.0031 1.9381 0.509
0.0357 2.0000 0.603
-0.0253 1.9663 0.810
-0.0956 1.9888 0.881
-0.0032 2.0506 0.478
-0.0054 1.8762 0.264
-0.0381 1.9831 0.759
-0.0181 1.9494 0.281
-0.0343 2.0900 0.753
0.0006 2.0337 0.641
-0.0005 2.1237 0.473
-0.0288 1.9663 0.000
-0.0140 1.8481 0.146
0.0054 2.1575 0.621
-0.0061 2.2025 0.325
-0.0237 1.9381 0.225
-0.0316 1.9550 0.129
-0.0604 1.9325 0.947
-0.0023 2.1631 0.587
0.0170 1.9775 0.027
-0.0640 1.9494 0.924
0.0005 1.7412 0.612
0.0044 2.1856 0.649
-0.0644 2.1631 0.885
-0.0939 2.0112 0.950
-0.0747 1.9831 0.940
-0.0579 1.9775 0.855
-0.0474 2.0225 0.837
0.0189 2.0337 0.570
0.0154 1.9719 0.171
0.0043 2.0337 0.499
-0.0418 2.0281 0.819
-0.0250 2.0169 0.172
0.0022 2.0000 0.531
-0.0624 2.0000 0.919
-0.0123 1.9944 0.186
-0.0354 1.9269 0.046
-0.0143 1.9044 0.262
-0.0633 2.0281 0.961
-0.1137 2.0000 0.914
-0.0560 1.9438 0.916
-0.0108 1.8706 0.114
-0.0697 1.9269 0.924
0.0041 2.1125 0.386
-0.0641 2.0225 0.978
-0.0414 1.9156 0.821
-0.0279 2.1069 0.744
-0.0712 1.9438 0.985
0.0028 2.2081 0.433
-0.0240 1.8819 0.019
-0.0044 1.8144 0.390
-0.0680 2.0000 0.906
-0.0250 2.0506 0.117
-0.0271 2.0900 0.000
-0.0210 2.0956 0.773
-0.0456 1.9888 0.857
0.0008 2.0562 0.415
-0.0185 1.9100 0.752
-0.0744 1.9663 0.900
-0.0362 2.0562 0.045
-0.0163 2.0731 0.115
-0.0054 1.8650 0.408
-0.0300 2.0731 0.050
-0.0313 1.9438 0.015
0.0032 1.8538 0.594
-0.0612 2.0450 0.827
-0.0658 2.0844 0.950
-0.0695 1.9550 0.960
-0.0132 1.8819 0.212
-0.0197 2.1463 0.113
-0.0119 1.8650 0.241
-0.0004 1.7862 0.706
0.0142 2.0112 0.442
-0.0407 2.0450 0.850
-0.0265 1.8931 0.112
-0.0180 2.0281 0.280
-0.0419 1.9775 0.855
-0.0015 2.1744 0.427
-0.0160 2.0394 0.263
-0.0062 2.0450 0.713
-0.0540 2.0112 0.927
0.0064 1.8706 0.451
0.0176 2.0169 0.458
-0.0047 2.0169 0.291
-0.0674 2.0000 0.870
-0.0435 1.9550 0.849
0.0100 1.9944 0.078
0.0024 1.8481 0.666
-0.0442 1.9494 0.000
-0.0631 1.9044 0.918
0.0045 1.7862 0.642
0.0010 2.0844 0.649
0.0103 2.0169 0.689
0.0012 2.0056 0.379
0.0018 1.7919 0.544
0.0072 2.0675 0.687
-0.0536 2.0675 1.000
-0.0557 1.9381 1.000
0.0067 2.1237 0.574
-0.0210 1.8425 0.150
-0.0507 2.0394 0.877
-0.0529 2.0337 0.870
-0.0642 2.1069 0.883
-0.0230 1.8987 0.223
-0.0344 2.0731 0.824
-0.0304 1.9550 0.808
-0.0355 1.9888 0.000
-0.0283 1.9494 0.217
-0.0118 2.0956 0.708
-0.0201 2.0900 0.224
-0.1105 2.0000 1.000
-0.0146 1.9100 0.137
0.0118 2.0169 0.473
-0.0027 1.8031 0.607
-0.0497 2.0450 0.840
-0.0477 1.9831 0.894
0.0074 1.9269 0.715
-0.1076 1.9888 0.938
-0.0050 2.0844 0.667
-0.0586 2.0169 1.000
-0.0152 1.9156 0.736
-0.0082 2.0056 0.296
-0.0214 2.0281 0.215
-0.0011 1.8200 0.608
-0.0823 2.0112 0.951
-0.0131 1.9100 0.225
-0.0713 2.0506 0.984
-0.0161 1.9212 0.059
-0.0554 2.0281 0.911
-0.0224 1.9550 0.004
-0.0402 2.0225 0.000
0.0049 1.9100 0.289
-0.0036 1.8256 0.432
-0.0717 1.9944 1.000
-0.0228 2.0675 0.765
-0.0610 2.0506 0.910
-0.0156 1.8538 0.187
-0.0719 1.9381 0.919
-0.0109 2.0000 0.261
-0.0323 2.0506 0.000
-0.0600 2.0394 0.868
-0.0161 1.9550 0.766
-0.0015 1.8369 0.299
-0.0004 2.2138 0.716
-0.0670 1.9438 0.973
-0.0451 1.9775 0.863
-0.0281 2.0675 0.082
-0.0025 1.8819 0.347
0.0013 1.8369 0.579
-0.0181 2.0169 0.294
-0.0474 1.9944 0.835
0.0302 2.0056 0.471
0.0210 1.9831 0.575
-0.1298 2.0000 1.000
-0.0035 2.1688 0.586
-0.0016 2.2531 0.413
-0.0012 2.1519 0.366
0.0055 2.0562 0.570
-0.0024 1.8538 0.684
-0.0607 1.9831 0.917
0.0058 1.7975 0.450
-0.0479 1.9775 0.891
0.0043 1.9212 0.700
-0.0063 1.9100 0.278
-0.0765 2.0169 0.923
0.0198 1.9663 0.309
0.0198 2.0169 0.665
-0.0112 1.9719 0.260
-0.1130 1.9944 0.988
-0.0240 1.9606 0.811
-0.0677 1.9100 0.869
-0.0106 1.8538 0.419
0.0099 2.0675 0.455
0.0004 1.7469 0.550
-0.0022 2.0000 0.627
-0.0609 2.0844 1.000
-0.0066 1.9381 0.440
0.0038 1.8031 0.392
0.0037 2.1631 0.738
0.0019 2.2081 0.619
-0.0716 2.0675 0.914
0.0189 2.0112 0.675
-0.0081 1.9269 0.379
0.0039 2.0731 0.581
-0.0197 1.8762 0.185
-0.0686 1.9775 0.912
-0.0236 2.0056 0.785
-0.0601 2.0112 0.980
-0.0236 2.0900 0.000
-0.0119 1.8594 0.248
-0.0043 2.1463 0.730
-0.0721 2.0450 0.957
-0.0017 1.9663 0.547
-0.0557 2.0337 0.934
-0.0481 2.0281 0.854
-0.0157 2.0844 0.200
-0.1387 2.0056 1.000
-0.0286 2.0562 0.785
0.0023 1.8987 0.336
-0.0514 2.0112 0.849
0.0093 2.0056 0.536
-0.0505 2.0562 0.851
-0.0030 2.0731 0.625
-0.0136 2.1069 0.329
0.0112 2.0000 0.409
0.0030 2.1350 0.528
-0.0641 2.0562 0.912
0.0030 2.1575 0.600
-0.0268 2.0619 0.143
0.0015 1.8931 0.492
-0.0538 2.0619 0.872
0.0058 1.7919 0.635
0.0199 2.0056 0.626
-0.0086 2.1575 0.286
-0.0004 1.9831 0.645
-0.0905 1.9775 0.963
-0.0402 1.9325 0.868
-0.0060 2.1519 0.735
-0.0288 2.0056 0.185
-0.0228 2.0337 0.113
-0.0408 2.0731 0.000
0.0044 1.7750 0.566
-0.0840 2.0337 0.919
-0.0824 1.9606 0.966
0.0047 2.0000 0.453
0.0077 1.9775 0.400
-0.0559 1.9719 0.867
-0.0160 2.0562 0.768
-0.0624 2.0562 0.924
-0.0078 1.9325 0.213
-0.0818 1.9606 0.961
-0.0838 2.0619 0.935
-0.0786 2.0225 0.950
0.0040 2.0394 0.664
-0.0136 2.1575 0.040
-0.0016 1.7919 0.388
-0.0900 2.0056 1.000
-0.0180 1.9438 0.197
-0.0024 2.0450 0.469
0.0326 2.0056 0.560
-0.0600 2.0675 0.987
-0.0133 1.9494 0.156
-0.0704 2.0337 0.939
-0.0033 2.1800 0.538
0.0200 1.9831 0.299
0.0143 1.9888 0.718
0.0150 1.9831 0.376
-0.0000 2.0450 0.350
-0.0142 1.9944 0.032
0.0144 1.9663 0.461
-0.0018 1.8650 0.626
-0.0656 2.0169 0.865
-0.0154 2.0169 0.299
-0.0426 1.9944 0.000
-0.0014 2.0731 0.577
-0.0206 1.9888 0.000
0.0010 2.0169 0.708
-0.0031 2.2700 0.556
-0.0630 2.0731 0.987
-0.0304 2.0619 0.764
-0.0067 1.8425 0.707
0.0025 1.9719 0.475
-0.0348 2.0675 0.000
-0.0636 1.8875 0.927
-0.0242 2.0225 0.648
-0.0171 1.9831 0.035
-0.0834 1.9550 0.907
0.0001 1.9044 0.590
-0.0014 1.9719 0.595
-0.0393 1.9550 0.000
-0.0536 1.9719 1.000
-0.0560 1.9888 0.927
0.0090 1.9100 0.565
-0.0707 2.0225 0.997
0.0066 2.2138 0.562
-0.0666 1.9044 0.940
-0.0370 1.9325 0.842
-0.0659 1.9494 0.941
-0.0014 2.0112 0.544
-0.0204 1.9156 0.209
-0.0452 2.0225 0.867
-0.1412 2.0000 1.000
0.0199 1.9775 0.410
0.0167 1.9888 0.495
0.0117 1.9606 0.000
0.0053 2.0056 0.454
-0.0932 1.9888 0.918
-0.0500 1.9494 0.853
-0.0756 2.0225 0.931
-0.1026 2.0056 1.000
-0.0269 2.1125 0.000
-0.1094 1.9944 1.000
-0.0032 2.2194 0.617
-0.0185 2.0450 0.102
-0.0023 2.2588 0.461
-0.0155 2.1294 0.750
-0.0048 2.1969 0.419
-0.0111 1.8875 0.312
0.0103 1.9325 0.490
0.0017 1.9381 0.599
-0.0184 2.1069 0.133
0.0022 2.0787 0.665
-0.0242 2.1069 0.819
-0.0968 2.0000 0.863
-0.0937 2.0169 1.000
-0.0201 2.1406 0.257
0.0032 2.1069 0.559
-0.0003 1.8987 0.315
-0.0698 2.0900 0.853
-0.0008 1.8256 0.716
-0.0040 2.2250 0.724
-0.0076 1.8706 0.287
-0.0020 1.7188 0.635
-0.0155 1.8875 0.144
-0.0002 2.0056 0.519
-0.0330 1.9100 0.043
0.0058 1.9438 0.469
-0.0731 2.0225 0.938
-0.0011 1.7581 0.637
-0.0748 2.0281 0.903
-0.0166 1.9212 0.228
0.0111 2.0337 0.189
-0.0373 2.0450 0.000
0.0327 1.9831 0.501
-0.0630 1.9775 0.892
-0.1243 2.0056 0.934
-0.0012 2.3262 0.426
-0.0691 1.9831 0.999
-0.0496 1.9831 0.886
-0.0134 1.8987 0.110
-0.1335 2.0056 1.000
-0.0663 2.0225 0.956
-0.1708 2.0000 1.000
-0.0915 2.0056 0.950
-0.1059 2.0000 0.956
-0.0248 1.9044 0.776
0.0112 1.9212 0.391
0.0000 2.1744 0.332
-0.0047 2.0619 0.720
-0.0692 1.9212 0.996
-0.0648 1.9831 1.000
-0.0054 1.9831 0.590
0.0117 2.0281 0.502
-0.0289 2.0506 0.809
-0.0694 2.0112 0.891
-0.0371 1.9831 0.802
-0.0182 1.9888 0.775
-0.0183 1.9156 0.297
-0.0315 2.0844 0.826
-0.0911 1.9831 0.946
-0.0087 2.1294 0.183
0.0009 1.8031 0.468
0.0183 1.9663 0.680
-0.0255 1.9100 0.170
-0.0844 1.9606 0.952
0.0056 1.8144 0.616
-0.0406 1.9831 0.093
-0.0253 1.8987 0.135
-0.1041 2.0112 1.000
-0.0967 1.9831 0.895
-0.0130 1.9269 0.743
0.0016 2.2644 0.517
-0.0234 1.9775 0.766
-0.0652 2.0056 0.979
-0.0570 2.0675 0.869
-0.0339 1.9212 0.000
-0.0866 1.9944 0.924
-0.0011 1.8144 0.538
-0.0015 1.6963 0.409
-0.0720 1.9775 0.903
-0.0704 1.9831 0.967
-0.0614 1.9888 0.941
0.0029 2.0112 0.573
-0.0143 2.0337 0.081
-0.0322 1.9381 0.136
0.0266 2.0112 0.551
-0.0675 1.9663 0.907
-0.0438 1.9606 0.847
-0.0629 1.9325 0.946
-0.0304 1.9212 0.825
-0.0481 2.0169 0.838
-0.0914 2.0281 0.937
-0.0793 2.0337 0.901
-0.0696 1.9663 0.879
0.0007 1.8538 0.478
-0.0067 2.0956 0.711
-0.0178 2.0900 0.748
-0.0062 1.9438 0.312
-0.0664 1.9606 0.959
0.0041 1.9438 0.373
-0.0886 2.0112 1.000
0.0023 2.1012 0.685
-0.0032 1.7694 0.289
-0.0041 1.9775 0.690
-0.0590 2.0337 0.964
0.0150 1.9775 0.434
0.0117 1.9494 0.566
-0.0017 2.0619 0.403
-0.0118 2.0675 0.812
0.0096 1.9550 0.542
-0.0885 1.9888 0.961
-0.0686 2.0169 0.976
0.0023 1.9325 0.604
-0.0632 2.0281 1.000
-0.0169 1.8706 0.022
-0.0268 1.9269 0.769
0.0040 1.9775 0.672
0.0232 1.9775 0.343
-0.0160 1.8650 0.042
-0.0089 1.9100 0.255
-0.0181 1.9944 0.008
-0.0584 1.9494 0.856
-0.0704 1.9719 0.937
0.0178 2.0394 0.292
-0.0208 1.9550 0.136
-0.0008 1.7750 0.641
-0.0081 1.9212 0.227
0.0003 1.8706 0.454
-0.0084 2.0112 0.325
-0.0037 1.7356 0.698
-0.0508 1.9775 0.872
-0.0362 2.0281 0.834
-0.0642 2.1575 0.923
-0.0174 2.0000 0.129
-0.0002 2.2812 0.640
-0.0093 2.0787 0.253
0.0021 2.2700 0.573
-0.0249 1.8875 0.799
-0.0081 2.1125 0.276
-0.0569 2.0169 0.768
-0.0527 1.9269 0.910
-0.0593 2.0000 0.942
-0.0591 1.9944 0.951
-0.0621 2.0675 0.838
-0.0026 2.2025 0.291
-0.0013 1.8931 0.571
-0.0034 1.7806 0.469
-0.0770 1.9663 0.957
-0.0205 1.9719 0.167
-0.0104 1.9550 0.648
-0.0199 1.9381 0.000
-0.0086 1.8425 0.184
-0.0876 2.0169 1.000
0.0021 2.2531 0.705
0.0102 1.9269 0.413
-0.0698 1.9888 1.000
-0.0264 1.9888 0.811
-0.0316 2.0169 0.851
-0.0285 1.9719 0.780
-0.0581 2.0225 0.833
0.0224 2.0056 0.439
-0.0637 3.0058 1.000
-0.0727 3.0116 0.000
-0.0071 2.8955 0.676
-0.0232 2.9245 0.707
-0.0359 3.1045 0.000
-0.0603 2.9942 0.974
-0.0192 3.0523 0.406
-0.0346 3.0755 0.750
-0.0423 3.0232 1.000
-0.0391 3.2032 0.759
-0.0372 3.0232 1.000
-0.0448 3.0174 0.821
-0.0502 3.0174 0.956
-0.0341 2.9187 0.760
-0.0490 2.8432 0.910
-0.0288 2.9187 0.413
-0.0572 3.0058 0.942
-0.0050 2.9477 0.540
-0.0471 3.1974 0.800
-0.0356 2.9361 0.074
-0.0345 3.1045 0.284
-0.0406 3.1510 0.047
-0.0446 3.1277 0.897
-0.0527 3.0755 0.958
-0.0419 3.1626 0.812
-0.0064 3.0232 0.659
-0.0075 2.9303 0.566
-0.0411 3.0871 1.000
-0.0501 2.9129 0.869
-0.0451 2.6632 0.228
-0.0055 2.9245 0.344
-0.0291 3.0929 0.717
-0.0586 3.0581 0.000
-0.0675 3.0058 0.753
-0.0525 2.9013 1.000
-0.0078 2.9013 0.525
-0.0391 2.8374 0.886
-0.0138 2.9303 0.221
-0.0317 2.9071 0.750
-0.0491 3.1045 0.881
-0.0025 2.9826 0.552
-0.0353 3.0116 0.000
0.0007 2.9652 0.648
-0.0416 3.0639 0.079
-0.0235 3.1161 0.422
-0.0507 3.1626 0.869
-0.0345 3.0000 0.202
-0.0435 3.1335 0.809
-0.0805 3.0000 0.951
-0.0131 2.9826 0.676
-0.0521 2.8723 1.000
-0.0183 3.0232 0.418
-0.0525 3.0697 1.000
-0.0435 2.9477 0.862
-0.0360 2.9477 0.838
-0.0386 3.0697 0.251
-0.0508 3.0987 0.823
-0.0449 2.7329 0.856
-0.0227 2.9768 0.310
-0.0200 3.0348 0.422
-0.0646 2.9826 0.796
-0.0431 2.9129 0.930
-0.0443 2.6574 0.156
-0.0362 2.9245 0.182
0.0119 2.9884 0.332
-0.0377 3.1045 0.000
-0.0287 2.9013 0.048
-0.0485 2.9826 0.951
0.0028 3.0465 0.630
0.0137 3.0116 0.578
-0.0451 2.9768 0.936
-0.0147 2.9361 0.224
-0.0463 2.9071 0.052
-0.0293 3.0406 0.353
-0.0250 3.0465 0.716
-0.0831 2.9942 0.860
-0.0504 2.9884 1.000
-0.0439 2.7039 0.941
-0.0208 3.0639 0.157
-0.0397 3.0581 0.951
0.0070 2.9942 0.561
-0.0351 2.9013 0.754
-0.0244 3.0348 0.706
-0.0245 2.9013 0.000
-0.0516 2.8490 0.832
-0.0452 3.2497 0.955
-0.0434 3.0755 0.902
-0.0439 2.6748 0.929
-0.0378 2.9245 0.747
-0.0022 3.0348 0.529
-0.0551 3.0348 0.966
0.0166 3.0058 0.654
0.0370 2.9884 0.560
0.0363 3.0348 0.470
-0.0345 2.9419 0.767
-0.0458 3.0058 0.857
-0.0143 2.9594 0.000
0.0388 3.0290 0.581
-0.0295 2.9942 0.725
-0.0037 2.9013 0.571
0.0230 2.9942 0.598
-0.0473 2.8665 0.857
0.0352 2.9884 0.506
-0.0261 2.9071 0.022
-0.0408 3.1858 0.814
-0.0530 2.9129 1.000
0.0008 3.0348 0.455
0.0277 3.0000 0.816
-0.0465 3.0697 0.015
-0.0464 2.8897 0.923
-0.0031 2.8955 0.663
-0.0007 2.9245 0.611
-0.0294 2.9884 0.001
-0.0246 2.9245 0.705
-0.0296 2.9245 0.037
0.0135 2.9942 0.269
-0.0549 2.9535 0.855
-0.0420 2.7910 0.795
-0.0526 2.8665 0.143
-0.0401 3.1858 0.866
-0.0341 2.9652 0.716
0.0038 2.9594 0.653
-0.0014 3.0290 0.524
-0.0221 3.0174 0.096
-0.0379 3.0174 0.000
-0.0007 2.9768 0.397
-0.0221 3.0639 0.708
-0.0719 2.9768 0.787
-0.0532 3.1742 0.871
-0.0422 3.1277 0.877
-0.0434 2.7387 1.000
-0.0561 2.9419 0.117
-0.0535 2.9710 0.974
-0.0533 3.0813 1.000
-0.0717 2.9710 0.023
-0.0601 2.9710 0.908
0.0008 3.0000 0.606
-0.0477 3.1103 0.878
-0.0723 3.0116 0.869
-0.0532 3.0523 1.000
-0.0397 2.8200 0.961
-0.0610 2.9535 0.000
-0.0135 2.9419 0.474
-0.0451 3.2961 0.286
-0.0587 2.9652 0.062
0.0018 3.0290 0.549
-0.0418 2.8084 0.881
-0.0072 2.9535 0.681
-0.0008 2.9710 0.620
-0.0581 2.9594 0.851
0.0367 3.0000 0.534
0.0053 2.9245 0.589
-0.0536 2.9535 0.844
0.0154 3.0232 0.624
-0.0255 3.0697 0.737
-0.0148 2.9710 0.402
-0.0025 3.0929 0.484
-0.0459 3.1452 0.803
-0.0487 3.0000 0.851
-0.0821 3.0000 0.824
-0.0433 3.1800 0.852
-0.0535 3.0929 0.910
-0.0458 3.0871 0.169
-0.0481 2.8781 0.778
-0.0358 3.0348 0.084
-0.0403 3.1568 0.111
-0.0001 2.9361 0.638
-0.0108 3.0987 0.662
-0.0055 2.8897 0.648
-0.0439 2.8142 0.883
-0.0032 2.9071 0.558
-0.0040 3.0406 0.360
0.0049 2.9419 0.563
0.0043 2.9129 0.503
-0.0574 3.0116 0.237
-0.0538 3.1684 0.906
-0.0445 3.1103 0.870
-0.0280 2.9303 0.708
-0.0389 3.1045 0.776
-0.0322 2.9361 0.317
-0.0241 2.9826 0.356
-0.0357 3.0929 0.321
-0.0440 2.8316 0.949
-0.0527 3.0639 0.789
-0.0502 3.0465 0.914
-0.0555 3.0348 0.172
-0.0540 3.0058 0.809
-0.0283 2.9768 0.740
-0.0837 3.0000 0.000
-0.0446 3.1974 0.809
0.0024 3.0058 0.546
-0.0459 3.0813 0.843
-0.0311 3.0987 0.730
-0.0081 3.0639 0.431
-0.0388 2.9071 0.842
-0.0722 3.0174 0.928
-0.0132 2.9768 0.361
-0.0416 2.8781 0.977
-0.0527 2.8374 0.267
-0.0788 3.0174 0.000
-0.0146 3.0523 0.685
-0.0411 2.9071 0.885
-0.0402 2.8258 0.773
-0.0482 2.9187 0.969
-0.0014 2.9768 0.310
0.0031 2.9884 0.457
-0.0177 3.0290 0.184
-0.0817 2.9942 0.892
-0.0420 3.0406 0.791
-0.0377 3.0058 0.855
0.0044 3.0871 0.667
-0.0250 3.0813 0.685
-0.0554 3.0929 0.143
-0.0440 2.6516 0.920
-0.0506 3.0581 0.922
-0.0606 3.0116 0.000
-0.0519 2.9303 0.849
-0.0337 2.9594 0.281
-0.0415 2.8026 0.909
-0.0268 3.0290 0.382
-0.0450 3.0232 0.814
-0.0435 3.1161 0.265
-0.0016 2.9594 0.373
-0.0475 2.8723 1.000
-0.0102 2.9768 0.429
-0.0096 3.0813 0.528
-0.0632 3.0174 1.000
-0.0505 3.0929 0.835
-0.0049 2.9768 0.654
-0.0195 2.9419 0.260
-0.0019 3.0116 0.481
-0.0294 3.1045 0.718
-0.0460 3.1510 0.042
-0.0675 2.9768 0.119
-0.0780 2.9942 0.861
-0.0615 3.0523 0.187
-0.0496 3.0871 1.000
-0.0262 3.0058 0.342
0.0037 3.0581 0.460
-0.0461 3.2613 0.955
0.0376 3.0290 0.515
-0.0778 2.9826 0.870
-0.0389 3.0406 0.994
-0.0481 3.0929 0.808
0.0035 3.0348 0.584
0.0021 2.9826 0.627
-0.0208 3.0581 0.704
-0.0323 2.9535 0.293
-0.0666 3.0116 0.000
-0.0684 3.0116 0.022
-0.0383 2.9419 0.094
-0.0634 3.0116 0.788
-0.0410 2.8955 0.104
-0.0094 3.0290 0.420
-0.0511 3.0406 0.806
-0.0445 2.7561 0.923
-0.0490 3.1219 0.000
-0.0472 3.1742 0.745
-0.0509 3.1394 0.920
-0.0341 2.9361 0.169
-0.0350 3.0348 0.354
-0.0048 3.1161 0.365
-0.0289 3.0813 0.259
-0.0310 3.0116 0.125
-0.0005 3.0406 0.574
-0.0395 3.0639 0.078
-0.0430 2.7677 0.847
-0.0432 3.2497 0.305
-0.0066 3.1045 0.673
-0.0345 3.0174 0.324
-0.0422 2.7619 0.907
-0.0439 2.8490 0.847
-0.0018 3.0639 0.655
-0.0140 2.9187 0.650
-0.0441 3.0290 0.954
-0.0086 2.9768 0.544
-0.0553 2.9361 0.000
-0.0616 2.9652 0.000
-0.0409 2.9535 0.791
-0.0142 3.0465 0.240
-0.0256 2.9652 0.687
0.0397 2.9826 0.553
-0.0222 3.0348 0.203
-0.0523 3.0232 0.000
-0.0432 2.7271 0.925
-0.0402 3.1626 0.784
-0.0386 3.1277 0.866
-0.0030 3.0058 0.524
-0.0412 3.0697 0.233
-0.0418 3.1684 0.980
-0.0106 3.0697 0.681
-0.0317 2.9768 0.289
-0.0234 3.0929 0.421
-0.0383 3.0116 0.847
-0.0072 3.0465 0.433
-0.0444 3.1858 0.875
-0.0041 3.0174 0.553
-0.0438 3.0929 0.791
-0.0370 2.9942 0.814
-0.0032 2.9477 0.375
-0.0425 3.2671 0.914
-0.0709 3.0232 0.874
-0.0072 2.9071 0.644
0.0047 3.0174 0.522
-0.0781 3.0232 0.934
-0.0097 3.0813 0.568
-0.0403 2.9245 0.942
-0.0440 2.8374 0.198
-0.0300 3.0058 0.725
-0.0697 3.0174 0.328
-0.0064 3.0116 0.327
-0.0511 2.8026 0.848
-0.0214 3.0290 0.462
0.0386 2.9884 0.570
-0.0418 2.9768 0.845
-0.0427 2.9768 0.933
0.0022 3.0929 0.595
-0.0458 3.1568 0.849
0.0080 3.0058 0.390
-0.0093 2.9419 0.389
-0.0483 3.0813 0.909
-0.0251 3.0000 0.370
-0.0486 3.0290 0.934
-0.0460 2.7503 0.804
-0.0094 3.0465 0.303
0.0036 3.1219 0.465
-0.0239 2.9535 0.038
-0.0387 2.9477 0.960
-0.0197 3.0465 0.672
-0.0369 2.8955 0.803
-0.0255 2.9361 0.000
-0.0149 3.0058 0.678
-0.0618 3.0581 0.219
-0.0470 2.8200 0.842
-0.0375 3.1103 0.849
-0.0488 2.9013 0.812
-0.0199 2.9884 0.345
-0.0430 3.0000 0.958
-0.0427 2.7329 0.868
-0.0519 2.8432 0.721
-0.0109 2.9710 0.528
-0.0456 2.9013 0.827
-0.0675 2.9884 0.785
-0.0148 2.9071 0.639
-0.0222 3.0000 0.689
-0.0541 2.9710 0.917
-0.0013 3.0755 0.584
-0.0352 2.9710 0.774
-0.0427 2.8548 1.000
0.0455 3.0058 0.616
-0.0275 3.0929 0.710
-0.0672 2.9768 0.000
-0.0514 3.2090 0.175
-0.0476 3.0639 0.895
-0.0427 3.2555 0.256
-0.0433 2.8316 0.873
-0.0126 3.0755 0.390
-0.0241 3.0639 0.045
-0.0443 2.7794 0.854
-0.0721 2.9884 0.761
-0.0382 3.0929 0.842
-0.0306 3.0871 0.719
0.0000 3.0871 0.655
0.0230 3.0058 0.434
-0.0469 3.1800 0.944
-0.0324 3.0755 0.712
-0.0460 3.0406 0.881
-0.0477 2.8258 0.851
0.0065 2.9826 0.618
-0.0172 2.9826 0.372
-0.0716 2.9942 0.945
-0.0693 3.0116 0.881
-0.0503 2.8897 0.195
-0.0107 3.0871 0.436
0.0140 3.0000 0.571
-0.0534 2.9884 1.000
-0.0348 2.8955 0.730
-0.0501 2.9826 0.956
-0.0509 2.7910 0.921
0.0386 3.0000 0.611
-0.0394 2.9361 0.961
-0.0676 3.0000 0.000
-0.0372 3.0813 0.750
0.0401 2.9942 0.571
-0.0369 3.0581 0.180
-0.0109 2.9245 0.670
-0.0406 2.9187 0.297
0.0014 3.0174 0.454
0.0046 3.0813 0.487
0.0345 3.0116 0.493
-0.0355 3.0465 0.777
-0.0255 3.0929 0.732
-0.0227 3.0465 0.702
-0.0043 2.9187 0.562
-0.0446 3.3310 0.906
-0.0474 3.1394 0.090
-0.0134 3.0000 0.489
-0.0514 3.0871 0.966
-0.0354 3.0232 0.711
-0.0404 2.8432 0.879
-0.0159 3.0000 0.431
-0.0119 3.0465 0.276
-0.0368 3.0000 0.771
-0.0470 2.9652 0.000
-0.0131 3.0058 0.632
-0.0505 3.0000 0.211
-0.0250 2.9419 0.733
-0.0839 3.0058 0.978
-0.0670 3.0290 0.902
-0.0490 3.0929 0.931
0.0019 3.0697 0.623
-0.0425 2.8026 0.772
-0.0082 3.0581 0.329
-0.0448 3.2090 0.859
-0.0565 3.0406 0.000
-0.0283 2.9245 0.758
-0.0009 2.9129 0.747
-0.0521 2.9594 0.846
-0.0398 3.0348 0.838
-0.0347 2.9710 0.740
-0.0428 2.9419 0.919
-0.0364 3.0987 0.307
-0.0308 3.0465 0.704
-0.0126 3.0290 0.421
-0.0522 3.1626 1.000
-0.0093 2.9826 0.531
-0.0336 3.0290 0.000
-0.0369 2.9884 0.838
-0.0299 3.0174 0.692
-0.0167 3.0581 0.455
-0.0447 3.3368 0.847
-0.0411 2.8316 0.803
-0.0532 2.8316 0.922
-0.0490 3.1510 1.000
-0.0239 3.0523 0.703
-0.0054 3.0465 0.442
-0.0045 2.9826 0.660
-0.0344 3.0929 0.830
-0.0058 3.0697 0.655
-0.0052 3.0755 0.504
-0.0288 2.9071 0.381
-0.0514 2.9129 0.833
-0.0132 3.1045 0.430
-0.0314 3.1103 0.725
-0.0085 2.9013 0.352
-0.0382 3.0465 0.803
-0.0172 3.0174 0.282
-0.0095 2.9884 0.407
-0.0419 2.9594 0.899
-0.0303 2.9303 0.218
-0.0151 3.0174 0.398
-0.0183 2.9826 0.423
-0.0432 3.1742 0.906
-0.0314 3.0697 0.000
-0.0441 2.9419 0.927
-0.0108 2.9477 0.563
0.0020 2.9303 0.573
-0.0294 2.8723 0.348
-0.0429 2.7503 0.955
-0.0134 3.0639 0.444
-0.0516 3.1045 0.792
-0.0452 3.1510 0.963
0.0376 2.9710 0.540
-0.0216 2.9652 0.687
0.0065 2.9710 0.587
-0.0587 3.0174 0.000
-0.0520 3.0058 0.810
-0.0388 2.9826 0.207
-0.0277 3.0000 0.322
-0.0540 2.9303 0.984
-0.0327 3.0581 0.748
-0.0078 2.9884 0.553
-0.0450 2.8897 0.989
-0.0051 3.0348 0.658
-0.0278 3.0813 0.165
-0.0577 3.0290 0.034
-0.0417 3.1452 0.105
-0.0113 2.9129 0.436
-0.0539 3.0116 0.976
-0.0435 3.0639 0.949
-0.0466 3.2961 1.000
-0.0473 2.8084 0.249
-0.0503 3.0348 0.915
-0.0420 3.1045 0.857
-0.0393 3.0871 0.886
0.0132 3.0000 0.263
-0.0016 3.0000 0.374
-0.0479 3.1916 0.992
0.0170 3.0000 0.415
-0.0390 3.1103 0.895
0.0005 3.1103 0.629
0.0039 3.0058 0.508
-0.0031 3.0523 0.356
-0.0047 2.9710 0.633
-0.0282 2.9710 0.756
-0.0423 2.9884 0.822
-0.0423 2.9942 0.864
-0.0400 2.8606 0.948
-0.0452 3.2613 0.000
-0.0526 2.8606 0.870
-0.0525 3.0174 0.966
-0.0120 2.9477 0.362
0.0044 3.0290 0.586
-0.0148 3.0174 0.588
-0.0485 3.1510 0.895
-0.0282 2.9071 0.741
-0.0002 3.0523 0.652
-0.0352 3.0523 0.758
0.0039 2.9652 0.470
-0.0492 2.9652 0.855
-0.0450 2.8548 0.860
-0.0393 3.0813 0.091
-0.0628 2.9942 1.000
-0.0669 2.9710 0.758
-0.0589 3.0290 0.000
-0.0283 3.0871 0.295
-0.0415 3.1219 0.937
-0.0774 2.9942 0.930
-0.0476 3.0406 0.876
-0.0339 3.0465 0.779
0.0006 2.9884 0.595
-0.0232 3.0581 0.331
-0.0108 3.0348 0.633
-0.0423 3.2381 0.841
-0.0506 3.1916 0.802
-0.0489 3.1335 0.256
-0.0232 3.0406 0.238
-0.0167 2.9477 0.448
-0.0294 2.9303 0.134
-0.0422 3.0523 0.884
-0.0487 3.0581 0.271
-0.0504 2.8548 0.050
-0.0670 3.0406 0.000
-0.0373 3.0406 0.781
-0.0659 2.9942 0.020
-0.0408 3.0581 0.813
-0.0460 2.9361 0.926
-0.0445 3.2845 0.864
-0.0468 3.2497 1.000
-0.0321 3.0523 1.000
-0.0218 2.9303 0.358
-0.0437 3.3484 0.830
-0.0091 3.0987 0.537
-0.0571 2.9594 0.735
-0.0459 2.8606 0.933
-0.0358 3.0406 0.299
0.0321 3.0000 0.481
-0.0670 2.9594 0.000
-0.0080 3.1103 0.662
0.0182 3.0174 0.031
-0.0390 3.1510 0.267
-0.0412 3.0116 0.885
-0.0389 2.8490 0.848
-0.0289 3.0871 0.117
-0.0533 3.1045 0.904
-0.0484 2.8606 0.786
-0.0165 2.9884 0.443
-0.0452 3.0523 0.207
-0.0444 2.9884 0.889
-0.0455 2.9477 0.910
-0.0037 2.9594 0.381
-0.0132 2.9884 0.681
-0.0064 3.0523 0.584
-0.0157 2.9477 0.164
-0.0524 2.9652 0.883
-0.0426 2.8200 0.872
-0.0392 3.0755 0.744
0.0147 3.0058 0.644
-0.0514 3.0755 0.988
0.0097 2.9942 0.636
-0.0254 3.0232 0.717
-0.0077 2.9594 0.678
0.0010 3.0058 0.497
-0.0318 2.9071 0.747
-0.0165 3.0406 0.340
-0.0377 3.0348 0.834
0.0000 3.0116 0.612
-0.0189 2.9535 0.107
-0.0185 2.9477 0.156
-0.0005 2.9303 0.587
-0.0257 3.0581 0.200
0.0053 2.9594 0.582
0.0360 3.0174 0.846
-0.0046 3.0755 0.576
-0.0482 3.1800 0.896
-0.0294 2.9594 0.321
-0.0452 3.2206 0.870
-0.0463 3.2148 0.796
-0.0459 2.7387 0.984
-0.0022 2.9071 0.501
-0.0440 3.0639 0.149
0.0084 3.0000 0.604
-0.0469 2.7619 0.766
0.0041 3.0523 0.515
0.0483 3.0058 0.651
-0.0218 2.9826 0.086
-0.0445 2.8258 0.708
-0.0018 3.0406 0.380
-0.0288 3.1394 0.741
0.0012 2.9187 0.622
-0.0428 3.1626 0.251
-0.0518 2.8374 0.965
-0.0018 2.9419 0.549
-0.0470 3.2729 0.866
-0.0381 3.0523 0.785
-0.0217 2.9535 0.190
-0.0026 2.9245 0.405
-0.0252 3.0639 0.172
-0.0115 2.9942 0.665
-0.0508 2.8839 0.959
0.0674 3.0000 0.000
0.0117 2.9942 0.897
-0.0502 2.9710 0.006
-0.0116 3.0348 0.506
0.0061 3.0058 0.328
-0.0428 2.8839 0.843
-0.0554 3.0639 0.970
-0.0500 3.1161 0.846
-0.0460 2.8781 0.818
-0.0115 3.0523 0.603
-0.0415 2.9013 0.795
-0.0273 3.0465 0.708
-0.0015 3.0697 0.625
-0.0391 2.8839 0.052
-0.0302 2.9826 0.750
-0.0081 3.0755 0.598
-0.0188 3.0348 0.474
-0.0119 2.9245 0.201
-0.0099 3.0116 0.627
0.0043 2.9477 0.486
-0.0434 2.8258 0.881
-0.0201 3.0232 0.610
-0.0456 2.9826 0.857
0.0389 3.0116 0.580
0.0028 2.9245 0.592
-0.0449 2.8955 0.913
-0.0511 3.0174 0.092
-0.0377 2.9710 0.810
-0.0538 3.1568 0.808
-0.0398 2.9129 0.923
-0.0100 2.9826 0.444
-0.0459 3.1858 0.920
-0.0264 2.9419 0.732
-0.0079 3.0755 0.682
-0.0505 3.1974 0.924
-0.0376 2.8897 0.739
-0.0438 2.7445 0.960
-0.0320 3.0871 0.318
-0.0144 2.8955 0.374
-0.0447 3.0755 0.994
0.0058 3.0174 0.543
0.0034 2.9071 0.630
-0.0197 3.0174 0.100
-0.0314 2.8897 0.727
-0.0504 2.8548 1.000
-0.0325 3.0116 0.721
-0.0292 3.1277 0.347
-0.0515 3.0290 0.173
-0.0509 3.1858 1.000
-0.0540 2.9187 0.539
-0.0438 2.7735 0.793
-0.0470 3.0871 0.792
-0.0467 2.7097 0.149
-0.0154 3.0232 0.432
-0.0445 3.0581 0.263
-0.0419 2.9594 0.855
0.0000 2.9826 0.412
-0.0367 2.9129 0.196
-0.0480 2.8432 1.000
0.0537 3.0000 0.868
-0.0408 3.0755 0.923
-0.0530 3.1394 0.845
-0.0380 3.0755 0.793
0.0212 2.9942 0.473
-0.0055 2.9884 0.328
-0.0104 3.0465 0.195
-0.0555 3.0581 1.000
-0.0415 2.8490 0.823
-0.0254 2.9594 0.347
-0.0325 2.9129 0.313
0.0294 3.0058 0.461
-0.0121 3.0174 0.374
-0.0459 2.9594 0.278
0.0319 3.0058 0.492
-0.0433 2.9652 0.951
-0.0268 2.9187 0.699
-0.0009 3.0813 0.305
-0.0428 2.8606 1.000
-0.0452 3.1626 0.891
-0.0488 2.9594 0.884
-0.0681 3.0232 0.265
-0.0435 3.0929 0.822
-0.0071 2.9942 0.570
-0.0107 2.9013 0.310
-0.0325 3.0929 0.000
-0.0530 3.0348 0.137
0.0014 2.9710 0.455
-0.0466 2.7213 0.860
-0.0214 3.0465 0.339
-0.0553 3.0523 0.000
0.0032 2.9477 0.568
-0.0237 3.0406 0.058
-0.0477 3.0523 0.145
-0.0573 3.0406 0.853
0.0029 3.0987 0.495
-0.0459 2.7561 0.808
-0.0327 3.0348 0.745
-0.0298 3.0290 0.750
0.0107 3.0058 0.503
-0.0031 3.0871 0.402
-0.0412 2.8897 0.753
-0.0444 2.9826 0.023
-0.0414 2.8839 0.911
0.0051 2.9710 0.645
-0.0284 3.0232 0.757
0.0050 3.0697 0.534
-0.0355 2.9303 0.280
-0.0471 3.0987 0.976
-0.0094 3.0697 0.486
-0.0206 2.9652 0.365
0.0034 2.9361 0.457
-0.0441 2.8781 0.846
-0.0399 3.1394 0.919
-0.0700 3.0000 0.944
-0.0442 3.1800 0.928
-0.0088 2.9361 0.312
-0.0723 3.0000 0.836
-0.0486 2.8026 0.999
-0.0461 3.1219 0.926
-0.0531 3.0000 0.930
-0.0446 2.9652 0.993
-0.0425 2.9710 0.858
-0.0338 2.9477 0.733
-0.0373 2.9768 0.287
-0.0513 3.1800 1.000
-0.0119 3.0232 0.562
-0.0340 2.9535 0.301
-0.0411 2.9303 0.297
-0.0439 2.9129 0.309
-0.0385 3.1452 0.945
-0.0473 2.8955 0.809
-0.0451 2.6981 0.235
-0.0564 3.0232 0.032
-0.0153 3.0639 0.453
-0.0548 3.0174 0.907
-0.0615 2.9768 0.043
-0.0183 3.0000 0.107
-0.0519 3.1568 0.801
-0.1005 3.0000 0.877
-0.0335 3.0232 0.769
-0.0287 3.1452 0.227
-0.0272 3.0348 0.727
-0.0462 3.3135 1.000
-0.0595 3.0000 0.917
0.0001 3.0232 0.575
-0.0492 2.9884 0.889
-0.0468 2.7329 1.000
-0.0427 2.8723 0.876
-0.0458 2.7039 1.000
-0.0260 2.9826 0.254
-0.0347 2.9942 0.724
-0.0146 2.9652 0.666
-0.0429 2.8781 0.119
-0.0545 2.9826 0.000
-0.0221 2.9594 0.672
-0.0534 2.8548 0.789
-0.0767 2.9826 0.000
-0.0171 3.0000 0.241
0.0348 2.9768 0.491
-0.0663 3.0000 0.038
-0.0525 3.0406 1.000
-0.0478 3.1335 0.825
-0.0558 2.9942 1.000
-0.0181 2.9768 0.308
-0.0588 2.9826 0.000
0.0165 3.0116 0.402
-0.0674 2.9710 0.742
-0.0389 2.8897 0.921
-0.0054 2.9535 0.330
-0.0447 2.8665 0.193
-0.0247 2.9884 0.414
-0.0092 2.9535 0.486
-0.0440 2.9187 0.833
-0.0102 2.9361 0.025
-0.0450 3.2439 0.900
-0.0444 3.2032 0.831
-0.0787 3.0000 0.910
-0.0565 2.9768 0.827
0.0068 2.9768 0.590
-0.0235 3.0697 0.374
-0.0330 2.9187 0.738
-0.0494 2.8781 0.802
-0.0153 2.9768 0.417
-0.0822 3.0116 0.843
-0.0445 2.6458 0.914
-0.0567 2.9477 0.000
-0.0395 3.1916 1.000
-0.0505 3.0813 0.007
-0.0044 2.9942 0.636
-0.0388 3.0987 0.835
0.0074 2.9942 0.495
-0.0371 2.9652 0.237
-0.0130 2.9594 0.441
-0.0615 2.9884 0.000
-0.0641 3.0174 0.000
-0.0442 2.6806 0.863
-0.0524 2.9594 0.942
-0.0548 3.0000 0.235
-0.0442 3.0406 0.957
-0.0505 2.7852 0.986
-0.0508 2.8955 0.981
-0.0549 2.9594 0.171
-0.0413 3.1800 0.922
0.0054 2.9884 0.524
-0.0172 2.9594 0.454
-0.0333 3.0813 0.761
-0.0452 2.7387 0.000
-0.0036 3.1103 0.494
-0.0432 3.0348 0.865
-0.0247 2.9187 0.072
-0.0523 2.8258 0.855
0.0047 3.0581 0.539
-0.0152 3.0813 0.485
-0.0326 2.9710 0.760
-0.0505 2.9535 1.000
-0.0582 2.9477 0.000
-0.0541 3.0465 0.858
-0.0215 2.9594 0.320
-0.0610 3.0639 0.130
-0.0641 2.9594 0.000
-0.0526 3.1335 0.973
0.0136 2.9884 0.582
-0.0318 3.0639 0.740
-0.0481 2.8316 0.253
-0.0232 3.0523 0.079
-0.0280 2.9419 0.751
-0.0155 3.0523 0.420
-0.0400 3.0116 0.916
-0.0440 3.2903 0.875
-0.0510 2.8665 0.787
-0.0450 2.7619 0.844
-0.0477 2.8839 0.186
-0.0357 3.0871 0.000
0.0006 2.9129 0.619
-0.0428 2.9535 0.948
-0.0617 3.0406 0.094
-0.0485 3.1858 0.954
-0.0112 3.0755 0.431
-0.0690 3.0290 0.839
-0.0458 3.0290 0.152
-0.0405 2.8142 0.122
-0.0001 2.9535 0.550
-0.0483 3.2148 0.825
-0.0367 2.9535 0.782
-0.0530 3.1103 0.955
-0.0454 2.8955 0.899
-0.0182 2.9710 0.453
-0.0154 2.9187 0.207
-0.0394 2.8084 0.862
-0.0538 2.8897 0.000
-0.0469 3.3019 0.208
-0.0453 3.1916 0.186
-0.0515 2.7968 0.205
0.0102 3.0058 0.610
0.0265 3.0058 0.022
-0.0352 3.0697 0.758
-0.0504 2.8897 1.000
-0.0453 3.3019 0.845
-0.0038 2.9361 0.634
-0.0189 2.9652 0.188
-0.0008 2.9594 0.572
-0.0566 3.0116 0.198
-0.0453 3.1335 0.996
-0.0608 2.9477 0.137
-0.0046 3.0581 0.641
0.0025 3.0639 0.553
-0.0481 3.1045 0.880
-0.0419 3.2090 0.908
-0.0532 2.9826 0.295
-0.0520 3.1277 0.887
-0.0130 2.9768 0.145
-0.0457 3.2555 0.830
-0.0263 2.9768 0.663
-0.0074 2.9187 0.661
-0.0568 2.9710 0.184
-0.0563 2.9652 0.278
0.0146 2.9942 0.417
-0.0292 2.8781 0.761
-0.0459 2.7910 0.955
0.0343 3.0058 0.557
0.0017 3.0639 0.452
0.0051 3.0639 0.484
0.0037 2.8665 0.558
-0.0656 2.9942 0.000
-0.0379 2.9826 0.757
-0.0502 2.8665 0.000
-0.0087 3.0871 0.457
-0.0507 3.1103 0.891
-0.0406 2.8606 0.748
-0.0424 3.1858 0.805
-0.0034 3.0987 0.375
-0.0501 2.9535 0.834
-0.0483 2.7910 0.910
-0.0270 3.0116 0.779
0.0017 3.0755 0.443
-0.0475 3.0581 0.783
0.0033 3.0697 0.543
-0.0475 2.9129 1.000
-0.0818 3.0058 0.000
-0.0842 3.0116 0.770
-0.0579 2.9942 0.000
-0.0528 2.9361 1.000
-0.0203 3.0116 0.232
-0.0613 3.0697 0.000
-0.0321 3.0232 0.302
-0.0460 2.8723 0.841
-0.0380 2.9129 0.873
0.0069 3.0116 0.610
-0.0288 2.9477 0.756
-0.0474 3.0755 0.887
-0.0513 2.9419 0.957
-0.0579 3.0348 0.055
-0.0416 3.1394 0.746
-0.0226 3.0697 0.000
-0.0291 3.1103 0.000
-0.0010 2.9942 0.553
-0.0478 2.9013 1.000
-0.0354 2.8897 0.176
0.0115 3.0000 0.620
-0.0304 2.9419 0.754
-0.0119 2.9071 0.659
-0.0369 2.9303 0.132
-0.0287 3.0465 0.758
-0.0417 3.1916 0.973
-0.0180 3.0523 0.465
-0.0417 2.8723 0.966
-0.0095 2.9652 0.591
-0.0432 2.8955 0.789
-0.0418 3.0290 0.869
-0.0317 2.9594 0.250
0.0041 2.9071 0.534
-0.0158 2.9245 0.314
-0.0033 3.0929 0.642
0.0261 3.0000 0.581
-0.0052 2.9187 0.457
-0.0672 3.0465 0.723
-0.0398 2.8316 0.883
-0.0060 3.0987 0.642
0.0012 3.0929 0.407
-0.0766 3.0232 0.132
-0.0587 3.0465 1.000
0.0198 3.0000 0.412
-0.0442 3.2671 0.880
-0.0452 2.8432 0.984
-0.0337 3.0639 0.235
-0.0408 3.0174 0.000
-0.0256 3.0348 0.741
-0.0059 2.8839 0.677
-0.0335 2.9884 0.728
-0.0167 3.0406 0.409
-0.0465 2.6923 1.000
0.0034 3.0116 0.596
-0.0126 3.0871 0.756
-0.0438 2.8606 0.867
-0.0526 3.0581 0.802
-0.0103 2.9942 0.487
-0.0455 2.8142 1.000
-0.0456 3.0116 0.934
-0.0285 3.0000 0.709
-0.0449 2.7097 0.000
-0.0463 2.8839 0.214
-0.0438 2.9477 0.923
-0.1021 3.0000 0.107
-0.0233 3.0755 0.010
-0.0145 3.0348 0.667
-0.0241 2.9710 0.710
-0.0361 2.9071 0.248
0.0093 3.0116 0.044
-0.0254 2.9245 0.714
-0.0486 2.9652 0.827
-0.0059 2.9129 0.544
-0.0457 3.1277 0.965
-0.0370 3.0697 0.764
-0.0418 3.0813 0.830
-0.0257 2.9303 0.013
-0.0525 2.8723 0.219
-0.0375 2.9361 0.185
-0.0466 2.8258 0.822
-0.0469 2.8490 0.974
-0.0500 2.9187 0.000
-0.0051 3.0290 0.509
-0.0436 3.0348 0.859
0.0024 3.0871 0.492
-0.0171 2.9535 0.508
-0.0439 2.7910 0.904
0.0011 3.0987 0.619
0.0366 2.9826 0.542
0.0406 3.0058 0.572
-0.0491 3.0639 0.899
-0.0386 2.8781 0.094
-0.0394 2.9710 0.045
-0.0570 2.9884 0.091
-0.0443 3.1916 0.865
-0.0640 2.9710 1.000
-0.0079 3.0348 0.628
-0.0478 3.2090 0.992
-0.0489 3.0058 0.864
0.0015 2.9942 0.743
-0.0056 3.0058 0.579
-0.0448 3.1219 0.833
-0.0053 2.9361 0.676
-0.0265 3.0871 0.716
-0.0165 2.9594 0.683
-0.0110 3.0581 0.461
-0.0589 2.9768 0.030
-0.0475 3.0465 0.740
-0.0459 2.7968 0.956
-0.0380 2.9535 0.279
-0.0454 3.2032 0.833
-0.0456 3.0174 0.853
-0.0483 3.1626 0.002
-0.0347 3.0581 0.798
-0.0416 2.9419 0.799
-0.0406 3.1161 0.850
-0.0537 2.8955 1.000
-0.0468 3.3077 0.831
-0.0221 2.9419 0.073
-0.0155 2.9942 0.261
-0.0173 3.0465 0.027
-0.0244 3.1045 0.247
-0.0485 2.8548 0.871
0.0007 2.9361 0.527
-0.0297 3.1335 0.000
-0.0468 2.7794 0.834
-0.0387 2.9187 0.791
-0.0445 3.3426 0.938
-0.0437 2.8026 0.930
-0.0216 3.0406 0.349
0.0026 2.9768 0.497
-0.0390 2.9303 0.915
-0.0545 3.0813 0.000
0.0021 2.9594 0.653
0.0211 3.0058 0.526
0.0361 2.9652 0.497
-0.0008 2.9884 0.658
0.0044 2.9535 0.485
-0.0076 3.0174 0.639
-0.0507 2.9361 0.125
-0.0499 2.8839 0.844
-0.0461 2.7735 0.000
-0.0343 3.0987 0.784
-0.0010 3.0755 0.501
0.0398 3.0116 0.533
-0.0300 2.9768 0.692
-0.0315 3.0929 0.175
0.0045 2.9942 0.481
-0.0373 2.9187 0.767
-0.0442 3.2787 1.000
-0.0040 2.9884 0.360
-0.0510 2.9477 0.820
-0.0660 2.9884 0.000
-0.0494 3.0813 0.880
-0.0108 2.9303 0.418
-0.0510 2.8142 0.841
-0.0305 3.0232 0.043
0.0005 2.9245 0.395
-0.0167 3.0058 0.471
-0.0228 3.0755 0.728
-0.0293 3.0755 0.299
-0.0518 2.9768 0.912
-0.0096 3.0232 0.653
-0.0238 3.0174 0.704
-0.0092 2.9594 0.452
-0.0268 2.9535 0.408
-0.0026 2.9535 0.468
-0.0100 3.0232 0.547
-0.0160 3.0116 0.588
0.0033 2.9129 0.452
0.0105 3.0000 0.244
-0.0064 3.0987 0.562
-0.0418 3.0232 0.978
-0.0587 3.0000 0.054
-0.0067 3.0290 0.621
-0.0457 3.0348 1.000
-0.0456 3.2381 0.913
-0.0399 2.9768 0.852
-0.0435 2.8490 0.966
-0.0295 3.0987 0.168
-0.0498 2.9477 0.968
-0.0468 3.2439 1.000
-0.0471 3.2032 0.957
0.0295 3.0000 0.460
-0.0318 2.9477 0.278
-0.0514 2.9652 0.023
-0.0395 2.9535 0.938
-0.0502 2.8723 0.163
-0.0391 2.9942 0.866
0.0374 2.9768 0.520
0.0486 3.0000 0.604
-0.0276 2.9594 0.745
-0.0042 3.0697 0.083
-0.0493 2.8490 0.859
-0.0136 2.9535 0.396
-0.0151 3.0581 0.306
-0.0253 3.0406 0.746
-0.0300 2.8955 1.000
-0.0151 3.0755 0.497
-0.0714 3.0058 0.945
-0.0389 3.0523 0.839
-0.0479 2.9419 0.054
-0.0425 3.0058 0.847
0.0069 2.9884 0.487
-0.0034 3.0348 0.429
-0.0467 2.8432 0.927
-0.0292 2.8606 0.590
-0.0346 3.0697 0.907
-0.0021 2.9477 0.361
-0.0238 3.0465 0.381
-0.0553 2.9129 0.000
-0.0430 3.1684 0.941
-0.0535 3.0116 1.000
-0.0524 3.0871 0.869
-0.0081 3.0058 0.551
-0.0393 3.0232 0.209
-0.0437 3.0871 0.846
-0.0603 3.0232 0.000
-0.0619 3.0174 0.072
-0.0111 2.9187 0.309
0.0021 3.1045 0.487
-0.0526 3.1277 0.880
-0.0454 3.1974 0.868
-0.0523 3.1510 0.810
-0.0288 3.0523 0.369
0.0114 3.0116 0.665
-0.0056 3.0000 0.664
-0.0302 2.9652 0.244
-0.0729 3.0058 1.000
-0.0124 2.9884 0.639
-0.0006 3.0348 0.370
-0.0442 2.8839 0.949
-0.0301 2.9535 0.744
-0.0613 2.9942 0.000
-0.0337 3.0058 0.746
-0.0413 3.0058 1.000
0.0003 3.0174 0.413
0.0066 3.0232 0.341
-0.0306 2.9129 0.771
0.0174 2.9942 0.613
0.0005 3.0116 0.416
-0.0526 2.9245 0.908
-0.0176 2.9884 0.713
-0.0460 3.1626 0.837
-0.0082 2.9129 0.497
-0.0768 2.9710 0.902
-0.0471 3.1452 1.000
0.0377 3.0116 0.546
-0.0420 3.0871 0.815
0.0018 2.9477 0.596
-0.0678 2.9826 1.000
0.0370 3.0174 0.512
-0.0453 3.2265 0.734
-0.0040 3.0465 0.646
-0.0308 2.9245 0.782
-0.0428 2.9245 0.904
-0.0115 2.9652 0.504
-0.0047 3.0929 0.382
-0.0469 3.2206 0.472
-0.0448 3.3542 0.845
-0.0004 3.0290 0.655
-0.0013 3.0058 0.375
0.0232 3.0000 0.654
-0.0425 2.8374 0.788
-0.0610 2.9710 0.851
0.0406 3.0000 0.000
-0.0438 3.3194 0.906
-0.0055 3.0116 0.580
-0.0502 3.1277 0.846
0.0210 3.0116 0.600
-0.0299 3.0348 0.061
-0.0482 2.9594 0.880
-0.0243 2.9071 0.730
-0.0745 3.0000 0.098
0.0339 3.0000 0.530
-0.0458 2.9303 0.858
-0.0532 2.9303 0.986
-0.0133 2.9245 0.674
-0.0391 2.8026 1.000
-0.0490 3.0987 0.847
-0.0445 2.7503 0.937
-0.0192 3.0116 0.381
-0.0235 2.9129 0.426
-0.0521 2.9826 0.840
-0.0053 2.9942 0.185
-0.0507 3.0348 0.970
-0.0501 2.9303 1.000
-0.0502 3.0697 0.865
-0.0281 2.9942 0.765
-0.0046 3.0639 0.526
-0.0450 3.0987 0.030
0.0465 3.0000 0.000
-0.0590 2.9884 1.000
-0.0023 3.0813 0.379
-0.0567 3.0523 0.796
-0.0517 3.0523 0.909
-0.0418 3.1103 0.864
-0.0484 3.1568 0.004
-0.0574 2.9884 0.213
-0.0398 2.9884 0.803
-0.0115 2.9826 0.516
-0.0293 2.8839 0.403
-0.0536 2.8781 0.087
0.0024 3.1161 0.467
-0.0207 3.0058 0.812
-0.0278 2.9652 0.689
-0.0648 2.9768 0.000
-0.0485 2.9884 0.880
-0.0388 3.1684 0.787
-0.0729 3.0000 0.836
-0.0316 3.0348 0.272
-0.0119 3.0406 0.580
-0.0363 2.9768 0.078
-0.0124 3.0116 0.418
-0.0458 2.7445 0.274
-0.0217 2.9884 0.355
0.0028 2.9710 0.625
-0.0523 3.0465 0.859
-0.0472 3.1684 0.006
0.0035 3.0523 0.570
-0.0398 2.9013 0.979
-0.0475 2.8897 0.000
-0.0530 2.9942 0.000
-0.0270 3.0697 0.736
-0.0434 2.9187 0.893
-0.0518 2.8200 1.000
-0.0323 3.0465 0.741
-0.0081 3.0523 0.682
-0.0425 2.7735 0.828
-0.0459 2.9419 0.948
-0.0428 3.2613 0.100
-0.0572 3.0290 0.079
-0.0410 2.9652 0.803
-0.0242 3.1103 0.398
-0.0383 3.0871 0.841
-0.0567 3.0639 0.877
-0.0484 3.0058 0.267
-0.0444 2.7968 0.230
0.0345 2.9710 0.493
-0.0216 3.0232 0.078
-0.0388 2.8142 0.921
-0.0151 3.0465 0.690
-0.0140 3.0929 0.652
-0.0501 3.1568 0.922
-0.0118 2.9535 0.685
0.0358 3.0000 0.525
0.0385 2.9768 0.554
-0.0505 3.1510 0.800
-0.0485 2.9071 0.807
-0.0444 2.9361 0.847
-0.0261 3.0116 0.726
-0.0481 2.9942 0.272
-0.0367 2.9594 0.772
-0.0265 2.9129 0.310
0.0058 3.0348 0.467
-0.0047 3.0813 0.478
-0.0475 2.9477 0.123
-0.0071 2.9477 0.476
-0.0405 3.0465 0.952
-0.0418 2.9477 0.924
-0.0447 3.1394 0.913
-0.0328 3.0406 0.743
-0.0370 3.0987 0.787
-0.0315 3.0523 0.783
-0.0453 3.2555 0.991
-0.0229 3.0116 0.690
-0.0389 3.1974 0.766
-0.0773 3.0290 0.831
-0.0122 2.9129 0.691
-0.0459 2.9187 0.821
-0.0070 2.9768 0.652
-0.0458 3.0581 0.954
-0.0270 3.0987 0.756
-0.0375 3.0290 0.060
-0.0002 2.9187 0.688
-0.0172 3.0232 0.379
-0.0394 3.0000 0.102
-0.0307 3.0813 0.779
0.0050 2.9187 0.666
-0.0433 2.7445 0.937
-0.0417 2.9361 0.829
-0.0001 3.0697 0.407
-0.0337 2.9826 0.734
-0.0714 3.0348 0.873
-0.0602 2.9652 0.000
0.0010 3.0232 0.501
-0.0035 2.9768 0.390
0.0040 3.0232 0.637
-0.0668 2.9826 0.876
0.0023 2.9013 0.451
-0.0359 3.1103 0.775
-0.0428 2.7852 0.896
-0.0450 2.9071 1.000
-0.0346 3.0116 0.781
-0.0465 2.8084 0.793
-0.0462 2.7677 1.000
-0.0409 2.8548 0.106
-0.0008 3.0581 0.475
-0.0199 3.0581 0.678
-0.0470 3.0755 0.868
-0.0058 3.0406 0.640
-0.0515 3.2206 0.917
-0.0523 2.8490 1.000
-0.0047 2.9594 0.669
-0.0374 2.9477 0.761
-0.0504 3.1452 0.004
-0.0756 3.0058 0.902
0.0327 2.9884 0.475
-0.0443 3.1684 0.919
-0.0785 3.0116 0.000
-0.0125 3.0929 0.643
-0.0444 2.8084 0.168
-0.0514 2.9710 0.080
-0.0295 2.9361 0.328
-0.0625 2.9884 1.000
-0.0299 2.9419 0.733
-0.0115 2.9303 0.661
-0.0652 3.0406 0.898
-0.0193 3.0290 0.221
-0.0143 3.0290 0.492
-0.0272 3.1045 0.705
-0.0580 3.0232 0.000
-0.0060 3.1103 0.669
-0.0441 3.2729 0.909
-0.0420 2.8897 0.800
-0.0117 3.0639 0.650
-0.0286 2.8897 0.311
-0.0719 2.9826 0.960
0.0025 3.1335 0.587
-0.0317 3.0000 0.245
-0.0542 3.0232 0.000
-0.0405 3.0348 0.982
-0.0121 2.9419 0.623
-0.0463 2.9942 0.981
-0.0021 2.9361 0.209
-0.0065 2.9826 0.476
-0.0242 3.0871 0.063
-0.0464 2.7852 0.118
-0.0479 3.0174 0.931
-0.0230 2.9477 0.710
-0.0296 3.0581 0.759
0.0222 3.0000 0.426
0.0393 3.0348 0.551
0.0045 3.0755 0.513
-0.0213 3.0523 0.054
-0.0591 3.0058 0.000
-0.0029 2.9652 0.589
-0.0026 2.9710 0.367
-0.0284 2.9710 0.753
-0.0491 2.8374 0.972
-0.0468 2.8548 0.993
0.0052 2.9303 0.592
-0.0428 3.1974 0.885
-0.0424 2.8432 1.000
-0.0440 3.1742 0.131
-0.0448 3.0000 0.839
-0.0509 3.0465 0.111
0.0034 3.1394 0.500
-0.0250 3.0290 0.729
-0.0054 3.0639 0.678
-0.0483 2.9303 1.000
0.0026 2.9535 0.613
-0.0455 3.0987 0.943
-0.0109 3.0000 0.271
-0.0617 2.9594 0.743
-0.0364 2.8955 0.261
-0.0208 2.9768 0.182
-0.0038 2.9535 0.355
-0.0363 2.9652 0.752
-0.0423 3.2265 0.101
-0.0442 3.0465 0.922
-0.0455 3.2090 0.995
-0.0211 2.9477 0.000
-0.0317 2.8955 0.729
-0.0624 2.9826 0.000
0.0035 2.8723 0.609
-0.0216 2.9710 0.398
-0.0520 2.8606 1.000
-0.0433 3.2323 1.000
-0.0363 2.9942 0.747
-0.0246 3.0000 0.538
-0.0356 2.9826 0.769
-0.0291 2.9535 0.355
-0.0090 3.0406 0.277
0.0356 2.9826 0.526
-0.0330 2.9245 0.750
-0.0185 2.9942 0.259
-0.0413 2.9710 1.000
-0.0417 2.8200 0.838
0.0163 3.0174 0.521
-0.0355 2.9419 0.150
-0.0306 3.1045 0.338
-0.0570 3.0000 1.000
-0.0371 2.9594 0.231
-0.0464 3.0232 0.948
-0.0391 3.0174 0.000
-0.0131 2.9710 0.235
-0.0398 2.9652 0.995
-0.0448 3.0116 0.316
0.0038 3.1045 0.464
-0.0136 3.0755 0.141
-0.0081 3.0348 0.466
-0.0093 2.9477 0.650
-0.0208 2.9361 0.011
-0.0438 3.2148 0.858
-0.0177 3.0116 0.549
-0.0331 2.9768 0.340
-0.0510 3.1742 0.098
0.0026 2.9419 0.469
-0.0025 2.9303 0.808
-0.0318 3.0174 0.222
-0.0192 2.9768 0.701
0.0042 3.0406 0.460
-0.0545 3.0755 0.850
-0.0036 3.0116 0.475
-0.0644 3.0000 0.851
-0.0439 2.6865 0.905
-0.0979 3.0000 0.912
-0.0509 2.9187 0.226
-0.0530 3.1219 0.882
-0.0507 2.8084 0.930
0.0384 3.0058 0.837
-0.0543 2.9942 1.000
-0.0417 3.0987 0.000
-0.0705 3.0058 0.796
-0.0016 2.9884 0.524
-0.0413 3.1335 0.906
-0.0541 2.9419 0.915
-0.0039 3.0000 0.590
-0.0236 2.9768 0.549
-0.0765 2.9768 0.842
-0.0455 2.8374 1.000
-0.0136 3.0581 0.613
-0.0772 3.0174 0.854
-0.0038 2.9245 0.321
-0.0126 3.0813 0.457
0.0147 2.9826 0.209
-0.0187 2.9594 0.636
-0.0439 3.3252 0.256
-0.0121 2.9361 0.460
0.0148 3.0174 0.467
-0.0057 3.0581 0.552
-0.0710 3.0290 0.182
-0.0243 3.0290 0.716
-0.0043 3.0232 0.626
0.0008 2.9768 0.630
0.0186 3.0000 0.491
-0.0474 2.8490 0.797
-0.0060 2.9303 0.512
-0.0415 3.1277 1.000
-0.0531 2.9187 1.000
-0.0426 3.0581 0.889
0.0337 3.0116 0.656
-0.0350 3.0523 0.786
-0.0352 3.0581 0.372
-0.0042 2.9129 0.531
-0.0436 3.0116 1.000
-0.0303 2.9187 0.712
0.0198 3.0058 0.431
-0.0040 3.1045 0.677
-0.0076 3.0581 0.326
-0.0021 3.0232 0.360
-0.0486 2.8142 1.000
-0.0014 3.0871 0.388
0.0038 3.1277 0.549
-0.0164 2.9419 0.181
-0.0293 3.0639 0.761
-0.0434 3.2032 0.904
-0.0102 2.9594 0.525
-0.0073 3.0813 0.564
-0.0489 2.9071 0.798
-0.0440 2.6923 0.925
-0.0491 3.1394 0.000
-0.0237 3.1219 0.710
-0.0508 3.0697 0.992
-0.0002 2.9652 0.553
-0.0197 3.0406 0.684
-0.0453 3.0000 0.899
-0.0513 3.1335 0.832
-0.0509 2.8316 1.000
0.0356 3.0058 0.529
-0.0281 3.0755 0.298
0.0017 3.0581 0.640
-0.0558 2.9826 1.000
-0.0764 3.0058 0.939
-0.0785 3.0058 0.073
0.0010 3.0406 0.609
-0.0449 3.1452 0.241
-0.0469 3.2265 0.146
-0.0087 2.9245 0.633
-0.0425 2.9071 0.078
-0.0337 3.0813 0.253
-0.0454 3.1742 0.929
-0.0023 3.0523 0.531
0.0330 2.9942 0.458
-0.0452 3.2323 0.861
-0.0114 3.0581 0.380
-0.0044 3.0813 0.449
-0.0397 3.1219 0.110
-0.0234 2.9361 0.728
-0.0648 3.0348 1.000
-0.0466 3.2845 0.000
-0.0214 2.9942 0.272
-0.0464 3.1045 0.785
-0.0546 3.0581 0.979
-0.0195 3.0058 0.709
-0.0084 3.0174 0.195
-0.0392 3.0465 0.906
-0.0474 2.9768 0.752
-0.0291 3.0697 0.718
-0.0492 3.0116 1.000
-0.0431 2.9826 0.311
0.0399 3.0174 0.566
-0.0014 3.0581 0.144
-0.0298 2.9826 0.722
-0.0466 3.2671 1.000
-0.0440 2.6690 0.271
-0.0289 2.9129 0.730
-0.0509 3.0232 1.000
-0.0390 3.0290 0.872
-0.0071 3.0639 0.379
-0.0475 3.0697 1.000
-0.0422 3.1452 0.787
-0.0390 3.1800 0.854
0.0002 3.0058 0.466
-0.0392 3.1161 0.878
-0.0098 3.0406 0.482
-0.0048 3.0174 0.357
-0.0873 3.0000 0.164
-0.0486 3.0116 0.863
-0.0114 2.9535 0.419
0.0140 3.0116 0.641
0.0365 2.9942 0.456
-0.0494 3.0755 0.238
-0.0554 2.9245 0.899
-0.0299 3.1161 0.692
-0.0407 3.0929 0.843
-0.0272 3.0406 0.352
-0.0267 2.9884 0.741
-0.0438 2.7213 0.830
-0.0052 2.9419 0.598
-0.0014 2.9129 0.622
-0.0450 2.9535 0.938
-0.0520 2.9071 0.919
-0.0709 2.9652 0.965
-0.0093 3.0116 0.632
-0.0428 3.1510 0.891
-0.0332 2.9594 0.744
-0.0144 3.0058 0.629
-0.0397 2.7968 0.975
-0.0472 2.8374 0.866
-0.0284 3.0058 0.729
-0.0389 2.8548 0.902
-0.0425 2.8142 0.874
-0.0432 2.9361 0.853
-0.0087 2.9710 0.526
-0.0440 3.1161 0.875
0.0047 3.0000 0.502
-0.0224 3.0290 0.733
-0.0445 3.0697 0.870
0.0037 3.1452 0.591
-0.0660 2.9652 0.000
0.0389 2.9826 0.598
-0.0618 3.0058 0.216
-0.0620 3.0000 0.000
0.0023 3.0232 0.482
-0.0251 2.9884 0.736
-0.0343 2.9768 0.000
-0.0421 3.1219 0.820
-0.0109 3.0929 0.676
-0.0052 2.9826 0.528
-0.0481 2.9361 0.240
0.0068 3.0000 0.515
-0.0528 2.9071 0.813
-0.0454 3.2323 0.823
-0.0089 2.9303 0.628
-0.0447 2.9942 0.860
-0.0424 3.1916 0.811
-0.0102 2.9419 0.470
-0.0140 2.9942 0.336
-0.0503 3.0232 0.936
-0.0164 2.9361 0.702
-0.0368 3.0058 0.760
-0.0543 3.0871 1.000
-0.0458 3.0523 0.872
-0.0491 2.9768 0.882
0.0019 3.0523 0.514
-0.0697 2.9884 0.000
-0.0398 2.8432 0.785
-0.0448 2.9013 1.000
-0.0417 3.0406 0.834
-0.0659 3.0348 0.182
-0.0234 2.8839 0.476
-0.0463 3.0929 0.921
-0.0677 2.9942 0.983
-0.0524 2.9477 0.103
-0.0518 3.1684 0.996
-0.0088 3.0000 0.320
-0.0433 2.8665 0.845
-0.0468 2.7271 1.000
-0.0502 3.0290 0.000
-0.0481 2.9710 0.750
-0.0429 2.9013 0.913
-0.0078 3.0871 0.317
0.0024 2.9187 0.536
-0.0439 2.9594 0.904
-0.0102 3.0639 0.484
-0.0339 2.9129 0.735
0.0382 2.9710 0.577
-0.0759 3.0000 0.809
-0.0463 2.9535 0.940
-0.0531 2.9768 0.883
0.0353 3.0232 0.523
0.0418 3.0000 0.578
-0.0443 2.9303 1.000
0.0392 3.0174 0.620
-0.0533 3.0290 0.996
-0.0472 2.7968 0.836
0.0017 2.9013 0.417
-0.0464 2.8200 0.823
-0.0452 2.7677 0.947
-0.0542 3.0290 0.115
-0.0408 3.1742 0.030
-0.0549 2.9477 0.029
0.0021 2.9419 0.583
0.0007 2.9535 0.631
-0.0262 2.9942 0.516
-0.0070 2.9710 0.487
-0.0152 2.9535 0.271
-0.0372 3.0000 0.764
-0.0172 2.9942 0.177
-0.0255 2.9535 0.000
-0.0204 2.9826 0.449
-0.0121 3.0697 0.318
-0.0549 3.0406 0.953
-0.0450 3.1568 0.934
-0.0437 2.9710 0.028
-0.0102 2.9071 0.575
-0.0392 3.0058 0.805
-0.0045 2.9710 0.658
0.0065 3.0290 0.631
-0.0134 3.1103 0.457
0.0137 3.0058 0.675
0.0015 2.8955 0.622
-0.0647 3.0290 0.000
-0.0609 2.9826 0.000
-0.0369 3.0639 0.789
-0.0663 3.0232 0.809
-0.0005 2.9419 0.527
-0.0465 3.0465 0.946
-0.0499 3.0523 0.791
-0.0642 2.9652 0.000
-0.0762 3.0116 0.000
-0.0431 2.7794 0.920
-0.0436 3.1394 0.255
-0.0263 2.9477 0.713
-0.0384 2.9013 0.817
-0.0185 2.9884 0.696
-0.0056 2.9652 0.680
0.0178 2.9942 0.647
-0.0217 2.9361 0.420
-0.0425 3.2729 0.245
0.0042 3.0929 0.570
0.0029 2.9826 0.611
-0.0469 3.1103 0.773
0.0461 3.0000 0.642
0.0184 3.0116 0.598
-0.0268 3.0174 0.342
-0.0758 2.9884 0.791
-0.0229 3.0058 0.173
-0.0040 2.9419 0.478
-0.0146 3.0697 0.239
-0.0435 3.0290 0.903
-0.0081 2.9187 0.307
-0.0419 3.1045 0.995
0.0039 3.0465 0.650
-0.0500 2.9361 0.823
-0.0509 2.8781 0.000
-0.0523 2.8432 0.873
-0.0087 3.0929 0.418
-0.0730 2.9942 0.970
-0.0459 3.0639 0.917
-0.0471 2.9245 0.837
-0.0574 2.9768 0.806
-0.0616 3.0232 0.000
-0.0410 2.9942 0.883
-0.0273 3.0523 0.742
-0.0422 2.7968 0.290
-0.0281 3.0232 0.721
-0.0074 3.0000 0.613
0.0007 3.0871 0.464
0.0151 2.9884 0.605
-0.0131 3.0232 0.287
-0.0069 3.0697 0.867
-0.0098 3.0523 0.586
-0.0242 2.9477 0.717
-0.0447 2.8723 0.823
-0.0429 3.0697 0.933
-0.0484 3.1219 0.882
-0.0279 2.9361 0.713
-0.0459 2.7155 0.999
-0.0459 3.2903 0.921
-0.0467 2.6981 0.990
-0.0664 3.0174 0.059
0.0003 2.9477 0.592
-0.0776 2.9884 0.825
0.0046 2.9361 0.569
-0.0426 3.0987 0.809
0.0360 3.0290 0.533
-0.0541 2.9884 0.083
-0.0343 2.9245 0.355
-0.0259 3.0523 0.723
-0.0305 3.1219 0.780
0.0177 2.9884 0.535
-0.0278 2.8955 0.730
-0.0394 2.9245 0.929
-0.0451 2.8200 0.985
-0.0107 3.0174 0.610
-0.0457 3.1394 0.744
-0.0450 3.3077 0.901
-0.0514 3.2032 0.890
-0.0279 2.9129 0.744
-0.0500 2.9245 0.786
-0.0079 2.9245 0.427
-0.0358 3.0290 0.261
-0.0245 3.0813 0.724
-0.0585 2.9535 0.000
-0.0569 3.0058 0.757
-0.0047 2.9013 0.662
0.0378 2.9942 0.544
-0.0446 2.7271 0.916
-0.0600 3.0406 0.775
-0.0143 3.0116 0.252
0.0028 2.9942 0.570
-0.0299 2.8548 0.733
-0.0451 3.1045 0.834
-0.0313 3.0581 0.737
-0.0109 2.9884 0.516
0.0350 2.9942 0.484
-0.0073 2.9129 0.422
-0.0278 3.0581 0.708
-0.0336 2.9071 0.765
-0.0512 2.9245 0.124
-0.0028 2.9942 0.592
0.0400 2.9884 0.595
-0.0591 2.9826 0.000
-0.0153 3.0290 0.523
-0.0202 2.9535 0.278
-0.0282 3.0639 0.340
-0.0532 3.1161 0.845
-0.0248 2.9303 0.193
-0.0490 2.9419 0.844
0.0023 2.8839 0.602
-0.0248 3.0058 0.264
-0.0318 2.9652 0.304
0.0027 3.1103 0.278
-0.0430 2.9303 0.915
-0.0458 3.1684 0.148
-0.0046 2.9303 0.646
-0.0750 2.9942 0.741
-0.0545 2.9768 1.000
-0.0673 3.0174 0.775
-0.0417 2.9884 0.809
-0.0512 3.1219 0.949
-0.0489 3.0406 0.855
-0.0411 2.9129 0.893
-0.0531 2.9419 0.762
0.0038 2.9826 0.524
0.0004 3.0465 0.622
-0.0394 2.8723 0.951
-0.0047 3.0523 0.344
-0.0019 3.0465 0.429
-0.0392 3.1335 0.828
-0.0586 3.0523 0.798
-0.0384 2.9071 0.879
-0.0502 3.1452 1.000
-0.0309 3.0290 0.000
0.0034 2.8606 0.530
-0.0307 3.0639 0.723
-0.0056 3.0871 0.610
-0.0420 3.2206 0.830
0.0026 3.0813 0.547
-0.0284 3.0116 0.715
-0.0148 2.9013 0.683
-0.0295 2.9652 0.745
-0.0301 2.9477 0.000
-0.0405 3.0000 0.824
-0.0058 2.8955 0.527
0.0036 2.8897 0.556
-0.0304 3.0406 0.733
0.0362 3.0232 0.598
-0.0358 3.0174 0.755
-0.0157 2.9652 0.418
-0.0738 2.9884 0.266
-0.0431 3.1568 0.962
0.0172 2.9884 0.059
-0.0423 3.0813 0.956
-0.0329 3.0697 0.296
-0.0013 3.0174 0.365
-0.0544 3.0697 0.220
-0.0450 3.2381 0.883
-0.0074 3.0058 0.338
-0.0119 3.0987 0.473
-0.0064 2.9419 0.454
-0.0466 2.9768 1.000
-0.0456 3.1161 0.961
-0.0348 2.9303 0.711
-0.0464 3.2787 0.084
-0.0097 2.9652 0.612
-0.0302 2.9361 0.731
-0.0504 3.0116 1.000
-0.0398 3.1568 0.945
-0.0608 3.0290 1.000
-0.0075 3.0406 0.656
-0.0462 2.8665 0.142
-0.0402 2.9419 0.076
0.0024 2.9652 0.632
-0.0026 2.9187 0.392
-0.0472 3.0232 0.229
-0.0333 2.9303 0.775
-0.0476 3.1161 0.138
-0.0213 3.0174 0.663
-0.0238 2.9942 0.690
-0.0614 2.9419 0.758
0.0016 3.0813 0.720
-0.0621 3.0465 0.109
-0.0094 2.9942 0.741
-0.0160 2.9710 0.688
-0.0481 3.1277 0.902
-0.0317 2.9884 0.338
-0.0477 2.9535 0.821
-0.0226 2.9942 0.020
-0.0246 3.0987 0.000
-0.0241 3.0116 0.282
-0.0328 2.9419 0.768
-0.0265 2.9710 0.710
-0.0113 3.0290 0.575
-0.0208 2.9710 0.300
-0.0491 3.1626 0.918
-0.0362 3.0755 0.109
-0.0509 2.9013 1.000
-0.0279 2.9013 0.314
0.0033 2.8781 0.543
-0.0442 3.3135 0.959
-0.0427 2.8084 0.853
-0.0238 2.9652 0.000
-0.0857 3.0000 0.825
-0.0434 3.0174 0.864
-0.0081 2.9071 0.672
0.0384 2.9652 0.595
-0.0346 3.1103 0.861
-0.0447 2.7852 1.000
-0.0704 2.9942 0.975
0.0029 3.0406 0.502
-0.0305 2.9013 0.762
-0.0367 2.9884 0.762
-0.0440 2.7155 0.814
-0.0442 3.0813 0.141
-0.0030 3.0290 0.385
-0.0415 3.0523 1.000
-0.0567 2.9535 0.757
-0.0595 3.0348 0.000
-0.0236 2.9594 0.737
-0.0659 3.0058 0.000
-0.0567 3.0465 0.870
-0.0324 3.0058 0.763
-0.0436 3.0465 0.844
-0.0510 3.0639 0.168
-0.0398 3.0929 0.874
-0.0243 2.8897 0.382
-0.0147 2.9129 0.445
-0.0074 2.9361 0.318
-0.0137 3.0813 0.218
-0.0149 3.0348 0.262
-0.0038 2.9652 0.671
-0.0049 2.9071 0.671
-0.0608 3.0348 0.033
-0.0454 2.9129 0.960
-0.0222 3.0813 0.313
-0.0804 3.0058 0.922
-0.0686 3.0348 1.000
-0.0327 2.9884 0.754
-0.0773 3.0348 0.908
-0.0302 3.0174 0.769
-0.0463 2.9245 0.145
-0.0518 3.1161 0.934
-0.0159 2.9303 0.438
-0.0399 2.8955 0.776
-0.0012 3.0639 0.577
-0.0591 3.0116 0.000
-0.0348 3.0871 0.856
-0.0497 2.8955 1.000
-0.0282 2.9826 0.736
-0.0420 3.2439 0.927
-0.0148 3.0697 0.689
-0.0365 3.0813 0.705
-0.0615 2.9361 0.823
0.0021 2.9071 0.413
-0.0536 3.0058 1.000
-0.0312 3.1161 0.159
-0.0594 3.0174 0.149
-0.0312 3.0058 0.218
-0.0549 2.9652 0.105
0.0027 3.0000 0.455
-0.0391 3.1742 0.773
-0.0416 2.8374 0.842
-0.0655 2.9884 0.847
0.0006 3.0465 0.452
-0.0264 2.9187 0.012
-0.0284 3.1219 0.749
-0.0304 2.9710 0.746
0.0022 3.0174 0.471
-0.0330 2.9826 0.112
-0.0259 3.0174 0.760
-0.0278 2.9477 0.690
-0.0363 2.9013 0.000
-0.0235 3.0581 0.334
-0.0210 2.9419 0.100
-0.0294 2.8665 0.859
-0.0396 2.8665 1.000
-0.0306 2.8839 0.773
-0.0512 2.8258 0.961
-0.0520 3.2148 0.838
0.0040 3.0116 0.547
-0.0138 3.0871 0.702
-0.0488 2.8606 0.911
-0.0459 2.9710 1.000
-0.0526 2.8839 0.911
0.0053 2.9768 0.718
0.0037 3.0755 0.600
-0.0653 3.0116 0.082
-0.0491 3.1103 0.092
-0.0122 2.9187 0.424
-0.0576 2.9710 0.762
-0.0306 3.0755 0.000
-0.0330 3.0000 0.184
-0.0348 3.0406 0.351
-0.0069 3.0929 0.680
-0.0009 3.0000 0.394
-0.0240 3.0232 0.401
-0.0178 2.9710 0.624
-0.0636 3.0000 1.000
-0.0565 3.0174 0.836
-0.0059 3.1219 0.447
-0.0160 2.9826 0.693
-0.0405 2.8665 0.955
-0.0332 2.9942 0.272
-0.0458 3.1335 0.951
-0.0138 2.9477 0.688
-0.0434 2.7561 0.956
-0.0421 3.1103 0.901
0.0023 2.9303 0.601
-0.0644 3.0232 0.000
-0.0355 2.9187 0.783
-0.0458 2.8316 0.952
-0.0456 2.9884 0.942
-0.0107 3.0058 0.661
-0.0457 2.8026 0.849
-0.0529 3.1452 0.216
-0.0518 2.9942 1.000
-0.0648 3.0058 0.000
-0.0438 3.0058 1.000
-0.0417 2.9826 0.786
-0.0064 2.9652 0.657
-0.0412 2.8258 0.837
-0.0398 2.9594 0.112
-0.0239 2.8955 0.126
-0.0250 3.0755 0.728
-0.0176 3.0348 0.679
-0.0054 3.1045 0.428
0.0372 3.0058 0.530
-0.0172 2.9652 0.693
-0.0439 2.9245 0.785
-0.0202 3.0000 0.332
-0.0402 3.1974 0.782
-0.0487 3.0000 0.798
0.0023 3.0290 0.582
0.0023 2.8955 0.596
-0.0433 3.2148 0.855
-0.0323 3.0290 0.717
0.0050 3.0348 0.388
-0.0144 3.0406 0.689
-0.0479 3.0348 0.161
0.0190 3.0058 0.371
-0.0495 2.9942 0.289
-0.0122 3.0000 0.474
-0.0302 2.9942 0.764
-0.0062 3.0232 0.452
-0.0133 3.0987 0.416
-0.0531 3.0987 0.963
-0.0366 3.0639 0.892
0.0386 3.0232 0.557
-0.0523 4.0936 0.000
-0.0556 4.0936 0.372
-0.0160 3.7408 0.490
-0.0459 4.0216 0.205
-0.0342 3.9640 0.409
-0.0105 4.0504 0.607
-0.0623 3.8920 0.000
-0.0765 3.9424 0.293
-0.0236 3.8704 0.629
-0.0323 3.9928 0.383
0.0178 4.0000 1.000
0.0070 3.9568 0.948
-0.0626 4.0576 0.168
-0.0156 4.1008 0.691
-0.0732 4.0216 0.192
-0.0161 4.0648 0.548
-0.0094 3.9784 0.558
-0.0114 3.6832 0.581
-0.0435 3.9424 0.242
-0.0116 3.9208 0.617
-0.0232 4.0576 0.821
-0.0872 4.0000 0.101
-0.0262 4.1440 0.566
-0.0245 3.8272 0.506
-0.0162 3.9712 0.529
-0.0095 3.8920 0.363
-0.0127 3.7408 0.470
-0.0363 3.9928 0.195
-0.0832 3.9640 0.274
-0.0776 4.0000 0.394
-0.0174 3.7480 0.470
-0.0609 4.0720 0.000
-0.0129 4.2880 0.578
-0.0591 4.0072 0.000
-0.0102 3.8632 0.699
-0.0379 4.0216 0.476
-0.0413 4.1008 0.250
-0.0612 4.0432 0.066
-0.0550 4.0288 0.098
-0.0439 3.9064 0.195
0.0113 4.0432 1.000
-0.0090 3.9496 0.556
-0.0110 4.0936 0.582
-0.0156 4.2664 0.529
-0.0287 4.0072 0.458
-0.0549 3.9136 0.224
-0.0256 4.0864 1.000
-0.0197 3.8920 0.659
-0.0129 3.8848 0.631
0.0090 4.0144 0.397
-0.0462 4.0648 0.320
-0.0106 4.2016 0.562
-0.0364 3.9640 1.000
-0.0863 3.9640 0.278
-0.0194 3.7768 0.428
-0.0515 4.0432 0.153
-0.0271 4.0720 0.373
-0.0399 3.8920 0.000
-0.0880 3.9856 0.175
-0.0194 4.0864 0.477
-0.0671 4.0720 0.418
-0.0636 4.0936 0.072
-0.0483 3.9352 0.395
-0.0634 3.9928 0.007
-0.0095 4.1296 0.655
-0.0316 3.9568 0.528
0.0049 3.9928 0.521
0.0071 4.0288 0.989
-0.0222 3.7696 0.601
-0.0130 3.9568 0.570
0.0048 4.0000 0.707
-0.0226 3.9064 1.000
-0.0514 4.1584 0.189
-0.0515 4.0144 0.142
-0.0958 3.9928 0.220
-0.0666 4.1080 0.136
-0.0539 3.9568 0.018
-0.0406 3.9856 0.367
-0.0168 3.8344 0.844
-0.0135 4.3384 0.544
0.0280 4.0000 0.519
-0.0761 4.0288 0.435
-0.0236 4.1440 0.796
-0.0122 3.9568 0.572
-0.0111 4.2664 0.540
-0.0230 4.1584 0.312
-0.0420 4.0144 0.354
-0.0526 4.0792 0.279
0.0136 4.0072 1.000
-0.0830 4.0072 0.082
-0.0605 4.0216 0.075
-0.0124 4.0576 0.630
-0.0190 3.8416 0.610
0.0101 3.9784 1.000
-0.0251 3.9712 0.479
-0.0198 3.8776 0.734
-0.0521 4.1584 0.000
-0.0609 4.0144 0.117
-0.0172 4.2304 0.772
-0.0167 3.9928 0.470
-0.0461 3.9928 0.419
-0.0264 4.0000 0.490
-0.0257 3.8920 0.577
-0.0221 3.9712 0.519
-0.0148 4.2448 0.792
-0.0326 4.0288 1.000
-0.0233 3.7696 1.000
-0.0220 3.8416 0.630
-0.0092 3.7768 0.685
-0.0265 4.1368 1.000
-0.0584 4.1080 0.104
-0.0544 3.9928 0.276
-0.0261 3.9064 0.333
-0.0227 4.2376 0.316
-0.0329 4.1008 0.391
-0.0032 4.0072 0.722
-0.0323 4.0864 0.426
-0.0291 4.0936 0.945
-0.0279 3.9712 0.339
-0.0508 3.8848 0.162
-0.0210 4.1656 0.790
-0.0569 4.0072 0.000
0.0088 3.9928 0.960
-0.0450 4.0000 0.365
0.0011 3.9856 0.709
-0.0255 3.8704 0.676
-0.0122 3.8056 0.669
-0.0550 3.9496 0.000
-0.0063 4.0576 0.407
0.0073 4.0432 0.522
-0.0140 3.8056 0.542
-0.0057 4.0072 0.644
-0.0412 3.9928 0.281
-0.0797 3.9784 0.234
-0.0209 4.2088 1.000
-0.0164 4.2088 0.662
-0.0134 4.1008 0.634
-0.0239 3.8272 0.457
-0.0100 4.0000 0.693
-0.0597 4.1512 0.427
-0.0350 4.0864 0.226
-0.0104 4.2376 0.568
0.0151 3.9928 0.559
-0.0041 4.0144 0.681
-0.0903 4.0288 0.160
-0.0603 4.0936 0.035
-0.0353 3.9568 0.323
0.0132 3.9856 0.659
-0.0316 3.8776 0.493
-0.0515 3.8128 0.141
-0.0595 3.9568 0.473
-0.0143 3.8704 0.702
-0.0658 4.0072 0.108
-0.0634 4.0216 0.139
-0.0128 3.7552 0.583
-0.0831 4.0144 0.309
-0.0579 4.0144 0.336
-0.0501 4.0000 0.187
-0.0145 3.7552 0.277
-0.0166 4.0216 0.562
-0.0098 4.1512 0.592
0.0033 3.9784 0.875
-0.0223 4.0864 0.897
-0.0200 4.2448 0.570
-0.0079 4.0288 0.679
0.0143 4.0000 0.827
0.0093 3.9856 0.676
-0.0261 4.0432 1.000
-0.0440 4.1080 0.374
-0.0346 4.0000 1.000
-0.0081 4.0576 0.003
-0.0609 3.9208 0.071
-0.0243 4.0360 0.333
-0.0236 4.1296 0.990
-0.0433 4.0000 0.855
-0.0250 4.1152 0.433
-0.0112 3.9280 0.641
-0.0504 3.9208 0.156
-0.0744 3.9568 0.194
0.0193 4.0288 0.848
-0.0676 3.9712 0.150
-0.0474 4.0432 0.188
-0.0656 3.9784 0.180
-0.0261 4.0864 1.000
-0.0227 3.8200 1.000
-0.0265 3.9640 0.528
-0.0219 3.7912 0.521
-0.0113 4.1656 0.656
-0.0318 4.0720 0.878
-0.0759 3.9928 0.355
-0.0172 4.0144 0.483
-0.0668 4.1152 0.455
-0.0242 3.8488 0.436
0.0086 4.0072 0.423
-0.0865 4.0288 0.139
-0.0958 4.0000 0.165
-0.0515 4.0648 0.000
-0.0479 4.0288 0.180
-0.0039 3.9784 0.760
-0.0041 4.0072 0.727
-0.0679 4.0144 0.322
-0.0507 3.8200 0.030
-0.0248 3.9640 0.447
-0.0097 3.9208 0.604
-0.0535 3.9856 0.051
-0.0841 3.9712 0.387
-0.0717 3.9856 0.320
0.0100 4.0288 0.422
-0.0066 3.9640 0.553
-0.0518 4.1728 0.168
-0.0300 4.0864 0.324
-0.0597 3.8992 0.062
-0.0124 3.7696 0.603
0.0169 3.9712 1.000
-0.0191 4.0288 0.712
-0.0279 4.0864 0.506
0.0059 4.0360 0.685
-0.0607 3.8920 0.000
-0.0655 3.9928 0.229
-0.0044 3.9928 0.537
-0.0630 3.9712 0.080
-0.0309 4.1080 0.411
-0.0336 3.9352 0.357
-0.0264 3.9856 0.626
-0.0163 4.0000 0.497
-0.0533 4.1872 0.000
-0.0265 3.9064 0.357
-0.0377 3.9136 0.242
-0.0238 3.9640 0.735
-0.0892 4.0072 0.101
-0.0264 4.0072 0.982
-0.0907 3.9712 0.157
-0.0563 3.9424 0.168
-0.0457 3.9496 0.507
-0.0437 4.0576 0.395
-0.0337 4.0504 0.315
-0.0088 3.9208 0.767
-0.0659 4.0432 0.448
-0.0839 4.0504 0.179
-0.0617 4.0000 0.167
-0.0578 4.0360 0.070
-0.0205 4.1656 0.471
-0.0266 4.1080 0.527
-0.0487 4.0576 0.000
-0.0365 3.9856 0.205
-0.0132 3.6688 0.647
-0.0637 4.1152 0.121
-0.0637 4.1008 0.047
-0.0697 4.0288 0.464
-0.0834 4.0000 0.277
-0.0545 4.0432 0.460
-0.0139 4.1656 0.805
-0.0248 4.0936 0.475
-0.0764 4.0144 0.066
-0.0623 3.9496 0.063
-0.0111 3.7840 0.562
-0.0771 4.0648 0.302
-0.0214 3.8488 0.539
-0.0345 3.9712 0.316
-0.0607 4.0576 0.335
-0.0867 4.0072 0.105
-0.0625 4.0720 0.421
-0.0213 3.8344 1.000
-0.0075 3.9784 0.670
-0.0230 3.8992 0.650
-0.0125 3.8776 0.693
0.0027 4.0000 0.524
-0.0466 3.9424 0.190
-0.0108 3.9928 0.663
-0.0212 4.1800 1.000
-0.0180 4.1224 0.521
-0.0162 3.7984 0.793
-0.0447 3.9136 0.222
-0.0139 4.0000 0.551
-0.0530 3.8920 0.087
-0.0581 3.9712 0.000
-0.0601 3.9784 0.441
-0.0446 4.1224 0.626
-0.0468 4.0576 0.354
-0.0280 4.0360 0.444
-0.0443 4.1152 0.440
-0.0465 4.0360 0.239
-0.0124 4.1368 0.589
-0.0151 3.8920 0.456
-0.0178 4.1152 0.637
-0.0747 4.0648 0.097
-0.0079 3.9496 0.757
-0.0668 3.9856 0.134
-0.0576 3.8848 0.089
-0.0198 3.8704 0.822
-0.0406 3.9136 0.282
-0.0439 4.0504 0.553
-0.0178 3.9352 0.812
-0.0256 4.1368 0.361
-0.0769 4.0072 0.417
-0.0241 3.9784 0.998
0.0131 4.0144 1.000
-0.0150 3.6976 0.709
-0.0392 4.0288 0.468
-0.0403 3.9640 1.000
-0.0765 3.9712 0.298
-0.0505 3.8560 0.000
-0.0541 3.8992 0.104
-0.0318 4.0216 0.610
-0.0913 4.0072 0.210
-0.0472 3.9856 0.181
-0.0182 3.9928 0.511
0.0297 4.0072 0.645
-0.0837 4.0288 0.137
-0.0611 4.0648 0.074
0.0206 4.0072 0.671
0.0044 4.0072 0.449
-0.0396 3.9064 0.308
-0.0399 4.1224 0.662
-0.0341 4.0432 0.419
-0.0135 4.0288 0.602
-0.0204 3.7984 0.817
-0.0598 4.0432 0.107
-0.0588 4.0792 0.000
-0.0247 3.9784 0.509
-0.0667 3.9784 0.087
0.0129 3.9784 0.709
-0.0490 4.0288 0.000
0.0011 3.9784 1.000
-0.0365 4.1008 0.245
-0.0152 3.7912 0.643
-0.0433 3.9208 0.215
-0.0562 3.9712 0.000
-0.0256 4.0144 0.426
-0.0092 4.0360 0.599
-0.0275 3.8704 0.942
-0.0121 4.2232 0.514
-0.0503 4.0288 0.000
-0.0204 3.9712 0.532
-0.0473 4.0144 0.429
-0.0471 4.0216 0.189
-0.0661 4.1224 0.238
-0.0139 3.9640 0.335
0.0111 4.0144 0.857
-0.0506 4.0216 0.201
-0.0169 3.8416 0.761
-0.0219 3.9496 0.962
-0.0203 3.8848 0.798
-0.0525 4.2016 0.000
-0.0087 4.0504 0.747
-0.0337 4.0720 0.305
-0.0187 3.9856 0.443
-0.0243 4.2448 0.946
-0.0695 4.0144 0.250
-0.0659 4.0216 0.166
-0.0522 4.0432 0.153
-0.0085 3.9640 0.598
-0.0009 4.0072 0.408
-0.0374 3.9280 0.545
-0.0582 3.9280 0.000
-0.0311 3.9352 0.320
-0.0391 4.0936 0.334
-0.0192 3.8704 1.000
-0.0691 4.0648 0.239
-0.0201 3.9784 0.431
-0.0106 4.0792 0.603
-0.0629 3.9856 0.145
-0.0400 3.8776 0.475
-0.0244 4.1800 0.644
-0.0092 4.2160 0.691
-0.0129 3.8344 0.681
-0.0261 3.9136 0.648
-0.0182 3.8776 0.723
-0.0918 3.9712 0.213
-0.0398 3.9712 0.473
-0.0280 4.0216 1.000
-0.0642 3.9712 0.079
-0.0480 4.0360 0.475
-0.0193 4.1296 0.589
0.0187 4.0216 1.000
-0.0210 3.8128 0.386
-0.0935 3.9856 0.466
-0.0950 4.0144 0.223
-0.0917 4.0288 0.247
-0.0640 4.0144 0.092
-0.0603 4.1296 0.268
-0.0284 3.9568 0.733
-0.0168 4.0792 0.485
-0.0180 3.8920 0.819
-0.0536 4.1440 0.000
-0.0545 4.1368 0.000
0.0108 3.9640 0.682
-0.0232 4.0864 0.412
-0.0115 4.1224 0.603
-0.0127 4.3240 0.577
-0.0221 4.0360 1.000
-0.0145 4.2592 0.525
-0.0249 4.0000 0.998
-0.0609 3.9424 0.071
-0.0571 4.0432 0.048
-0.0101 4.1152 0.591
-0.0536 4.0216 0.072
-0.0671 4.0792 0.068
-0.0691 4.0072 0.283
-0.0311 3.9280 0.406
-0.0539 4.1296 0.104
-0.0509 3.9568 0.179
-0.0726 3.9640 0.436
-0.0585 3.9064 0.369
-0.0180 3.9784 0.487
-0.0121 4.2304 0.629
-0.0366 4.1080 0.144
-0.0244 3.9136 0.965
-0.0524 3.8704 0.000
-0.0207 4.0648 0.388
-0.0205 3.8128 1.000
-0.0386 4.0648 0.465
-0.0443 4.0792 0.338
-0.0533 3.8560 0.127
-0.0304 4.0936 0.572
-0.0759 4.0288 0.285
-0.0350 4.0504 0.218
-0.0671 4.0936 0.134
-0.0121 3.8200 0.489
-0.0370 4.0000 0.444
-0.0832 3.9928 0.302
-0.0141 3.9280 0.513
-0.0977 4.0000 0.156
-0.0628 4.0864 0.088
-0.0318 4.0936 0.463
-0.0204 4.2016 0.670
-0.0194 4.2304 0.630
-0.0606 3.9496 0.444
-0.0249 3.9352 0.566
-0.0368 3.9064 0.436
-0.0431 4.0576 0.263
-0.0555 4.0576 0.000
-0.0296 4.0504 0.560
-0.0167 4.0864 0.602
-0.0856 3.9856 0.082
-0.0636 3.8992 0.070
-0.0104 3.7696 0.573
-0.0112 4.0792 0.733
-0.0131 4.1296 0.767
-0.0622 3.9784 0.118
-0.0107 4.0288 0.573
-0.0207 4.1440 0.501
-0.0173 3.9424 0.369
-0.0100 3.8704 0.627
-0.0094 3.9928 0.760
-0.0596 3.8560 0.000
-0.0212 4.2736 0.817
-0.0105 4.1656 0.637
-0.0521 4.1512 0.000
-0.0582 3.9784 0.000
-0.0234 3.9856 0.609
-0.0371 4.0864 0.364
-0.0597 4.1008 0.076
-0.0608 4.0288 0.000
-0.0197 4.1008 0.574
-0.0224 3.8056 0.499
-0.0160 3.9856 0.741
0.0271 4.0072 0.561
-0.0628 4.0072 0.425
-0.0136 4.2160 0.839
0.0552 4.0000 0.690
-0.0232 3.9568 0.549
-0.0259 4.1296 1.000
-0.0082 4.0000 0.682
-0.0171 4.2592 0.500
-0.0118 3.9352 0.607
-0.0194 4.0792 0.630
-0.0774 4.0504 0.262
-0.0115 4.3384 0.542
-0.0516 4.0072 0.000
-0.0201 4.1872 0.416
-0.0604 4.0504 0.090
-0.0313 4.1224 0.376
-0.0127 3.9280 0.739
-0.0176 4.1584 1.000
-0.0295 3.9208 0.544
-0.0154 3.8128 0.681
-0.0438 3.9856 0.316
-0.0779 3.9712 0.289
-0.0181 4.1008 0.659
-0.0142 3.6904 0.508
-0.0497 4.0720 0.448
-0.0225 4.1152 1.000
-0.0289 3.9640 0.619
-0.0271 3.8632 0.489
-0.0109 4.1008 0.582
-0.0761 4.0576 0.178
-0.0462 3.9280 0.140
-0.0112 3.8344 0.706
-0.0079 3.9136 0.659
-0.0215 3.8200 0.510
-0.0394 3.9928 0.216
-0.0147 3.8848 0.465
-0.0598 4.0216 0.070
-0.0746 4.0216 0.257
-0.0182 3.8560 0.537
-0.0143 3.7192 0.587
-0.0118 4.1944 0.551
-0.0539 4.1656 0.128
-0.0474 3.9640 0.181
-0.0130 4.1152 0.529
-0.0200 3.9640 0.445
-0.0139 4.0936 0.598
-0.0169 3.7624 0.518
-0.0140 3.9208 0.705
-0.0899 4.0216 0.270
-0.0233 3.9712 0.398
-0.0133 3.8200 0.506
-0.0153 3.9856 0.796
-0.0109 3.7984 0.572
-0.0667 4.0576 0.054
-0.0351 4.0360 0.581
-0.0777 4.0288 0.379
-0.0104 3.7408 0.661
-0.0211 3.8920 0.522
-0.0157 4.0360 0.497
-0.0324 3.9424 0.701
0.0122 4.0072 0.423
-0.0477 4.1224 0.188
-0.0316 4.0648 0.445
-0.0213 4.0576 0.860
-0.0218 4.1368 0.495
-0.0119 4.0072 0.783
-0.0352 4.0936 0.438
-0.0815 4.0144 0.357
-0.0149 3.9568 0.424
-0.0731 4.0288 0.272
-0.0155 4.2736 0.795
-0.0329 4.1080 0.574
-0.0658 4.0144 0.187
-0.0189 3.8992 0.485
-0.0330 4.0288 0.613
-0.0220 4.1872 0.372
-0.0628 4.0648 0.238
-0.0510 4.1800 0.284
0.0044 4.0144 0.699
-0.0284 3.9136 0.805
-0.0125 4.2304 0.539
-0.0144 4.2088 0.664
-0.0164 4.1728 0.501
-0.0619 3.9640 0.060
-0.0158 3.9784 0.530
-0.0161 3.8056 0.477
-0.0517 3.8776 0.000
-0.0545 3.9424 0.471
-0.0623 3.9280 0.070
-0.0170 3.9352 0.961
-0.0194 3.8488 0.822
-0.0661 4.1296 0.211
-0.0634 4.0288 0.073
-0.0463 4.0144 0.215
-0.0259 3.9496 1.000
-0.0064 4.0432 0.681
-0.0001 4.0072 0.514
-0.0380 4.0432 0.261
-0.0373 4.0648 0.469
-0.0532 3.8992 0.443
-0.0213 4.0216 0.418
-0.0604 4.0288 0.026
-0.0148 4.1944 0.518
-0.0780 3.9784 0.225
-0.0116 3.9640 0.558
-0.0409 4.0720 0.103
-0.0452 4.0072 0.000
-0.0588 4.0144 0.041
-0.0239 4.0000 1.000
-0.0595 3.9640 0.000
-0.0378 3.9208 0.547
-0.0514 4.1152 0.093
-0.0296 3.8920 0.894
-0.0150 3.8992 0.551
-0.0226 3.8848 0.430
-0.1095 4.0000 0.237
-0.0200 3.8632 0.509
-0.0146 4.1368 0.564
0.0062 3.9640 1.000
-0.0110 4.3096 0.611
-0.0583 4.1152 0.236
-0.0173 3.7912 0.527
-0.0077 4.0072 0.702
-0.0036 3.9928 0.680
-0.0528 4.0288 0.172
-0.0608 4.0504 0.309
-0.0252 4.1512 0.938
-0.0141 3.8416 0.546
-0.0162 4.0360 0.275
-0.0273 4.1296 0.000
-0.0119 3.9496 0.545
-0.0314 4.0432 0.712
-0.0100 3.7480 0.597
-0.0196 4.1944 0.473
-0.0408 3.9208 0.301
-0.0719 4.0720 0.282
-0.0519 3.9640 0.403
-0.0283 3.8920 0.396
-0.0013 4.0144 0.702
-0.0302 4.0792 0.574
-0.0347 4.0144 0.291
0.0044 4.0216 0.825
-0.0211 4.2520 0.398
0.0171 4.0288 1.000
-0.0113 4.2592 0.635
-0.0338 3.9568 0.386
-0.0188 4.0504 0.450
-0.0164 3.7552 0.462
-0.0264 3.9424 0.541
-0.0533 4.0864 0.120
-0.0115 4.2376 0.586
-0.0554 3.9280 0.000
-0.0613 4.0072 0.081
-0.0153 4.0072 0.523
-0.0466 3.9136 0.293
-0.0230 3.8776 0.844
-0.0277 4.0504 0.502
-0.0368 4.0144 0.444
-0.0253 3.8776 0.647
-0.0286 4.0504 0.620
-0.0447 3.8848 0.369
-0.0607 4.1080 0.055
-0.0733 4.0000 0.143
-0.0502 3.9064 0.109
-0.0444 4.1008 0.218
-0.0365 4.0288 0.482
-0.0579 3.8488 0.108
-0.0356 3.9496 1.000
-0.0788 4.0144 0.383
-0.0541 4.0000 0.000
-0.0240 4.0288 0.852
-0.0804 3.9856 0.193
-0.0553 4.1728 0.449
-0.0001 3.9928 0.904
-0.0211 4.2232 0.527
-0.0207 3.8272 0.911
-0.0214 3.7624 1.000
-0.0714 3.9712 0.224
-0.0771 4.0360 0.035
-0.0515 3.8488 0.369
-0.0224 4.2592 0.553
-0.0538 4.1872 0.399
-0.0182 4.0072 0.506
-0.0208 4.0720 0.831
-0.0141 3.7120 0.708
-0.0258 4.0720 0.338
-0.0347 4.0792 0.400
-0.0161 3.9064 0.509
-0.0857 3.9784 0.107
-0.0683 4.0000 0.103
-0.0702 3.9496 0.448
-0.0053 3.9856 0.673
-0.0420 4.0000 0.155
-0.0537 4.0360 0.171
-0.0166 4.1944 0.819
-0.0470 4.0936 0.179
-0.0590 3.9928 0.149
-0.0111 4.2880 0.617
-0.0135 4.0864 0.468
0.0074 4.0360 0.649
-0.0829 3.9568 0.190
-0.0280 3.9280 0.347
-0.0300 3.9424 0.355
-0.0473 4.0504 0.121
-0.0572 3.9568 0.362
-0.0213 4.1512 0.876
0.0104 3.9856 1.000
-0.0430 3.9424 0.239
-0.0114 4.1296 0.568
-0.0219 3.7264 0.531
-0.0707 4.0648 0.136
-0.0267 4.1512 0.411
-0.0572 3.8560 0.448
-0.0244 4.1512 0.530
-0.0228 3.9208 0.841
-0.0233 4.1152 0.460
-0.0252 4.1224 0.470
-0.0610 3.9568 0.227
-0.0510 3.9712 0.425
-0.0205 4.0144 0.458
0.0163 3.9928 1.000
-0.0247 4.0288 0.436
-0.0719 4.0288 0.068
-0.0847 3.9928 0.432
-0.0521 4.0216 0.068
-0.0929 4.0144 0.264
-0.0142 3.7264 0.661
-0.0526 3.8488 0.000
-0.0340 4.0576 0.446
-0.0331 4.0072 0.450
-0.0542 3.9640 0.000
-0.0424 4.0504 0.343
-0.0444 3.9280 0.473
0.0191 4.0000 1.000
-0.0380 3.8992 0.256
-0.0329 3.9712 0.942
-0.0235 3.8344 0.445
-0.0603 3.8704 0.000
-0.0159 3.9568 0.700
0.0025 3.9928 0.887
-0.0875 4.0504 0.775
-0.0216 3.9208 0.427
-0.0490 3.9352 0.287
-0.0276 4.0648 1.000
-0.0099 3.7912 0.693
-0.0679 3.9496 0.185
-0.0586 3.9352 0.222
-0.0321 3.8848 0.343
-0.0100 3.7552 0.589
-0.0207 4.0288 0.537
-0.0234 4.1728 1.000
-0.0418 4.0360 0.309
-0.0449 4.0072 0.774
-0.0395 4.0216 0.278
-0.0133 3.8560 0.548
-0.0608 3.9712 0.484
-0.0401 3.9568 0.272
-0.0304 4.0000 0.817
-0.0083 3.9424 0.696
-0.0163 3.8920 0.906
-0.0636 3.9208 0.046
0.0181 3.9784 1.000
-0.0150 4.1728 0.793
-0.0248 3.9280 0.625
-0.0849 4.0360 0.104
-0.0112 3.6544 0.653
-0.0310 4.0648 0.875
-0.0341 4.0792 0.611
-0.0677 4.0216 0.452
-0.0113 3.6688 0.553
-0.0144 3.9928 0.544
-0.0131 3.9712 0.544
-0.0727 4.0432 0.339
-0.0531 4.0576 0.121
-0.0110 3.8272 0.641
-0.0418 3.9496 0.362
-0.0165 4.1152 0.477
-0.0640 4.0432 0.126
-0.0523 3.9208 0.438
-0.0139 4.1800 0.491
0.0056 4.0072 0.615
-0.0002 4.0000 0.745
-0.0214 4.1728 0.858
-0.0568 3.9856 0.309
-0.0134 4.1584 0.519
-0.0633 3.8848 0.418
-0.0187 3.8632 0.529
-0.0532 4.0360 0.020
0.0121 4.0000 0.480
-0.0784 3.9568 0.166
-0.0711 3.9568 0.060
-0.0170 3.8488 0.825
-0.0535 4.0000 0.149
-0.0219 4.1584 0.413
-0.0548 4.1584 0.323
-0.0111 4.0432 0.497
-0.0920 3.9928 0.315
-0.0492 4.0648 0.167
-0.0386 3.9280 1.000
-0.0415 3.9496 0.170
-0.0130 3.7192 0.546
-0.0149 3.9424 0.578
-0.0108 3.8776 0.612
-0.0174 4.1584 0.477
-0.0494 3.9568 0.312
-0.0716 3.9496 0.468
-0.0397 4.0000 0.514
-0.0337 3.9928 1.000
-0.0576 3.9208 0.000
-0.0193 4.0504 0.705
-0.0130 3.6616 0.551
-0.0601 3.8776 0.000
-0.0354 4.0648 0.282
-0.0853 4.0216 0.248
-0.0156 4.2880 0.463
-0.0455 4.0288 0.331
-0.0883 3.9928 0.251
-0.0129 4.2232 0.545
-0.0914 3.9784 0.270
-0.0594 4.1224 0.000
-0.0189 4.0000 0.473
-0.0144 4.1152 0.550
-0.0172 3.8776 0.477
-0.0251 3.8416 0.440
-0.0523 4.1944 0.049
-0.0088 4.1080 0.667
-0.0405 3.8992 0.284
-0.0714 3.9640 0.091
-0.0181 4.0360 0.546
-0.0825 4.0000 0.034
-0.0227 4.0504 0.615
-0.0148 4.2808 0.788
-0.0302 3.9496 0.533
-0.0138 3.7264 0.569
-0.0205 3.9424 0.837
-0.0277 3.8560 0.662
-0.0691 3.9928 0.164
-0.0519 4.1800 0.044
-0.0509 3.9352 0.135
-0.0387 4.0072 0.296
-0.0675 4.0648 0.142
-0.0195 3.8992 0.519
-0.0933 3.9712 0.265
-0.0176 3.9280 0.465
-0.0298 4.0072 0.350
-0.0355 4.0072 0.639
-0.0546 3.8416 0.285
-0.0528 3.8416 0.083
-0.0124 4.0288 0.731
-0.0138 4.0072 0.483
-0.0726 4.0144 0.100
-0.0405 3.9352 0.159
-0.0380 4.0720 0.385
-0.0677 3.9784 0.268
-0.0562 3.9568 0.000
-0.0236 3.7840 0.510
-0.0110 4.1512 0.656
-0.0399 3.8848 1.000
-0.0041 4.0288 0.734
-0.0155 4.0648 0.531
-0.0602 4.1584 0.041
-0.0212 4.2664 1.000
-0.0385 4.1008 0.500
-0.0508 4.0504 0.276
-0.0185 3.8488 0.530
-0.0427 3.9784 0.232
-0.0323 4.0576 0.408
-0.0691 3.9784 0.344
-0.0746 4.0360 0.458
-0.0573 4.0720 0.395
-0.0585 4.1008 0.018
0.0074 3.9928 0.980
-0.0696 4.0432 0.080
-0.0308 3.9064 1.000
-0.0874 3.9712 0.242
-0.0817 4.0072 0.225
-0.0598 3.9064 0.154
-0.0684 3.9568 0.154
-0.0592 3.8344 0.000
-0.0123 4.3456 0.785
-0.0831 3.9784 0.266
-0.0624 4.1080 0.025
-0.0142 3.8632 0.787
-0.0382 3.9424 0.385
-0.0505 4.0792 0.179
-0.0384 4.0432 0.464
-0.0753 3.9856 0.247
-0.0475 3.9424 0.799
-0.0124 4.0432 0.623
-0.0144 4.0144 0.502
-0.0231 4.1944 0.547
-0.0103 3.9280 0.638
-0.0134 3.8272 0.653
-0.0125 4.2376 0.498
-0.0137 3.7840 0.641
-0.0254 4.0576 0.834
-0.0094 4.0576 0.698
-0.0487 3.9280 0.255
-0.0418 4.0216 0.158
-0.0084 4.0144 0.743
-0.0113 3.8632 0.587
-0.0771 3.9640 0.108
-0.0139 4.2592 0.477
-0.0112 4.2016 0.638
-0.0246 4.0648 0.975
-0.0443 4.0360 0.289
0.0182 3.9856 1.000
0.0174 4.0072 0.805
-0.0310 4.0216 0.572
-0.0347 4.0720 0.236
-0.0112 4.1872 0.584
-0.0228 4.0936 0.426
-0.0523 3.9712 0.312
-0.0099 4.1728 0.638
-0.0170 4.0072 0.492
-0.0932 4.0144 0.258
-0.0518 4.0864 0.166
-0.0122 4.0144 0.550
-0.0143 3.9496 0.671
-0.0066 4.0288 0.780
-0.0477 3.9568 0.333
-0.0376 3.9496 0.350
-0.0240 3.8920 0.577
-0.0109 3.7336 0.638
-0.0334 3.9856 0.452
-0.0600 4.1728 0.000
-0.0230 3.7912 0.539
-0.0443 3.9352 0.321
-0.0130 4.0504 0.559
-0.0543 3.9280 0.000
-0.0160 3.9640 0.785
-0.0160 3.8560 0.450
0.0086 4.0000 1.000
-0.0104 4.1368 0.632
-0.0225 3.8992 0.658
-0.0385 3.9640 0.550
-0.0435 4.0648 0.222
-0.0611 4.0360 0.353
-0.0313 3.9856 0.337
-0.0472 3.8848 1.000
-0.0565 3.9136 0.335
-0.0199 4.0936 0.430
-0.0293 3.8992 0.523
-0.0532 3.9928 0.038
-0.0379 4.0936 0.298
-0.0158 3.7480 0.477
-0.0407 3.9784 0.249
-0.0560 4.0288 0.257
-0.0145 3.8272 0.741
-0.0275 3.9568 0.580
-0.0129 4.3456 0.317
-0.0719 4.0144 0.073
-0.0226 4.2304 0.860
-0.0540 4.1512 0.000
-0.0097 3.8776 0.664
-0.0528 4.1728 0.053
-0.0432 4.0432 0.262
-0.0242 4.2304 0.475
-0.0067 4.0360 0.745
-0.0123 3.6904 0.792
-0.0126 3.9424 0.494
-0.0438 3.8920 0.215
-0.0826 3.9856 0.092
-0.0194 4.1512 0.736
-0.0190 3.9496 0.456
-0.0171 3.8200 0.450
-0.0115 3.9784 0.519
-0.0573 4.0072 0.104
-0.0144 4.2304 0.506
-0.0481 4.0072 0.478
-0.0312 3.9136 0.605
-0.0314 4.1224 0.399
-0.0401 4.1296 0.396
-0.0543 3.9784 0.094
0.0350 4.0000 0.000
-0.0483 3.9712 0.175
0.0002 4.0216 0.438
-0.0789 3.9640 0.260
-0.0213 4.2160 1.000
-0.0232 4.1872 1.000
-0.0772 3.9856 0.292
0.0229 4.0000 0.809
-0.0088 3.9928 0.624
-0.0402 4.0504 0.341
-0.0545 4.0864 0.397
-0.0477 3.9064 0.319
-0.0115 3.7264 0.642
-0.0431 4.0288 0.306
-0.0756 3.9784 0.397
-0.0145 3.7408 0.790
-0.0515 4.1368 0.051
-0.0149 4.2952 0.667
-0.0114 4.1368 0.564
-0.0132 3.7120 0.522
-0.0504 4.1512 0.913
-0.0268 3.8776 0.336
-0.0525 4.1080 0.000
-0.0133 4.2808 0.778
-0.0094 3.7840 0.279
-0.0467 4.0720 0.187
0.0132 3.9928 1.000
-0.0730 3.9928 0.336
-0.0336 4.0648 0.234
-0.0749 4.0144 0.096
-0.0351 4.0576 0.483
-0.0657 4.0360 0.103
0.0148 4.0144 0.475
-0.0335 3.9280 0.490
-0.0238 4.0432 0.744
-0.0011 3.9856 0.398
-0.0220 3.8272 0.432
-0.0156 4.1296 0.475
-0.0386 3.9352 0.415
-0.0302 3.9568 0.334
-0.0560 4.0648 0.084
-0.0151 4.2376 1.000
-0.0501 3.9928 0.436
-0.0302 4.1008 0.533
-0.0112 3.8992 0.529
-0.0714 4.0432 0.000
0.0176 4.0360 1.000
-0.0103 3.7264 0.558
-0.0142 4.2232 0.672
-0.1006 4.0072 0.266
-0.0214 4.0720 0.455
-0.0679 3.9280 0.317
-0.0756 3.9928 0.128
-0.0124 4.0648 0.630
-0.0866 3.9568 0.255
-0.0664 3.8776 0.069
-0.0111 4.3168 0.603
-0.0528 3.8848 0.121
-0.0186 4.0144 0.455
-0.0133 3.7912 0.533
-0.0504 3.8416 0.000
-0.0452 4.0504 0.351
-0.0631 3.9424 0.254
-0.0220 4.2016 0.435
-0.0082 4.0360 0.664
0.0101 4.0360 1.000
-0.0221 3.7552 0.376
-0.0114 4.1152 0.653
-0.0203 3.9496 0.861
-0.0504 4.1656 0.085
-0.0173 4.1080 0.501
-0.0069 3.9424 0.691
-0.0553 4.1800 0.096
-0.0233 4.2160 0.898
-0.0400 4.0288 0.667
-0.0104 4.2232 0.584
-0.0171 3.9496 0.532
-0.0140 3.9784 0.649
-0.0103 4.2088 0.662
-0.0508 4.0936 0.157
-0.0206 4.2160 1.000
-0.0866 3.9856 0.423
-0.0492 4.0864 0.199
-0.0450 4.0216 0.195
-0.0212 4.0792 0.964
-0.1005 4.0000 0.256
-0.0110 3.6976 0.649
-0.0341 4.0360 0.378
-0.0278 3.9712 1.000
0.0113 4.0216 1.000
-0.0207 4.0432 0.516
-0.0578 4.0000 0.047
-0.0683 4.0504 0.007
-0.0199 3.9208 0.579
-0.0097 4.1800 0.595
-0.0487 4.0144 0.864
-0.0571 3.8704 0.043
-0.0089 4.0648 0.727
-0.0681 3.9640 0.192
-0.0201 3.7912 0.510
-0.0696 4.0360 0.158
-0.0525 4.0072 0.000
-0.0201 4.0072 0.845
-0.0254 4.0360 0.341
-0.0268 3.9784 0.906
-0.0129 3.8488 0.574
-0.0123 3.7624 0.638
-0.0671 3.9640 0.282
-0.0121 4.3024 0.627
-0.0324 4.1152 0.473
0.0080 3.9712 0.993
-0.0145 3.8056 0.660
-0.0056 3.9568 1.000
-0.0584 4.0288 0.376
-0.0740 3.9568 0.108
-0.0455 3.9856 0.450
-0.0513 3.8632 0.192
-0.0359 3.9136 0.197
-0.0634 4.0432 0.120
0.0151 4.0144 0.159
-0.0406 4.0360 0.266
-0.0445 4.0432 0.510
-0.0154 3.7624 0.817
-0.0653 3.9856 0.322
-0.0188 4.1440 0.682
0.0051 4.0288 0.939
-0.0009 4.0216 0.802
-0.0131 4.0792 0.764
-0.0188 3.9568 0.589
-0.0525 3.8272 0.132
-0.0222 4.1080 1.000
-0.0387 3.9856 0.334
-0.0596 4.0648 0.053
-0.0629 3.9640 0.333
-0.0468 4.0864 0.383
-0.0763 4.0216 0.106
-0.0516 3.8704 0.147
-0.0324 4.1296 0.387
-0.0909 4.0144 0.287
-0.0780 3.9856 0.263
-0.0601 4.1368 0.053
-0.0314 3.8488 0.910
-0.0458 4.0792 0.255
-0.0137 3.7336 0.769
-0.0263 4.0576 0.348
-0.0167 3.7768 0.639
-0.0376 3.9352 0.237
-0.0069 4.0000 0.671
-0.0532 4.0720 0.002
0.0078 3.9640 0.627
-0.0274 3.9352 0.651
-0.0121 3.8128 0.651
-0.0353 3.9856 0.293
-0.0143 3.9064 0.681
-0.0456 3.9712 0.000
-0.0531 4.0648 0.121
-0.0232 3.8128 0.986
-0.0628 4.0000 0.156
-0.0023 4.0000 0.121
-0.0124 3.9424 0.528
-0.0165 4.0504 0.472
-0.0426 3.9712 0.239
-0.0514 3.8992 0.175
-0.0157 3.7696 0.489
-0.0134 3.9352 0.574
-0.0171 3.8272 0.626
-0.0459 3.9640 0.275
-0.0146 4.3024 0.475
-0.0248 4.1008 1.000
-0.0270 4.1152 0.499
-0.0095 3.9568 0.674
-0.0078 3.9064 0.727
-0.0217 3.9352 0.994
-0.0664 3.9568 0.274
-0.0131 4.1728 0.570
-0.0267 3.8848 1.000
-0.0200 3.9928 0.447
-0.0410 4.0000 0.512
-0.0250 3.8488 0.467
-0.0424 4.0648 0.256
-0.0104 4.0936 0.565
-0.0180 4.1080 0.500
-0.0186 4.1728 0.783
-0.0661 4.0648 0.155
-0.0538 4.0648 0.408
-0.0557 4.1008 0.022
-0.0221 3.9928 0.389
-0.0699 4.0576 0.116
-0.0394 3.9136 0.289
-0.0531 4.1656 0.455
-0.0542 4.0144 0.272
-0.0590 4.1080 0.000
-0.0333 3.9496 0.464
-0.0284 3.9784 0.865
-0.0236 3.9136 1.000
-0.0089 3.8920 0.557
-0.0587 3.9928 0.000
-0.0220 4.2808 0.883
-0.0674 4.0576 0.153
-0.0541 3.8776 0.333
-0.0197 4.1728 0.810
-0.0235 3.8848 0.355
-0.0936 3.9928 0.263
-0.0361 3.9784 0.329
-0.0136 4.2448 0.589
-0.0160 4.0936 0.467
-0.0342 3.9424 0.363
-0.0725 4.0072 0.078
-0.0199 3.9568 0.823
-0.0078 4.0720 0.746
-0.0656 3.9280 0.109
-0.0466 4.0432 0.435
-0.0019 4.0000 0.425
-0.0673 4.0504 0.000
-0.0847 4.0144 0.104
-0.0154 4.3096 0.490
-0.0146 3.9712 0.671
-0.0685 3.9928 0.296
-0.0156 4.1224 0.517
-0.0002 4.0144 0.480
-0.0259 3.8632 0.345
-0.0158 4.1368 0.799
-0.0260 4.0792 0.000
-0.0425 3.9928 0.395
0.0163 4.0072 0.846
-0.0209 4.0000 0.462
-0.0406 4.0072 0.236
-0.0101 4.2736 0.112
-0.0542 4.0504 0.125
-0.0518 4.1008 0.186
-0.0270 3.8920 0.433
-0.0205 3.9280 0.903
-0.0718 4.0216 0.403
-0.0131 3.8128 0.513
-0.0152 4.0216 0.474
-0.0194 4.0360 0.490
-0.0518 4.0720 0.149
-0.0153 4.1440 0.779
-0.0240 3.8560 0.369
0.0070 3.9856 0.943
-0.0233 3.7624 1.000
-0.0397 4.0504 0.611
-0.0525 3.9064 0.008
-0.0667 3.9352 0.096
-0.0678 4.0720 0.264
-0.0163 4.1224 0.775
-0.0505 3.8272 0.006
-0.0091 4.0648 0.394
-0.0303 3.9712 0.362
-0.0124 3.8704 0.554
-0.0605 4.0864 0.101
-0.0306 4.0576 0.602
-0.0864 4.0360 0.122
-0.0713 3.9784 0.328
-0.0428 3.9856 0.277
-0.0151 4.2160 0.844
-0.0142 4.1872 0.612
-0.0101 4.0072 0.666
-0.0189 4.1296 0.602
-0.0113 3.9712 0.591
-0.0130 3.9136 0.539
-0.0375 4.0504 0.304
-0.0105 4.1944 0.557
0.0108 4.0072 0.526
-0.0352 4.0432 0.329
-0.0174 4.0720 0.503
-0.0570 4.0216 0.000
-0.0283 3.9064 0.393
-0.0856 4.0072 0.282
-0.0198 4.1080 0.416
-0.0419 3.9568 0.313
-0.0219 3.7768 0.418
-0.0132 4.3312 0.533
-0.0584 3.9424 0.000
-0.0171 4.1440 0.558
-0.0258 4.0504 0.525
-0.0084 4.0216 0.665
-0.0226 3.9280 0.633
-0.0120 4.2448 0.702
-0.0207 4.1584 0.778
-0.0324 3.9496 0.613
-0.0096 3.9424 0.678
-0.0151 3.8344 0.576
-0.0244 4.0648 0.962
-0.0569 3.9640 0.000
-0.0209 4.2520 0.966
-0.0225 3.7192 0.516
-0.0220 4.1440 0.384
-0.0101 3.8056 0.733
-0.0522 3.9136 0.114
-0.0734 4.0072 0.095
-0.0539 3.8704 0.000
-0.0141 3.7984 0.514
-0.0545 4.0576 0.868
-0.0227 4.2016 0.900
-0.0374 3.9928 0.289
-0.0156 3.9352 0.595
-0.0109 4.0648 0.628
-0.0710 3.9424 0.156
-0.0067 4.0216 0.678
-0.0383 3.9568 1.000
-0.0359 3.9280 0.536
-0.0542 3.8560 0.329
-0.0171 4.2376 0.535
-0.0237 3.9352 0.651
-0.0214 4.0648 0.519
-0.0947 4.0216 0.252
-0.0501 4.0360 0.000
-0.0661 3.9064 0.448
-0.0541 3.9064 0.040
-0.0471 3.9496 0.190
-0.0526 4.1008 0.768
-0.0526 3.8776 0.390
-0.0113 3.8488 0.495
-0.0198 3.9856 0.648
0.0289 4.0000 0.664
-0.0319 4.0072 0.561
-0.0507 3.8344 0.180
-0.0506 3.9856 0.322
-0.0541 3.9856 0.073
-0.0778 3.9928 0.303
-0.0613 3.9064 0.000
-0.0362 3.9064 0.313
-0.0593 3.9856 0.000
-0.0551 4.1224 0.293
-0.0580 4.0648 0.000
0.0253 4.0072 0.535
-0.0540 3.8272 0.309
-0.0175 3.8128 0.908
-0.0130 4.0360 0.543
0.0332 4.0000 0.624
-0.0279 3.9856 0.979
-0.0522 3.8344 0.000
-0.0152 4.0936 0.780
0.0040 3.9928 0.716
-0.0132 3.7048 0.486
-0.0169 4.2520 1.000
0.0453 4.0000 0.799
-0.0093 3.8416 0.646
-0.0580 3.8920 0.069
-0.0415 3.9424 0.946
-0.0379 4.0576 0.872
-0.0299 3.9640 0.312
-0.0590 3.8416 0.000
-0.0237 4.0144 0.652
-0.0096 3.8272 0.664
-0.0307 3.9856 0.481
-0.0593 3.9712 0.019
-0.0471 4.1152 0.358
-0.0229 4.2088 0.505
0.0054 3.9784 0.034
-0.0084 4.0792 0.691
-0.0434 4.0144 0.232
-0.0413 4.0144 0.375
-0.0286 4.0576 1.000
-0.0436 3.9496 0.140
-0.0908 4.0000 0.256
-0.0292 3.9424 0.355
-0.0153 3.8560 0.735
-0.0221 4.1008 0.489
-0.0236 3.9424 0.560
-0.0218 4.1224 0.404
-0.0302 3.9208 0.722
-0.0351 4.0216 0.420
-0.0601 4.0360 0.462
-0.0100 3.9640 0.719
-0.0796 4.0000 0.192
-0.0071 3.9496 0.363
-0.0631 3.9136 0.214
-0.0559 4.0720 0.046
-0.0128 3.6544 0.570
-0.0263 3.9280 0.411
-0.0393 4.0792 0.320
0.0184 4.0144 1.000
-0.0232 3.9280 0.932
-0.0162 3.9136 0.580
-0.0494 4.0792 0.417
-0.0465 3.9568 0.218
-0.0919 4.0216 0.277
-0.0878 3.9784 0.247
-0.0113 3.7768 0.522
-0.0213 3.7840 0.433
-0.0224 3.7480 0.965
-0.0797 4.0144 0.260
0.0026 4.0072 0.435
-0.0196 3.9064 0.688
-0.0467 3.9352 0.210
-0.0339 4.0144 0.318
-0.0099 4.2664 0.737
-0.1111 4.0000 0.302
-0.0152 4.1800 0.785
-0.0410 4.1080 0.266
-0.0534 4.1368 0.412
-0.0186 4.0864 0.708
-0.0099 3.8992 0.700
-0.0602 3.9208 0.016
-0.0209 3.8416 0.942
-0.0125 4.2520 0.659
-0.0794 4.0216 0.114
-0.0096 4.1584 0.628
-0.0220 3.8632 0.514
-0.0478 3.9208 0.000
0.0188 3.9784 1.000
-0.0120 4.1584 0.524
-0.0569 4.0504 0.000
-0.0606 3.9856 0.103
-0.0166 3.8632 1.000
-0.0585 4.1440 0.060
-0.0835 4.0432 0.252
-0.0590 3.8848 0.137
-0.0428 4.0072 0.000
-0.0183 3.9424 0.734
-0.0092 4.0216 0.563
-0.0231 3.7984 0.845
-0.0415 4.0792 0.000
-0.0235 3.7768 0.939
-0.0112 4.0720 0.352
-0.0189 4.0936 0.502
-0.0663 3.9928 0.342
-0.0586 4.1296 0.262
-0.0244 3.8848 0.950
-0.0104 3.8344 0.610
-0.0939 4.0288 0.154
-0.0537 4.1008 0.161
-0.0166 4.1296 0.707
0.0160 4.0000 0.476
-0.0107 3.7408 0.558
-0.0285 3.9496 0.045
-0.0266 4.0360 0.634
0.0031 3.9856 0.431
-0.0581 3.8992 0.000
-0.0182 3.9208 0.588
-0.0477 4.0792 0.184
-0.0105 4.1440 0.544
-0.0444 4.0936 0.224
-0.0109 4.3240 0.621
-0.0109 3.7912 0.626
-0.0112 4.2736 0.639
-0.0513 4.1440 0.019
-0.0948 3.9784 0.215
-0.0299 3.8848 0.317
-0.0229 4.1080 0.611
-0.0794 3.9640 0.146
-0.0799 4.0360 0.147
-0.0561 4.0000 0.336
-0.0122 4.0864 0.656
-0.0182 4.1368 0.629
-0.0130 4.0720 0.502
-0.0698 3.9712 0.187
-0.0226 4.2088 0.429
-0.0160 3.8704 0.731
-0.0608 4.0792 0.151
0.0071 4.0000 0.942
-0.0628 3.9352 0.355
-0.0185 3.8848 0.659
-0.0284 4.0432 1.000
-0.0320 3.8560 0.639
-0.0511 3.8920 0.313
-0.0113 4.0504 0.627
-0.0758 3.9640 0.262
-0.0112 4.2952 0.590
-0.0100 4.0432 0.663
-0.0082 3.9712 0.462
-0.0177 3.9136 0.454
-0.0115 4.0360 0.724
-0.0617 3.9352 0.268
-0.0118 3.8560 0.552
-0.0603 3.9352 0.315
-0.0448 3.9568 0.000
-0.0086 3.8992 0.678
-0.0192 4.0792 0.503
-0.0325 3.9352 0.443
-0.0896 4.0000 0.272
-0.0132 4.1512 0.549
-0.0703 3.9640 0.192
-0.0773 4.0432 0.204
-0.0481 4.0000 0.549
-0.0349 4.0288 0.302
-0.0497 3.9784 0.191
-0.0523 3.9784 0.495
-0.0747 4.0072 0.235
-0.0247 4.0072 0.691
-0.0406 4.0864 0.279
-0.0101 4.1080 0.587
0.0061 4.0216 1.000
-0.0173 4.0288 0.511
-0.0538 3.8632 0.021
-0.0283 3.9928 0.506
-0.0657 4.0000 0.022
-0.0502 3.9136 0.000
-0.0314 4.0792 0.918
-0.0548 4.0720 0.078
-0.0572 3.8632 0.167
-0.0837 4.0360 0.285
-0.0075 4.1008 0.670
-0.0442 3.9640 0.436
-0.0547 4.1080 0.103
-0.0738 3.9784 0.246
-0.0163 4.1512 0.464
-0.0850 3.9712 0.082
-0.0472 3.9136 0.225
-0.0706 3.9424 0.235
-0.0109 3.9856 0.731
-0.0856 4.0432 0.190
-0.0082 4.0432 0.691
-0.0127 4.2736 0.569
0.0066 4.0144 0.997
-0.0511 4.1872 0.505
-0.0110 4.2808 0.631
-0.0656 3.9568 0.027
-0.0569 3.9928 0.812
-0.0359 3.9424 0.482
-0.0206 3.8560 0.602
-0.0546 3.8848 0.116
-0.0446 3.8776 0.420
-0.0138 3.8992 0.565
-0.0351 3.8848 0.289
-0.0119 3.9136 0.534
-0.0114 4.1440 0.545
-0.0629 4.0144 0.268
-0.0507 4.0000 0.184
-0.0157 4.2016 0.967
-0.0579 3.9136 0.362
-0.0249 3.9424 0.991
-0.0440 3.8992 0.207
0.0266 4.0144 0.636
-0.0705 3.9568 0.174
-0.0600 4.0720 0.000
-0.0321 4.0504 0.956
-0.0084 4.0864 0.556
-0.0111 4.2088 0.713
-0.0151 4.0792 0.504
-0.0269 4.1224 0.932
-0.0249 4.0216 0.946
-0.0258 3.9928 0.474
-0.0155 4.0000 0.607
-0.0180 4.0432 0.656
-0.0478 3.8992 0.000
0.0046 4.0000 0.390
-0.0130 3.6904 0.490
-0.0528 3.9568 0.000
-0.0074 4.0936 0.000
-0.0909 3.9928 0.286
-0.0150 3.8776 0.817
-0.0625 4.0792 0.466
-0.0943 4.0000 0.422
-0.0181 3.9712 1.000
-0.0513 3.9640 0.122
-0.0106 4.1224 0.483
-0.0438 3.9784 0.000
-0.0631 4.0504 0.160
-0.0478 4.1008 0.191
-0.0184 4.1512 0.546
0.0059 3.9856 0.984
-0.0399 4.1152 0.240
-0.0873 3.9928 0.272
-0.0628 3.9568 0.192
0.0046 4.0288 0.663
-0.0060 4.0504 0.743
-0.0853 4.0000 0.215
-0.0090 4.0720 0.713
-0.0267 4.0432 0.767
0.0359 4.0000 0.582
-0.0271 4.0144 0.370
-0.0249 3.9208 1.000
-0.0129 3.7696 0.705
-0.0553 4.0360 0.000
-0.0126 3.7480 0.605
-0.0150 4.0720 0.433
-0.0590 4.0576 0.150
-0.0509 4.1296 0.113
-0.0139 4.1872 0.570
-0.0099 4.0864 0.585
-0.0527 4.1224 0.137
-0.0213 3.7984 0.823
-0.0213 3.9424 0.859
-0.0279 4.0144 0.521
-0.0378 3.9784 0.623
-0.0563 3.9496 0.000
-0.0363 4.0000 0.436
-0.0477 3.9280 0.380
-0.0491 3.9208 0.000
-0.0263 4.0216 0.523
-0.0190 4.1656 0.482
-0.0309 4.0360 0.564
-0.0210 3.7336 0.571
-0.0092 4.2808 0.687
-0.0180 4.0576 0.682
-0.0398 3.9784 0.238
-0.0392 4.0360 0.505
-0.0323 3.8632 0.456
-0.0504 4.0360 0.153
-0.0325 4.0000 0.658
-0.0136 3.9064 0.686
-0.0781 4.0360 0.306
-0.0116 3.6616 0.569
-0.0218 4.0936 0.632
-0.0496 4.0072 0.210
-0.0753 4.0576 0.204
-0.0598 3.9136 0.228
-0.0571 4.1512 0.209
-0.0599 4.0864 0.034
-0.0326 4.1440 0.460
-0.0140 3.7768 0.799
-0.0480 3.9928 0.247
-0.0129 3.6832 0.557
-0.0293 3.9352 0.545
-0.0112 3.7552 0.604
-0.0501 3.9640 0.550
-0.0167 3.8992 0.580
-0.0193 3.7552 0.938
-0.0168 4.0432 0.522
-0.0100 3.7984 0.646
-0.0048 4.0000 0.709
-0.0807 3.9712 0.201
-0.0520 3.9424 0.157
-0.0358 3.9352 0.462
-0.0632 3.9064 0.063
-0.0143 4.3168 0.442
-0.0213 3.9640 0.419
-0.0553 3.8128 0.093
-0.0372 3.9712 0.442
-0.0153 3.7048 0.667
-0.0271 3.9496 0.361
-0.0464 4.0576 0.180
-0.0517 3.9280 0.000
0.0194 4.0072 1.000
0.0183 3.9928 1.000
-0.0604 3.8920 0.002
-0.0662 4.0864 0.079
-0.0653 3.9640 0.310
-0.0226 3.7408 1.000
-0.0164 4.1800 0.653
-0.0207 4.2232 0.384
0.0248 4.0000 0.680
-0.0578 4.0504 0.410
-0.0150 3.9208 0.775
-0.0644 4.0504 0.121
-0.0162 4.2016 0.491
-0.0189 3.8344 0.913
-0.0241 3.9064 1.000
-0.0143 4.0504 0.546
-0.0210 4.0432 0.519
-0.0515 4.1224 0.000
-0.0115 3.7120 0.684
-0.0918 4.0000 0.256
0.0127 4.0216 1.000
-0.0103 3.9856 0.576
-0.0107 3.7048 0.573
-0.0249 4.1080 1.000
-0.0921 4.0072 0.234
-0.0217 3.9136 0.376
-0.0641 4.0360 0.318
-0.0156 4.1584 0.519
-0.0834 3.9856 0.260
0.0080 4.0216 0.666
-0.0100 4.2304 0.653
-0.0328 4.1512 0.329
-0.0160 3.9208 0.538
-0.0155 3.7336 0.497
-0.0160 4.0576 0.529
-0.0148 3.7840 0.777
-0.0606 4.0936 0.025
-0.0564 3.9352 0.000
-0.0399 3.9064 0.204
-0.0822 3.9928 0.460
-0.0588 4.1152 0.047
-0.0255 3.8560 1.000
-0.0595 4.1656 0.054
-0.0378 4.0360 0.430
-0.0500 3.9712 0.289
-0.0599 3.9496 0.067
-0.0360 3.9712 0.483
-0.0280 4.1080 0.565
-0.0568 3.9784 0.002
-0.0587 3.9496 0.326
-0.0333 3.9784 0.282
-0.0327 3.8920 0.591
-0.0373 4.0792 0.270
-0.0800 4.0432 0.262
-0.0130 3.8416 0.792
-0.0528 3.7984 0.168
-0.0118 3.7480 0.656
-0.0261 3.8992 1.000
-0.0472 4.1080 0.157
-0.0540 4.1152 0.110
-0.0622 4.0360 0.027
-0.0645 4.0216 0.369
-0.0377 3.9424 0.349
-0.0503 4.0576 0.000
-0.0117 3.8416 0.706
-0.0710 4.0360 0.381
-0.0546 3.9352 0.066
-0.0249 4.1584 0.416
-0.0541 4.0936 0.019
-0.0193 3.7696 0.495
-0.0083 3.9568 1.000
-0.0497 4.0504 0.066
-0.0687 4.0360 0.177
-0.0150 3.9784 0.594
-0.0737 4.0360 0.281
-0.0325 3.8416 0.466
-0.0771 3.9496 0.152
-0.0802 4.0288 0.135
-0.0800 4.0072 0.264
-0.0125 4.1944 0.645
-0.0142 4.1656 0.797
-0.0486 3.9496 0.194
-0.0857 4.0288 0.290
-0.0544 4.0792 0.000
-0.0083 4.1152 0.693
-0.0787 4.0216 0.168
-0.0224 4.0144 0.517
-0.0194 3.8056 0.513
-0.0604 4.1440 0.000
-0.0805 3.9928 0.195
0.0057 3.9712 0.935
-0.0286 4.0288 0.495
-0.0117 3.9064 0.522
-0.0221 4.2376 0.409
-0.0118 3.6760 0.675
-0.0111 4.0000 0.590
-0.0957 4.0072 0.207
-0.0126 4.1440 0.628
-0.0325 4.1584 0.413
-0.0559 3.9064 0.000
-0.0783 4.0432 0.372
-0.0287 4.0000 0.654
-0.0250 4.1656 0.369
-0.0220 4.0072 0.913
-0.0171 3.8848 0.545
-0.0719 4.0000 0.308
-0.0774 3.9568 0.220
-0.0273 4.0792 0.659
-0.0620 3.9280 0.027
-0.0482 4.0720 0.251
-0.0314 3.9640 0.352
-0.0185 3.8272 0.513
-0.0428 3.9352 0.457
-0.0571 4.0936 0.196
-0.0209 3.9352 0.606
-0.0009 3.9928 0.428
-0.0110 4.1800 0.679
-0.0143 4.0576 0.527
-0.0851 3.9568 0.252
-0.0105 3.8488 0.734
0.0270 3.9928 0.597
-0.0713 3.9928 0.035
-0.0753 4.0432 0.378
-0.0864 4.0144 0.266
-0.0100 4.1008 0.620
-0.0277 4.1008 0.375
-0.0477 4.0648 0.336
-0.0248 3.8344 0.427
-0.0612 4.1152 0.267
-0.0439 4.0864 0.202
-0.0251 3.9856 0.354
-0.0200 4.1800 0.622
-0.0306 4.1152 0.566
-0.0787 4.0072 0.094
-0.0682 3.9424 0.152
-0.0438 3.9712 0.197
-0.0874 4.0432 0.276
-0.0199 4.1368 0.564
0.0189 3.9928 0.625
-0.0356 4.1152 0.588
-0.0229 4.1656 0.450
-0.0264 4.0936 0.453
-0.0194 3.8200 0.981
-0.0242 4.0216 0.844
-0.0244 4.2232 0.562
-0.0101 3.9136 0.753
-0.0049 4.0216 0.887
-0.0205 4.1152 0.429
-0.0436 4.0720 0.364
-0.0147 4.0864 0.501
-0.0558 3.9208 0.377
-0.0726 3.9712 0.171
-0.0310 3.8992 0.451
-0.0140 4.2952 0.497
-0.0558 4.0792 0.000
-0.0271 3.9208 1.000
-0.0285 4.1008 0.591
-0.0597 4.0000 0.017
-0.0389 3.9496 0.529
-0.0230 4.1008 0.592
-0.0213 3.9856 1.000
-0.0515 4.1080 0.000
-0.0528 3.9280 0.256
-0.0708 3.9280 0.081
-0.0069 3.9856 0.664
0.0264 4.0000 0.584
-0.0912 3.9856 0.306
-0.0099 4.2592 0.350
-0.0241 4.1224 1.000
0.0169 4.0216 1.000
-0.0703 4.0504 0.142
-0.0325 3.8992 0.501
-0.0129 3.9928 0.550
-0.0211 4.2880 0.469
-0.0531 3.8128 0.075
-0.0739 3.9856 0.340
-0.0546 3.8344 0.000
-0.0599 3.9280 0.128
-0.0137 4.0144 0.571
-0.0068 3.9928 0.713
-0.0772 3.9784 0.401
-0.0556 4.0144 0.268
-0.0368 3.8920 0.600
0.0187 3.9856 1.000
-0.0151 3.8488 0.490
-0.0662 3.8992 0.390
-0.0161 3.9280 0.604
-0.0202 4.2376 0.578
-0.0104 3.8128 0.555
-0.0301 3.9928 0.522
-0.0850 4.0504 0.189
-0.0106 4.1872 0.570
-0.0058 3.9712 0.714
-0.0112 4.3312 0.350
-0.0167 4.2232 0.892
-0.0144 3.9640 0.504
-0.0105 3.8848 0.682
-0.0668 3.8920 0.291
-0.0581 4.0792 0.000
-0.0559 4.0432 0.198
-0.0519 3.9352 0.000
-0.0756 3.9424 0.120
-0.0214 3.9568 0.458
-0.0541 4.0072 0.000
-0.0310 4.0144 0.341
-0.0288 4.0792 0.479
-0.0547 3.8920 0.309
-0.0569 4.0864 0.000
-0.0387 3.9208 0.443
-0.0296 4.0720 0.399
-0.0107 4.0216 0.570
-0.0722 4.0504 0.126
-0.0248 3.9568 0.686
-0.0400 4.0648 0.244
-0.1023 4.0000 0.275
-0.0362 4.1080 0.443
-0.0745 3.9712 0.073
-0.0129 4.3024 0.787
-0.0404 4.0936 0.419
-0.0437 4.0288 0.200
-0.0274 3.9928 0.619
-0.0112 4.2520 0.564
-0.0160 3.7840 0.627
0.0187 4.0144 1.000
-0.0575 4.0864 0.152
-0.0163 4.1872 0.508
-0.0162 4.2448 0.749
-0.0537 4.1440 0.236
-0.0603 3.9424 0.045
-0.0106 3.8560 0.658
-0.0107 4.0144 0.758
-0.0235 3.7552 0.587
-0.0474 3.8920 0.362
-0.0667 3.9496 0.456
0.0037 3.9712 0.393
-0.0084 3.9280 0.666
-0.0320 3.9064 1.000
-0.0719 4.0576 0.134
-0.0497 3.9856 0.157
-0.0754 4.0504 0.347
0.0023 4.0144 0.521
-0.0519 3.9496 0.355
-0.0114 4.1080 0.610
-0.0193 3.8344 0.682
-0.0677 4.0432 0.150
-0.0405 4.0216 0.320
-0.0545 3.9712 0.000
-0.0218 3.8704 0.413
-0.0207 3.9136 0.473
-0.0096 3.9352 0.602
0.0063 4.0144 0.980
-0.0117 4.0576 0.606
-0.0885 4.0144 0.301
-0.0698 3.9856 0.141
-0.0912 4.0360 0.233
-0.0660 3.9424 0.399
-0.0212 4.1296 0.672
0.0114 3.9712 0.779
-0.0534 3.8200 0.000
-0.0095 3.9064 0.667
-0.0866 4.0216 0.209
-0.0076 3.8848 0.674
-0.0124 4.3168 0.537
-0.0122 3.8704 0.376
-0.0657 4.0288 0.452
-0.0571 4.1224 0.870
-0.0127 4.2088 0.550
-0.0914 3.9856 0.143
-0.0424 4.0720 0.379
-0.0108 4.3528 0.582
0.0606 4.0000 0.717
-0.0150 4.1512 0.785
-0.0135 3.9496 0.493
-0.0501 4.0432 0.130
-0.0535 4.1152 0.160
-0.0249 4.1440 1.000
-0.0224 4.0000 0.588
-0.0181 3.9640 0.519
-0.0139 3.6976 0.607
-0.0896 4.0216 0.251
-0.0947 4.0072 0.208
-0.0142 4.2520 0.548
-0.0673 3.9136 0.230
-0.0143 3.8200 0.471
-0.0410 3.9280 0.612
-0.0120 3.8920 0.697
-0.0140 4.1224 0.588
-0.0099 3.8200 0.647
-0.0229 3.9928 0.371
-0.0377 3.9568 0.379
-0.0671 4.1008 0.116
-0.0697 4.0000 0.078
-0.0028 4.0144 0.435
-0.0704 4.0216 0.063
-0.0149 4.1080 0.591
-0.0502 3.9424 0.477
-0.0211 3.8776 0.374
-0.0314 4.0144 0.482
-0.0199 4.0576 0.540
-0.0455 3.9208 0.000
-0.0319 3.9208 0.484
-0.0593 3.8632 0.235
-0.0242 4.1368 0.437
-0.0525 4.2088 0.000
-0.0141 3.7984 0.702
-0.0116 3.7192 0.690
-0.0103 3.7336 0.550
-0.0758 3.9496 0.087
-0.0652 3.9496 0.256
-0.0214 3.9784 0.523
-0.0131 4.2664 0.733
-0.0365 3.9640 0.622
-0.0323 3.9280 0.507
-0.0546 3.8200 1.000
-0.0309 3.9784 0.587
-0.0236 4.0072 0.400
-0.0330 3.8704 0.982
-0.0515 3.9496 0.440
0.0210 4.0000 0.530
-0.0210 4.1224 0.653
-0.0770 3.9352 0.313
-0.0154 3.7768 0.549
-0.0690 3.9856 0.174
-0.0108 4.2160 0.710
-0.0137 4.3096 0.483
-0.0441 3.9928 0.176
-0.0104 3.9712 0.597
-0.0326 3.9784 0.369
-0.0451 4.0864 0.239
-0.0154 4.0288 0.499
-0.0908 3.9784 0.133
-0.0176 4.0648 0.549
-0.0070 3.9784 0.662
-0.0127 4.1080 0.498
-0.0665 3.8848 0.114
-0.0720 3.9352 0.362
-0.0847 3.9640 0.224
-0.0159 3.7696 0.607
-0.0162 4.2160 0.670
-0.0228 4.0792 0.390
-0.0324 4.1368 1.000
-0.0211 4.0288 1.000
0.0072 3.9784 0.930
-0.0619 3.9136 0.004
-0.0137 3.7624 0.487
-0.0354 3.9208 0.643
-0.0576 4.0576 0.346
-0.0642 4.0072 0.271
-0.0125 4.2016 0.486
-0.0183 3.9064 1.000
-0.0157 4.0432 0.760
-0.0787 4.0000 0.109
-0.0315 3.9136 0.504
-0.0368 4.0072 0.404
-0.0065 4.0144 0.690
-0.0490 4.0216 0.647
-0.0153 3.9136 0.461
-0.0530 4.0144 0.169
-0.0393 4.0864 0.341
-0.0834 4.0216 0.257
-0.0242 3.9496 0.393
-0.0091 4.2520 0.582
-0.0412 3.9712 0.228
-0.0430 3.9640 0.207
-0.0294 4.0720 0.403
-0.0109 4.1728 0.632
-0.0526 3.8632 0.508
-0.0581 3.8776 0.295
-0.0392 4.0144 0.273
-0.0177 4.0216 0.459
-0.0139 3.8632 0.571
-0.0201 4.0216 0.646
-0.0274 4.0288 0.351
-0.0211 3.8560 0.452
-0.0201 3.7624 0.738
0.0108 3.9928 1.000
0.0025 3.9856 0.509
-0.0382 4.0576 0.768
-0.0195 3.7840 0.996
-0.0134 3.8920 0.598
0.0128 3.9712 0.762
-0.0218 4.1944 0.455
-0.0473 3.9784 0.408
-0.0315 4.0360 0.444
-0.0690 3.9352 0.089
-0.0747 4.0000 0.313
-0.0310 4.0432 0.503
-0.0529 3.8056 0.054
-0.0168 4.1656 0.848
-0.0086 3.9856 0.690
-0.0509 3.9928 0.038
-0.0614 4.1008 0.635
0.0123 4.0288 1.000
-0.0189 4.0720 0.503
-0.0223 4.0504 0.994
0.0112 4.0000 0.712
-0.0347 3.8920 0.275
-0.0363 3.8992 0.751
-0.0122 3.8848 0.538
0.0079 4.0072 0.967
-0.0534 4.0504 0.127
-0.0581 4.0216 0.000
-0.0289 4.0648 1.000
-0.0640 4.0288 0.102
-0.0263 3.8992 0.331
-0.0241 3.8056 1.000
-0.0226 4.2448 1.000
-0.0125 3.6760 0.744
-0.0551 3.8488 0.064
-0.0664 3.9208 0.038
-0.0173 4.1008 0.457
-0.0611 3.9784 0.247
-0.0514 3.9784 0.323
-0.0544 3.9208 0.483
-0.0451 3.9784 0.207
-0.0306 4.0288 0.588
-0.0680 4.0288 0.095
-0.0571 3.9640 0.000
-0.0228 3.8416 1.000
-0.0662 3.9712 0.047
-0.0465 4.0936 0.386
-0.0134 4.0216 0.538
-0.0103 4.2448 0.685
-0.0572 3.9856 0.000
-0.0652 4.0000 0.098
-0.0359 4.1008 0.689
-0.0333 4.0216 0.291
-0.0411 4.0432 0.127
-0.0490 3.9424 0.357
-0.0106 3.7624 0.604
-0.0619 3.9928 0.000
-0.0086 3.9352 0.697
-0.0524 4.1296 0.058
-0.0242 3.8632 0.989
-0.0407 4.0576 0.247
-0.0621 3.8992 0.044
-0.0128 3.9856 0.500
-0.0389 4.0720 0.984
-0.0238 4.0720 0.844
-0.0589 3.8488 0.044
-0.0679 4.0072 0.342
-0.0250 4.1728 0.950
-0.0571 4.1368 0.180
0.0158 4.9192 0.751
-0.0489 5.1837 0.553
-0.0535 4.8457 1.000
-0.0468 4.7649 0.413
-0.0536 5.1249 0.534
-0.0343 5.0808 0.560
-0.0208 5.0367 0.148
-0.0405 4.9486 0.485
-0.0764 4.9118 0.002
-0.0632 4.9192 0.319
-0.0112 4.8898 0.596
-0.0859 5.0955 0.887
-0.0437 4.8824 0.506
-0.0065 5.2131 0.660
-0.0468 5.2424 0.441
-0.0495 4.7796 0.556
-0.0801 5.1837 0.000
-0.0508 4.8898 0.367
-0.0047 4.8090 1.000
0.0252 5.0220 0.721
-0.0704 4.9192 0.000
-0.0818 4.8163 0.000
-0.0483 5.0588 0.552
-0.0624 4.8971 0.434
-0.0761 5.1176 0.532
-0.0076 4.8751 0.587
-0.0589 5.1910 0.133
-0.0826 5.0220 0.005
-0.0813 5.1763 0.000
-0.0013 4.9633 0.767
-0.0645 4.9780 0.406
-0.1026 4.9706 0.137
-0.0578 5.1102 0.519
-0.0922 5.0735 0.149
0.0084 4.9118 0.786
-0.0234 5.0000 0.591
-0.0498 4.8090 0.900
-0.0027 4.9265 1.000
-0.0349 4.9045 0.526
-0.0638 5.0000 0.906
-0.0758 4.8237 0.000
-0.0831 4.8237 0.413
-0.0931 4.9412 0.359
-0.0747 5.1910 0.010
-0.0477 5.1910 0.405
-0.1177 5.0514 0.158
-0.1424 4.9927 0.204
0.0042 4.8751 0.685
-0.0789 5.1469 0.330
0.0164 5.0367 0.728
-0.0570 4.9927 0.983
-0.0548 4.8604 0.334
-0.0683 4.8678 0.205
-0.0634 5.1763 0.850
-0.0933 5.0661 0.184
-0.0149 4.9633 0.827
0.0218 4.9633 0.722
0.0240 5.0073 0.757
-0.0868 4.9486 0.073
0.0234 4.9780 0.755
-0.0584 4.9412 0.846
-0.1104 4.9339 0.487
0.0106 5.2057 0.772
-0.1160 5.0220 0.121
-0.0592 5.0955 1.000
-0.0093 4.8531 0.930
-0.0211 5.0073 0.842
-0.0021 5.0073 0.934
-0.0662 4.8531 0.304
-0.0656 4.8971 0.000
-0.0023 4.9412 0.801
-0.0578 4.8090 0.896
-0.0641 5.0514 0.892
-0.0836 5.1176 0.017
-0.0483 4.9118 0.495
-0.0831 5.0661 1.000
-0.0438 4.9412 0.541
-0.0849 4.9853 0.000
-0.0101 4.8310 0.626
-0.0585 5.1616 0.341
-0.0461 5.1322 0.478
-0.0573 5.0735 0.037
-0.1088 4.9780 0.509
-0.0054 5.1837 0.866
-0.0841 4.9633 0.293
-0.0271 4.9706 0.551
-0.0332 5.0220 0.845
-0.0529 5.0514 0.443
-0.0626 5.1984 0.542
0.0098 5.1616 0.774
-0.0272 5.0147 0.606
-0.1355 5.0000 0.217
0.0395 5.0073 0.688
-0.0829 4.7576 0.015
-0.0657 5.1176 0.299
0.0289 4.9927 0.706
0.0111 4.8971 0.697
-0.0458 5.0000 0.486
-0.0733 5.2204 0.000
-0.0479 4.9780 0.996
0.0092 5.0294 0.701
-0.0993 5.0220 0.545
-0.0963 5.0220 1.000
-0.1067 5.0294 0.514
-0.0650 4.8457 0.218
-0.0672 4.9706 0.232
-0.0165 4.9780 0.835
-0.0784 4.9853 0.929
-0.1131 4.9853 0.254
0.0601 5.0073 0.650
0.0187 5.0147 0.708
-0.0232 4.9853 0.567
-0.0787 4.9706 0.000
-0.0006 4.8163 0.645
-0.0737 5.1837 0.886
-0.0622 4.9118 0.330
-0.0001 5.0735 0.796
-0.0172 5.0147 0.818
-0.0979 4.9853 0.419
-0.0352 5.0588 0.537
-0.0260 5.0294 0.540
-0.0415 5.0147 0.497
0.0029 5.0661 0.594
-0.0858 4.7796 0.069
-0.0048 4.9192 0.637
0.0095 4.9486 0.778
-0.1212 4.9706 0.201
-0.0462 4.7576 0.486
-0.1114 4.9927 0.437
-0.0727 4.7796 0.000
-0.0610 4.9192 0.956
0.0595 5.0147 0.772
-0.0788 4.9633 0.021
-0.0647 5.1029 0.314
-0.1265 5.0220 0.425
-0.0282 5.0661 0.552
-0.0709 4.8384 0.169
-0.0504 4.8678 0.479
-0.0760 4.8163 0.000
-0.0789 5.0661 0.052
0.0290 4.9853 0.645
-0.0691 4.7576 0.154
-0.0765 5.0882 0.209
-0.0676 4.7061 0.267
-0.0357 4.9265 0.562
-0.1168 4.9486 0.238
-0.0961 5.0367 0.389
0.0044 5.0735 0.682
-0.0529 4.9780 0.346
-0.0574 5.0588 0.325
-0.0904 4.9118 0.291
-0.0826 5.0367 0.000
-0.0099 4.9853 0.631
-0.0728 5.1102 0.291
0.0101 4.8457 0.765
0.0077 4.9853 0.671
-0.0907 4.9339 0.091
-0.0891 4.9045 0.170
-0.0160 5.0147 0.618
-0.0261 4.9192 0.573
-0.0036 5.0294 0.621
-0.0438 4.8604 0.448
-0.0383 4.9265 0.559
-0.0240 4.9486 0.587
-0.1104 5.0294 0.209
-0.0574 4.7796 0.512
-0.0887 4.9412 0.392
-0.0254 4.9339 0.542
-0.0864 5.0882 0.906
0.0820 5.0147 0.773
-0.0052 5.2571 1.000
-0.0858 5.1837 0.000
-0.0812 4.9633 0.123
-0.0122 4.9412 0.598
-0.0623 5.0514 0.845
-0.0822 4.8531 0.389
-0.0456 4.8531 0.842
-0.0219 4.9780 0.558
0.0372 4.9927 0.750
-0.0991 5.0955 0.149
-0.0835 4.8971 0.128
-0.0041 5.1469 0.804
-0.0231 4.9706 0.585
-0.0036 4.9559 0.773
-0.0596 4.8971 0.223
0.0358 5.0073 0.710
0.0058 4.9633 0.791
-0.0836 4.9927 0.150
-0.0822 4.9045 0.000
0.0059 5.1029 0.680
-0.0482 5.2131 0.543
-0.0525 5.1690 0.538
0.0026 5.0661 0.665
-0.0174 4.9853 0.568
-0.0682 4.7208 0.242
-0.1026 4.9780 0.891
-0.0214 5.0808 0.833
-0.0687 5.1176 0.295
-0.0158 5.0073 0.578
-0.0496 4.8384 0.382
-0.0097 4.9265 0.948
-0.0679 5.2718 0.072
-0.0246 5.0367 0.584
-0.1084 4.9706 0.469
0.0029 5.0441 0.670
-0.0120 5.1690 0.818
-0.0437 4.9045 0.745
0.0105 5.0808 0.706
-0.0670 5.0808 1.000
-0.0077 5.1322 0.781
-0.0839 5.2131 0.080
-0.0779 5.0588 0.461
-0.0108 4.8751 0.923
-0.0552 4.9633 0.345
-0.0849 4.8457 0.024
-0.0665 4.6620 0.276
0.0149 5.1102 0.750
-0.0633 5.0882 0.349
0.0826 5.0073 0.652
-0.0539 5.0220 0.836
-0.0761 4.9633 0.140
-0.0727 4.9853 0.165
-0.0979 4.9706 0.390
-0.0990 5.0882 0.384
-0.1105 4.9412 0.250
0.0103 5.0955 0.751
-0.0742 4.8898 0.000
-0.0722 5.0073 0.486
-0.0549 5.1984 1.000
0.0779 5.0073 0.694
-0.1159 5.0000 0.277
-0.0728 4.8604 0.000
-0.0538 4.8163 0.415
-0.0322 5.0588 0.827
-0.0375 4.8824 0.558
-0.0042 5.0220 1.000
-0.0046 5.1984 0.626
-0.0840 5.1910 0.395
-0.0451 4.7943 0.391
-0.0415 5.0735 0.524
0.0137 5.0955 0.704
-0.1569 5.0000 0.413
-0.0674 4.9559 0.169
-0.0593 4.8604 0.159
-0.0249 5.0955 0.566
-0.0027 4.8604 0.666
-0.0222 5.0220 0.584
0.0125 5.1910 0.709
0.0122 5.0000 0.712
-0.1020 5.0000 0.178
-0.0063 4.8824 0.630
0.0405 5.0000 0.642
-0.0098 5.0955 0.584
-0.0833 5.1029 0.025
-0.0044 5.0294 1.000
-0.0772 4.9265 0.106
-0.0548 5.1763 0.539
-0.0732 5.1249 1.000
-0.0048 5.0367 1.000
-0.0147 5.0367 0.580
-0.0595 5.1763 0.340
-0.0543 4.8751 0.351
0.0097 4.8090 0.676
-0.0114 5.1249 0.604
0.0167 4.9633 0.733
-0.0942 4.9853 0.318
-0.0843 5.0735 0.084
-0.0589 5.0000 0.444
0.0278 4.9780 0.579
-0.0330 4.9780 0.539
-0.0057 4.9339 0.975
-0.0560 5.0441 0.619
-0.1553 5.0073 0.281
-0.0614 4.9706 0.301
-0.0392 5.1249 0.532
-0.0312 5.0073 0.244
-0.0680 5.2278 0.290
-0.0941 5.0000 0.100
0.0024 5.0588 0.799
-0.1011 5.0073 0.245
-0.1178 5.0661 0.524
-0.0878 4.8237 0.930
-0.0682 5.2865 0.301
-0.0646 4.9486 0.351
-0.0664 4.8237 0.258
-0.0688 4.9853 0.000
-0.0713 5.2498 0.000
-0.0912 4.9559 0.000
0.0289 5.0000 0.792
-0.0555 4.9927 0.900
-0.0499 4.9192 1.000
-0.0679 5.0735 0.300
-0.0532 4.8971 0.998
-0.0890 5.0441 0.309
-0.0853 5.2498 0.242
0.0133 4.9780 0.719
0.0177 5.0294 0.707
-0.0235 5.0882 0.583
-0.1261 4.9559 0.311
-0.0815 5.1029 0.185
-0.0916 4.8678 0.187
0.0019 5.1543 0.665
-0.0322 4.9559 0.554
-0.0613 5.0661 0.891
-0.0684 5.0661 0.575
-0.0632 4.8310 0.471
-0.0709 4.9412 0.352
-0.0681 5.2057 0.194
-0.0784 4.8971 0.868
0.0201 4.9853 0.768
-0.0856 4.9265 0.017
-0.0369 5.0294 0.523
-0.0035 5.1029 0.811
-0.0516 5.1469 0.363
-0.0676 4.6988 0.192
-0.0525 5.1029 0.351
-0.0885 5.0367 0.091
-0.0456 5.2057 0.996
-0.0640 5.1469 0.286
-0.0407 5.1029 0.533
0.0053 4.8678 0.681
-0.0846 5.1984 0.062
-0.0976 5.0441 0.534
-0.0759 5.2057 0.145
-0.0084 5.1616 0.666
-0.0700 4.8310 0.000
-0.1077 5.0441 0.434
-0.0683 4.9192 0.158
-0.1310 5.0073 0.124
-0.0793 4.8751 0.000
-0.0730 4.8678 0.133
0.0055 4.9412 0.781
-0.0477 4.9486 0.000
-0.0888 5.0588 0.374
-0.0618 4.8310 0.314
0.0133 4.8457 0.757
-0.0449 4.9118 0.926
-0.0417 5.1837 0.549
-0.0919 4.8604 0.489
-0.0418 4.8751 0.901
-0.0382 4.9339 0.489
-0.0296 5.0588 0.543
-0.0164 4.9559 0.504
-0.0245 5.0514 0.563
-0.0407 5.1322 0.488
-0.0088 5.0441 0.777
-0.0268 4.9412 0.437
-0.0709 5.0220 0.321
-0.0063 4.9045 0.633
0.0126 4.9118 0.733
-0.0867 4.8678 0.270
0.0148 4.9706 0.721
-0.0841 5.1249 0.145
0.0080 5.0882 0.783
-0.0358 5.0294 0.506
-0.0272 4.9339 0.809
-0.0671 5.1763 0.276
-0.0727 5.0735 0.090
0.0038 4.8971 0.677
-0.0456 5.1396 0.405
0.0231 5.0000 0.614
-0.0714 4.7649 0.221
-0.0364 5.0514 0.518
-0.0838 4.9118 0.493
-0.0687 5.1469 0.121
-0.0030 4.9927 1.000
-0.1245 5.0073 0.441
0.0173 4.9853 0.653
-0.0754 4.8090 0.444
-0.0109 5.1837 0.582
-0.0665 4.8604 0.865
-0.0692 4.7796 0.000
-0.0581 4.9559 0.091
-0.0416 5.0661 0.506
-0.0772 4.8531 0.217
-0.0117 4.8384 0.674
-0.0356 4.8898 0.507
-0.0609 5.1837 0.252
-0.1053 5.0735 0.322
-0.1122 4.9706 0.101
-0.0363 5.0441 0.853
-0.0574 5.1396 0.034
0.0632 5.0147 0.714
-0.0715 4.7943 0.393
0.0131 4.9045 0.716
-0.0385 5.0073 0.573
-0.1267 5.0367 0.434
-0.0602 5.0147 0.223
-0.0518 5.1616 0.863
0.0110 4.8310 0.711
0.0142 4.8310 0.733
0.0051 5.1249 0.685
-0.0693 4.9265 0.232
-0.0753 4.9412 0.287
-0.0748 5.0220 0.011
-0.0798 4.8824 0.491
-0.0779 5.0000 0.000
-0.0752 5.2718 0.352
0.0094 5.1837 0.686
0.0398 4.9853 0.716
-0.0790 5.0955 0.313
-0.0483 4.8531 0.531
-0.0190 4.9780 0.590
0.0287 5.0147 0.657
-0.1157 5.0294 0.318
-0.0563 4.9118 0.508
-0.0271 5.0514 0.578
-0.0947 5.0808 0.203
-0.0720 5.2204 0.911
-0.0041 4.8751 1.000
-0.0792 4.9192 0.105
-0.1452 5.0000 0.282
0.0598 4.9927 0.000
-0.1126 5.0147 1.000
-0.0599 5.2718 0.181
-0.0043 4.7649 0.623
-0.0681 4.7649 1.000
-0.0486 4.9706 0.462
-0.0616 4.7869 0.904
-0.0890 5.1249 0.000
-0.0088 4.8898 0.638
-0.0852 5.1543 0.210
0.0061 5.0735 0.780
-0.0054 5.0661 0.923
-0.0434 5.1763 0.838
-0.0625 5.0441 0.000
-0.1264 4.9853 0.360
-0.0912 5.0955 0.328
-0.0328 4.9339 0.857
-0.0080 5.0735 0.616
0.0035 4.9192 0.665
-0.0742 5.0808 0.981
0.0158 5.0000 0.767
-0.0358 4.9927 0.562
-0.0909 4.9265 0.905
-0.0714 4.9559 0.435
-0.1121 4.9633 0.311
0.0015 4.8457 0.671
-0.0741 5.2571 0.848
-0.0248 4.9706 0.560
-0.0736 5.2131 0.000
-0.0052 4.8384 0.746
-0.0522 5.0367 1.000
0.0016 5.0514 0.653
0.0031 4.9265 0.796
-0.0759 5.0514 0.435
-0.0607 5.2204 0.871
-0.0128 4.9706 0.599
-0.0699 5.0514 0.348
0.0115 5.1176 0.768
-0.0041 5.2057 0.638
-0.0282 5.0073 0.450
-0.1372 5.0073 0.351
-0.1126 4.9780 0.198
-0.0697 4.9486 0.142
-0.1059 4.9927 0.859
-0.0884 4.8384 0.006
-0.0672 4.9412 0.339
-0.0601 5.2131 0.438
-0.0231 4.9412 0.567
-0.0920 5.0367 0.242
-0.0695 4.7135 0.189
-0.0331 4.9265 0.551
-0.0790 4.9486 0.422
-0.1516 5.0073 0.504
-0.0703 4.9927 0.071
-0.0053 4.9780 0.623
-0.0745 5.1469 0.003
-0.0525 4.8237 0.412
-0.0847 4.7649 0.320
-0.0692 4.8016 0.181
-0.1269 5.0294 0.274
-0.0474 4.8016 0.374
-0.0621 4.7502 0.911
-0.0904 5.0661 0.535
-0.0881 4.9780 0.597
-0.0808 5.1984 0.526
-0.0078 4.9118 0.935
-0.0634 4.9339 0.173
-0.0527 5.0661 0.363
-0.0123 5.1029 0.588
-0.0563 5.0661 0.349
-0.0485 5.0147 0.531
-0.0138 5.1469 0.586
0.0042 4.8824 1.000
-0.0018 4.9339 0.695
-0.0630 5.0073 1.000
0.0459 4.9853 0.587
-0.0249 5.0808 0.570
-0.0728 4.7355 0.000
-0.0129 5.0808 0.831
0.0133 5.1543 0.723
0.0010 4.8971 0.802
-0.1375 5.0294 0.386
-0.0310 5.1102 0.824
-0.0688 4.8971 0.105
-0.0790 5.0294 0.000
-0.0961 4.9192 0.332
-0.0372 5.1102 0.560
0.0021 4.9118 0.661
0.0462 5.0147 0.651
-0.0824 5.1322 0.329
-0.0620 5.1469 0.522
-0.0913 5.0147 0.390
-0.0658 5.0588 1.000
-0.0816 4.9927 0.000
-0.0578 4.8898 0.342
-0.0547 5.1690 0.879
0.0156 4.9265 0.687
0.0107 4.8163 0.707
-0.1084 5.0000 0.306
-0.0579 4.9265 0.520
-0.0232 5.0588 0.561
-0.0741 4.7429 0.000
-0.0588 5.0514 0.105
-0.0207 5.0441 0.841
0.0816 5.0000 0.764
-0.0864 4.9559 0.299
-0.0079 4.9559 0.613
0.0012 5.0882 0.617
-0.1155 5.0294 0.157
0.0141 5.1837 0.720
-0.0545 4.9780 0.904
-0.0538 5.0147 0.276
0.0378 5.0000 0.699
-0.1222 5.0441 0.884
-0.0623 4.8678 0.272
-0.0330 5.0147 0.461
-0.0187 5.0588 0.591
-0.0392 5.0588 0.902
0.0413 4.9927 0.661
0.0382 5.0294 0.763
-0.0827 4.8604 0.139
-0.0682 5.2939 0.281
-0.0367 4.8971 0.506
-0.0832 4.9192 0.085
-0.0833 5.2278 0.563
-0.0065 5.2498 0.620
-0.0996 5.0735 0.457
-0.0588 4.8384 0.172
-0.0933 5.0588 0.133
0.0060 4.9192 0.728
-0.0711 4.9339 0.000
-0.0699 5.2424 0.294
-0.0446 5.0147 0.410
-0.0550 5.2131 0.000
0.0141 4.8678 0.708
0.0150 5.0882 0.735
-0.0100 5.1690 0.898
-0.0785 5.1176 0.499
-0.0440 5.1029 1.000
0.0331 5.0000 0.665
-0.0302 4.9045 0.542
-0.0673 5.3012 0.557
-0.1145 5.0000 0.227
-0.0113 4.8531 0.587
-0.0488 4.9559 0.000
-0.0001 4.9265 0.596
-0.1206 4.9927 0.452
-0.0252 5.1102 0.573
-0.0674 5.3086 1.000
-0.1054 5.0294 0.232
-0.0295 4.9780 0.560
-0.0476 5.1249 0.454
-0.0209 5.0514 0.590
-0.0109 5.0294 0.630
-0.1195 4.9853 0.334
-0.0839 5.0000 0.401
0.0296 5.0147 0.756
-0.0064 4.9412 0.610
-0.1133 4.9927 0.100
-0.0909 4.9780 0.177
-0.0105 4.9780 0.628
-0.0868 4.9192 0.053
-0.0333 4.8971 0.957
-0.0357 5.1102 0.508
-0.0267 4.9045 0.545
-0.0703 4.7869 0.045
-0.0313 5.0955 0.541
-0.0472 5.0808 0.911
-0.1235 4.9780 0.402
-0.0147 5.0661 0.585
0.0418 5.0147 0.771
-0.0621 5.0367 0.291
0.0319 5.0220 0.746
-0.0601 5.1396 0.533
-0.0653 4.9045 0.370
-0.1094 5.0220 0.326
-0.0596 5.2131 0.884
-0.0115 5.0000 0.765
-0.0563 4.9339 0.000
-0.0646 5.0147 0.898
-0.0561 5.0000 0.362
0.0847 4.9927 0.745
-0.0647 4.8751 0.348
-0.0930 5.0147 0.062
-0.0977 5.0000 0.158
-0.0325 5.0441 0.827
-0.0411 5.1102 0.943
0.0058 5.1322 0.790
-0.0791 4.8457 0.000
-0.0534 4.8531 0.000
-0.0486 5.2351 0.432
-0.0419 5.0073 0.508
0.0904 5.0000 0.715
-0.0029 5.1543 0.642
-0.0626 5.2571 0.492
-0.0053 4.8163 1.000
-0.0241 4.9927 0.559
-0.0494 5.1396 0.430
-0.0403 5.0588 0.561
-0.0734 4.9486 0.209
-0.0401 4.8971 0.847
-0.0714 5.1396 1.000
-0.0165 5.0588 0.580
-0.0022 4.9045 0.647
-0.0818 5.0514 0.425
-0.0779 5.1396 0.348
-0.0478 4.8457 0.424
-0.0475 4.8824 1.000
-0.0521 5.0220 0.350
-0.0472 4.9412 0.519
-0.0088 5.1102 1.000
-0.0287 5.0735 0.429
-0.0414 5.1469 0.474
-0.0441 5.0441 0.433
-0.0112 5.1616 0.602
-0.0574 5.1249 0.335
0.0110 5.1322 0.755
-0.0595 4.9192 0.860
-0.0826 5.0441 0.000
-0.0357 5.0735 0.502
0.0118 5.1102 0.719
-0.0807 4.9559 0.289
-0.0764 5.0147 0.043
-0.0078 5.0073 0.951
-0.0422 4.8824 0.532
-0.0504 4.9412 0.451
-0.0242 5.0882 0.626
-0.0621 4.8016 0.275
-0.0366 5.0000 0.546
-0.0757 4.9559 1.000
-0.0145 4.9192 0.582
-0.0526 4.9045 0.510
0.0010 5.1029 0.791
-0.0252 5.0220 0.552
-0.0905 4.9927 0.230
-0.0628 4.9265 0.277
-0.0679 4.6914 0.056
-0.0778 5.0808 0.000
0.0442 4.9927 0.777
0.0244 4.9853 0.706
-0.0486 4.8971 0.441
-0.0395 5.0882 0.489
-0.0860 5.1543 0.086
-0.0819 5.0588 0.105
-0.0373 4.9486 0.512
0.0067 4.9265 0.679
-0.0857 5.0514 0.421
-0.0259 4.9853 0.553
-0.0738 4.9780 0.148
0.0094 4.8016 0.748
-0.0322 4.9633 0.534
-0.1015 5.0367 0.355
-0.1487 4.9927 0.278
-0.0910 5.1396 0.111
0.0044 5.0808 0.791
0.0033 5.1396 0.667
-0.0750 4.8971 0.220
0.0100 4.8751 0.710
-0.0610 5.1763 0.230
-0.0445 4.9706 0.397
0.0252 4.9927 0.705
-0.0746 4.8384 0.243
-0.0888 5.1176 0.273
-0.0480 5.0073 0.414
-0.1271 4.9927 0.276
-0.0076 4.9706 0.617
-0.0989 5.0073 0.436
-0.0803 5.0073 0.125
-0.0866 5.0514 0.574
-0.0157 4.9706 0.592
0.0141 5.1176 0.767
-0.0466 5.1984 0.431
0.0185 4.9706 0.555
-0.0360 4.9706 0.529
-0.0561 5.0294 0.543
-0.0039 5.0808 0.630
-0.0157 5.0294 0.637
-0.0252 5.1029 0.575
-0.0180 5.0441 0.581
-0.0827 4.9559 0.112
-0.0834 5.0441 0.324
-0.0760 4.7869 0.466
-0.0037 5.0882 1.000
0.0116 4.9780 0.696
-0.0463 4.8457 1.000
0.0158 5.0514 0.738
-0.0650 5.0735 0.424
-0.1174 4.9633 0.279
-0.1171 5.0588 0.369
-0.0947 5.0514 1.000
-0.0603 4.8898 0.163
-0.0894 5.0073 1.000
-0.0386 5.0147 0.567
-0.0661 5.1249 0.415
-0.0914 5.1029 0.912
-0.0453 5.1837 0.429
-0.0686 5.3306 0.400
-0.0711 4.8898 0.154
-0.0452 4.8163 0.402
-0.0766 5.0367 0.404
-0.0779 5.1543 0.356
-0.0451 4.9486 0.477
-0.0153 4.9118 0.827
-0.0603 4.8531 0.422
0.0030 5.0147 0.734
0.0524 4.9927 0.581
-0.1043 4.9265 0.890
0.0003 4.8531 0.801
0.0010 4.9412 0.803
-0.0427 5.0514 0.490
-0.0316 5.0367 0.555
-0.0138 5.0955 0.848
-0.0126 4.8824 0.606
-0.1028 4.9486 0.103
-0.0847 5.1469 0.029
-0.0511 4.9265 0.458
-0.0536 4.8090 0.000
-0.0904 4.9633 0.276
0.0060 5.0073 0.795
-0.0659 4.8604 0.275
-0.0024 4.8824 0.634
0.0052 5.0000 0.684
-0.0841 4.9706 0.165
-0.0853 4.8824 0.031
-0.0850 5.0808 0.078
-0.0672 4.9633 0.314
-0.0682 5.1690 0.253
0.0266 5.0000 0.790
0.0017 4.8604 0.667
-0.1108 4.9559 0.273
-0.0477 4.9853 1.000
0.0568 5.0073 0.591
-0.0871 5.0808 0.274
-0.0857 4.9412 0.190
-0.0018 4.9118 0.604
-0.0718 5.2571 0.000
-0.0121 5.1102 0.578
-0.0716 5.0147 0.444
-0.0413 5.1690 0.976
-0.1069 5.0073 0.422
0.0727 5.0073 0.794
-0.0299 4.9633 0.558
-0.0130 4.9339 0.591
0.0095 5.1763 0.780
-0.1442 5.0000 0.299
0.0124 5.1029 0.729
0.0048 4.9339 0.798
0.0091 4.9927 0.000
-0.0557 5.1176 0.358
-0.0046 4.8971 1.000
-0.0750 5.0588 0.062
0.0182 4.9265 0.596
-0.0612 5.2057 0.348
0.0386 4.9780 0.000
-0.0544 4.9045 0.456
-0.0423 4.9192 0.413
0.0367 5.0147 0.788
-0.0796 4.8971 0.000
-0.0165 5.0220 0.832
-0.0274 4.9486 0.555
-0.0053 5.1249 0.627
0.0129 5.1616 0.740
-0.0855 5.2204 0.399
-0.0080 4.9045 0.624
0.0063 4.9339 0.668
-0.1033 4.9853 0.514
0.0131 4.9412 0.695
-0.0883 4.8531 0.309
0.0124 4.9118 0.769
-0.0042 5.1322 0.931
-0.0512 5.0735 0.548
0.0377 4.9853 0.557
0.0128 4.8163 0.590
-0.0187 4.9412 0.574
-0.0587 5.0073 0.040
-0.0698 4.9633 0.993
-0.0681 5.0073 0.313
-0.0532 5.1396 0.354
0.0259 4.9927 0.685
-0.0424 5.1249 0.999
0.0007 5.0441 0.815
-0.0774 5.1249 0.063
0.0023 5.0955 0.663
-0.0620 5.1102 0.515
-0.0614 5.0220 0.922
-0.0519 5.1322 0.522
-0.0078 4.9927 0.815
-0.1148 4.9706 0.988
-0.0456 4.8090 0.943
0.0126 5.0073 0.713
-0.1013 4.9706 0.037
-0.0722 5.1690 0.945
0.0129 5.1690 0.748
-0.0874 5.0294 0.003
-0.0601 5.0588 0.895
-0.0528 4.9339 0.430
-0.0666 4.8163 0.506
0.0005 4.9192 0.644
-0.0671 4.8531 1.000
-0.0022 4.9486 0.643
-0.0656 5.1396 0.461
-0.1249 4.9559 0.107
-0.0695 5.3453 0.035
-0.0070 5.1029 0.618
0.0868 5.0000 0.000
0.0091 5.0661 0.773
-0.0214 5.0294 0.578
-0.0882 4.8824 0.075
-0.0899 4.9192 0.355
-0.0133 5.0661 0.632
-0.0328 5.0882 0.561
0.0007 4.9706 0.655
0.0537 5.0073 0.581
-0.0358 5.0220 0.820
-0.0907 5.0441 0.043
-0.0461 5.1690 0.492
-0.0843 4.8090 0.139
-0.0468 5.0294 0.401
-0.1151 5.0073 0.141
0.0054 4.8898 0.657
-0.1316 5.0000 0.178
-0.0664 4.9339 0.408
-0.0677 4.7502 0.911
0.0252 5.0294 0.640
-0.0625 5.0294 0.322
-0.0541 4.9706 1.000
-0.0473 4.8678 0.645
0.0106 5.1396 0.697
-0.1192 5.0294 0.270
0.0025 5.0147 0.674
0.0139 5.1469 0.717
-0.0530 5.1543 0.337
0.0038 5.0514 0.655
0.0119 4.9706 0.729
-0.0729 5.0367 1.000
-0.0582 4.7869 0.161
-0.0126 5.1176 0.639
-0.0067 5.2351 0.760
0.0113 4.9265 0.764
-0.0746 4.8016 1.000
-0.0570 4.8016 1.000
-0.0609 4.7943 0.264
-0.0238 5.0588 0.560
-0.1123 5.0588 0.310
-0.0618 5.0000 0.947
0.0048 4.9853 0.779
-0.0839 5.1102 0.283
-0.1020 5.0514 0.209
-0.0875 4.9706 0.050
-0.0619 4.8604 0.486
-0.0589 5.0441 0.490
-0.0519 4.8971 0.867
0.0132 4.8384 0.771
-0.0303 4.9192 0.552
-0.0604 4.8457 0.479
0.0003 4.8384 0.654
-0.1053 4.9927 0.935
-0.0533 5.1543 0.339
-0.0223 5.0661 0.593
-0.0588 4.7943 0.242
-0.0676 5.0588 1.000
-0.0057 5.1102 0.629
-0.0730 4.9265 0.000
-0.0245 5.0441 0.558
-0.0696 4.9118 0.949
-0.0315 5.0514 0.827
-0.0240 4.9633 0.572
0.0111 5.1984 0.731
-0.0866 5.1029 0.052
-0.0812 4.8898 0.366
-0.0475 5.1176 0.471
-0.0751 4.9706 0.043
-0.0101 4.8457 0.607
-0.0594 5.0882 0.408
0.0069 5.0514 0.578
-0.0071 4.8678 0.613
-0.0913 5.0514 0.126
-0.0993 5.0661 0.846
-0.0137 5.1396 0.863
-0.0808 5.2057 0.861
-0.0102 4.8824 0.600
-0.0696 4.7355 0.463
-0.0483 5.0441 0.385
-0.0401 4.9118 0.000
-0.0369 5.0661 0.539
-0.0690 4.8384 1.000
-0.0447 4.8384 0.436
-0.0966 5.0514 0.072
-0.0748 4.9339 0.353
-0.0172 5.0294 0.476
0.0118 5.0882 0.717
-0.0751 4.9045 0.902
-0.0694 4.7429 0.137
0.0149 5.0441 0.778
-0.0296 4.9927 0.549
-0.0021 5.0514 0.785
-0.0117 5.1322 0.590
0.0019 4.9633 0.798
-0.0867 5.1102 0.245
-0.0775 4.9559 0.972
-0.0452 4.8237 0.466
-0.0465 5.2571 0.448
-0.0628 5.1029 0.268
-0.0685 5.1102 0.375
-0.0551 5.1029 1.000
-0.0881 5.0220 0.193
-0.0508 5.0882 0.403
-0.1148 5.0514 0.064
-0.0542 4.9853 1.000
-0.1019 4.9559 0.309
-0.0491 5.0000 1.000
-0.0527 4.9853 0.345
0.0134 5.1249 0.722
-0.0818 4.9339 0.024
-0.0806 4.8678 0.356
-0.1095 5.0441 0.343
0.0023 4.8678 0.000
-0.0756 5.2645 0.013
-0.0716 5.0661 0.181
-0.0485 4.8751 0.451
-0.0958 5.0882 0.329
-0.0725 4.8531 0.076
-0.0857 4.8163 0.280
-0.0862 5.0147 0.235
0.0084 4.9559 0.779
-0.0649 4.8384 0.851
0.0019 5.1763 0.664
-0.0154 4.9339 0.578
0.0172 4.9927 0.728
-0.1171 4.9780 0.261
-0.1039 5.0661 0.909
-0.0847 4.8678 0.212
0.0007 4.9853 0.672
-0.0618 4.7796 0.192
-0.0845 5.1616 0.502
-0.1034 4.9559 0.424
-0.0758 5.2424 0.004
-0.1006 4.9853 0.366
-0.0543 5.1322 0.428
0.0130 5.0294 0.769
-0.0267 4.9559 0.817
-0.0541 5.1616 0.528
-0.0047 4.9927 0.623
-0.0450 5.0588 0.523
-0.0065 5.1910 0.612
-0.0713 5.1910 0.092
-0.0908 5.1322 0.192
-0.1361 5.0147 0.510
-0.0723 4.8457 0.297
-0.0603 4.8237 0.878
0.0046 5.1176 0.783
-0.1590 5.0000 0.436
-0.0618 5.1690 0.218
-0.1099 5.0147 0.236
-0.0144 4.9486 0.580
-0.0124 4.9045 0.606
-0.0906 4.9486 0.104
0.0067 5.0367 0.693
-0.0112 5.0882 0.592
-0.0834 4.7869 0.220
-0.0626 4.8163 0.430
-0.0998 5.0808 0.272
-0.0148 5.0735 0.791
0.0104 5.0073 0.755
0.0054 4.9045 0.786
-0.0434 5.1102 0.478
-0.0819 5.1616 0.007
-0.0890 4.9118 0.235
-0.0696 5.0808 0.267
0.0028 5.0955 0.796
0.0101 4.9853 0.713
-0.0043 4.7429 1.000
-0.0691 5.2131 0.315
-0.1079 4.9633 0.196
-0.0469 5.2278 0.462
-0.0859 4.8604 0.194
-0.0723 4.8016 0.431
-0.0410 5.0367 0.001
-0.1205 4.9559 0.402
-0.0659 4.9633 0.534
-0.0889 5.0661 0.313
-0.0573 5.0294 0.519
-0.0125 4.9118 0.819
0.0015 5.0294 0.650
-0.0597 5.1322 0.322
-0.0608 4.7576 0.297
0.0020 4.8237 0.660
0.0124 4.8898 0.772
-0.0714 5.2278 0.574
-0.0455 5.2424 0.475
-0.1206 5.0000 0.274
-0.0011 4.9780 0.802
-0.0359 4.9118 0.499
0.0068 4.9706 0.783
-0.0632 5.1616 0.904
-0.0916 5.0882 0.976
-0.0638 5.0294 0.572
-0.0187 5.0514 0.616
-0.1087 5.0220 0.266
-0.0564 4.9265 0.049
-0.0424 4.8237 0.939
0.0167 5.0808 0.708
0.0071 5.0808 0.681
-0.0377 4.9192 0.497
-0.0433 5.1176 0.946
-0.0068 5.0000 0.672
-0.0591 5.1469 0.273
-0.0722 5.1322 0.105
0.0180 5.0220 0.580
0.0278 5.0073 0.729
-0.0421 4.8310 0.542
-0.0543 5.0955 0.368
-0.0672 4.8090 0.335
-0.0005 4.9339 0.649
-0.0614 5.1322 0.851
-0.0826 5.0000 0.040
-0.0107 5.1763 0.600
-0.0747 5.1984 0.000
0.0023 5.1322 0.657
-0.0031 5.0955 1.000
-0.0674 4.9780 0.279
-0.1170 5.0441 0.203
-0.0844 4.8310 0.000
-0.0527 5.1910 0.376
0.0110 5.0294 0.719
0.0868 5.0073 0.711
-0.0906 4.9412 0.370
-0.1168 4.9412 0.397
0.0081 5.0441 0.650
-0.0452 5.1469 0.980
-0.1353 4.9853 0.352
0.0145 5.0661 0.714
-0.0083 5.1029 0.618
-0.0544 5.1102 0.469
-0.0433 4.9192 0.586
-0.1228 5.0000 0.281
0.0003 4.8310 0.661
-0.0242 4.8971 0.586
-0.0386 4.9118 0.535
-0.0468 4.9045 0.367
-0.0757 4.8824 0.896
-0.0439 4.7649 0.468
-0.0528 4.8457 1.000
-0.0582 5.0808 1.000
-0.0244 4.9780 0.578
-0.0808 4.8090 0.026
-0.0331 5.0294 0.870
-0.0449 5.1984 0.000
-0.0685 4.8751 0.257
-0.1005 5.0588 0.142
0.0187 5.0882 0.746
0.0149 5.0588 0.753
-0.0477 4.8163 0.576
0.0217 5.0220 0.745
-0.0937 4.9633 0.131
-0.0595 4.8751 0.130
-0.0531 4.8163 0.519
-0.0980 4.9339 0.351
-0.0623 4.8751 0.190
-0.1257 5.0073 0.525
-0.1172 5.0367 0.315
-0.0046 4.8898 1.000
-0.0984 5.0661 0.337
-0.1012 5.0147 0.477
-0.0596 5.1029 0.333
-0.1213 4.9633 0.231
-0.0398 5.0220 0.578
-0.0440 5.0661 0.398
-0.0178 4.9559 0.573
-0.0700 4.9780 0.078
0.0150 5.1910 0.764
-0.0383 5.0367 0.498
-0.0403 5.1763 0.000
-0.0248 5.0735 0.565
-0.0329 5.0000 1.000
-0.0806 4.8384 0.245
-0.0089 5.1763 0.603
0.0586 5.0000 0.000
-0.0735 5.0955 0.402
-0.0745 5.1543 0.003
0.0089 4.9780 0.774
-0.1119 4.9486 0.408
-0.0593 4.9339 0.249
-0.0759 4.7282 0.000
0.0282 4.9853 0.782
-0.0104 4.8604 0.603
0.0104 4.9633 0.764
0.0175 4.9780 0.725
-0.0078 4.9339 0.641
-0.0755 4.8604 0.488
-0.1373 4.9706 0.310
-0.0653 4.9265 0.232
0.0108 4.8531 0.755
-0.0412 4.9559 0.497
0.0456 4.9927 0.587
0.0144 5.1029 0.761
-0.0705 5.0955 0.000
-0.0965 4.9633 0.336
-0.0926 4.9706 0.000
-0.0815 5.1469 0.032
-0.0764 4.8384 0.177
0.0897 4.9927 0.763
-0.0022 5.1249 0.616
-0.0516 4.8604 0.365
-0.0518 5.1249 0.348
-0.0404 5.1616 0.856
0.0127 5.1763 0.758
-0.0694 5.0147 0.263
-0.0481 4.7576 1.000
-0.0089 4.9486 0.606
-0.0875 4.8751 0.065
0.0103 5.2131 0.762
-0.0487 4.8310 0.442
-0.0306 4.9927 0.868
-0.0631 4.9706 0.319
0.0108 4.7943 0.710
-0.0873 5.0955 0.154
-0.0816 4.9118 0.071
-0.0813 4.9412 0.255
0.0133 4.9927 0.754
-0.0936 4.9265 0.179
-0.0935 5.0441 0.251
-0.0039 5.0735 0.670
-0.1096 5.0514 0.155
0.0573 5.0000 0.661
-0.1135 4.9633 0.285
-0.0330 4.9853 0.899
-0.0506 5.0073 0.859
-0.0279 4.9265 0.550
-0.0688 5.2424 1.000
-0.0110 5.0514 0.780
-0.1135 4.9559 0.199
-0.0602 4.8824 0.337
-0.1045 5.0220 0.296
-0.0118 5.0147 1.000
-0.0425 4.9412 0.526
-0.0047 5.2204 0.620
-0.0232 4.9559 0.803
-0.0442 5.0808 0.407
-0.1013 4.9265 0.258
-0.0712 4.7429 0.273
-0.0739 4.7943 0.110
0.0112 4.9339 0.741
-0.0597 5.1176 0.408
-0.0336 5.0955 0.537
-0.0961 4.9412 0.959
-0.0683 4.7282 0.990
-0.0780 4.9780 1.000
-0.0695 5.2498 0.363
-0.1264 4.9780 0.519
-0.0818 5.1690 0.484
-0.0678 4.7869 0.160
0.0046 4.9706 0.686
-0.0061 4.8604 0.565
-0.0070 5.2424 0.610
0.0160 4.9486 0.752
0.0145 4.9559 0.759
-0.0989 5.0147 0.064
-0.0541 4.8384 1.000
-0.1043 4.9339 0.362
-0.0856 5.1322 0.127
-0.0415 5.0808 0.490
-0.0487 5.0661 0.424
0.0016 5.0808 0.000
-0.0788 5.1102 0.222
-0.0070 4.9633 0.617
-0.0697 4.9265 0.000
-0.0479 4.9192 0.461
-0.0063 4.9118 0.802
-0.0034 4.8751 1.000
-0.0574 4.9633 0.869
-0.0594 4.8310 0.215
-0.0442 5.2204 0.539
-0.0528 4.9706 1.000
-0.0270 4.9412 0.812
-0.0686 4.6767 1.000
-0.0473 5.1469 0.412
-0.0134 4.8310 0.583
-0.0660 4.9412 0.283
-0.1511 5.0000 0.484
-0.0696 4.7722 0.295
-0.0601 4.8090 0.080
-0.0794 4.8310 0.412
-0.0075 4.8971 0.617
-0.0022 5.1322 0.804
-0.0909 5.0588 0.120
-0.1013 4.9780 0.225
-0.0453 5.0220 0.415
0.0106 4.9412 0.760
-0.0623 5.0735 0.316
-0.0010 5.0220 0.715
-0.0467 4.9633 0.475
-0.0354 5.0073 0.538
0.0108 4.9192 0.771
-0.0782 4.8678 0.000
-0.1107 4.9780 0.358
-0.0130 4.9633 0.831
-0.0073 4.8384 0.822
-0.1014 5.0441 0.273
0.0210 5.0073 0.726
-0.0782 4.9412 0.564
-0.1034 5.0073 0.008
0.0128 5.0514 0.732
-0.0616 4.9780 0.555
-0.0100 5.0367 0.597
-0.1247 5.0147 0.107
-0.0989 4.9927 0.506
-0.0553 4.9412 1.000
-0.0845 5.0294 0.186
-0.0429 4.9853 0.513
-0.0722 5.1616 0.885
-0.0614 4.7722 0.312
-0.1033 5.0367 0.336
0.0202 4.9706 0.714
-0.0558 5.0808 0.000
-0.0133 5.0735 0.608
0.0150 4.8604 0.732
-0.0083 5.0514 0.513
-0.0322 5.0661 0.573
-0.0097 4.9780 0.631
-0.0567 5.2278 0.901
-0.0867 4.8604 0.056
-0.0686 4.6694 0.258
-0.0848 4.8531 0.900
0.0201 5.0367 0.584
-0.0210 4.9339 0.589
-0.0626 4.7429 0.283
-0.0924 4.8971 0.089
-0.0502 5.0147 0.874
-0.1077 4.9559 0.180
-0.0847 4.7722 0.141
0.0442 5.0147 0.669
-0.1155 5.0147 0.203
-0.0430 4.8898 0.430
-0.0490 4.9265 1.000
-0.0407 4.9927 0.456
-0.0298 4.9559 0.580
-0.0431 4.8604 0.840
-0.0191 5.0073 0.580
0.0142 5.0000 0.774
-0.0706 4.7576 0.303
-0.0970 5.0294 0.480
-0.1004 4.9486 0.127
-0.0444 5.0735 0.537
-0.0611 4.9853 1.000
-0.1339 5.0073 0.854
-0.0774 4.8824 0.000
0.0119 4.8384 0.704
-0.0651 4.9559 0.243
0.0138 4.9853 0.724
0.0057 4.9559 0.692
-0.0740 5.1616 0.398
0.1261 5.0000 0.738
-0.0303 4.8898 1.000
-0.0063 4.7502 0.618
-0.0510 4.9633 0.429
-0.0496 4.8237 0.565
-0.0872 5.1690 0.429
-0.0623 5.0882 0.995
0.0641 5.0000 0.648
-0.0671 4.9927 0.459
-0.0412 5.0294 0.401
0.0113 5.0514 0.742
0.0268 5.0220 0.608
-0.0806 5.0147 0.235
-0.0860 4.8751 0.171
-0.0694 5.0441 0.363
-0.0591 4.8824 0.555
-0.0008 4.8678 0.796
-0.0656 5.0661 0.000
-0.1102 4.9853 0.220
-0.0088 4.8163 0.607
0.0125 4.9486 0.727
-0.1548 4.9927 0.521
-0.0641 5.1690 0.000
-0.0740 5.0661 0.264
-0.0573 5.1837 0.376
-0.0044 5.2278 0.679
-0.0695 5.2792 0.255
-0.0613 4.9559 0.334
-0.1248 4.9853 0.149
-0.0025 4.9192 1.000
-0.0641 5.0955 1.000
-0.0684 5.1249 0.000
0.0028 5.0367 0.667
-0.0586 4.8531 0.457
-0.0949 4.9339 0.313
-0.0485 5.0514 0.364
-0.0918 4.9853 0.500
0.0114 5.0441 0.732
0.0163 5.0661 0.734
-0.0527 4.9927 0.347
-0.0046 5.1616 0.616
-0.0851 5.0147 0.003
-0.1412 5.0000 0.278
-0.0704 4.8237 0.992
-0.0883 5.1616 0.062
-0.0917 5.1176 0.440
-0.0396 4.9780 0.519
-0.0498 5.1763 0.453
-0.1159 4.9927 0.233
-0.0586 4.8457 0.000
-0.0693 5.1616 0.253
-0.0874 4.9339 0.395
-0.0013 4.8898 0.639
-0.0698 4.7502 0.374
-0.0555 5.1837 0.000
-0.0138 4.9927 0.584
-0.0941 5.0073 0.000
-0.0711 4.8090 0.063
0.0147 5.0808 0.724
-0.0474 5.1690 0.359
-0.0212 4.9633 0.832
-0.1115 5.0588 0.204
-0.0735 5.2792 1.000
-0.0472 4.9927 0.424
-0.0548 5.0514 1.000
-0.1927 5.0000 0.499
-0.1353 4.9780 0.382
0.0038 5.0882 0.802
-0.0412 4.9339 0.401
0.0080 5.0147 0.714
-0.0383 5.0000 0.491
-0.0723 5.2131 0.031
-0.0935 4.9559 1.000
-0.0553 4.8310 0.451
-0.0452 4.7796 0.964
-0.0798 5.1396 0.492
-0.0509 5.0955 1.000
0.0100 5.0588 0.703
-0.0725 5.1469 0.000
-0.0855 4.9486 0.095
-0.0550 5.1469 0.349
-0.0514 5.1396 0.388
0.0029 4.9780 0.813
-0.0082 5.0661 0.686
-0.0608 4.9412 0.295
-0.0757 5.0294 0.437
-0.0745 5.1763 0.844
-0.0614 5.0955 0.339
-0.0113 5.0220 0.621
-0.0127 4.8604 0.616
0.0013 4.9559 0.652
-0.0025 5.1469 0.769
-0.0635 5.1543 1.000
-0.0617 4.8384 0.240
-0.0481 4.7722 0.425
0.0185 5.0441 0.758
-0.0744 5.0073 0.000
0.0204 5.0147 0.709
-0.0204 5.0735 0.497
-0.1282 5.0000 0.310
-0.0470 4.7869 0.394
-0.0151 4.9412 0.572
-0.0299 5.0220 0.538
-0.0060 4.9486 0.631
0.0522 5.0000 0.732
-0.0638 4.8898 0.902
-0.0689 5.1837 0.098
0.0428 5.0073 0.583
0.0161 5.0735 0.726
-0.0567 5.1690 0.041
-0.0810 4.9486 0.497
-0.0736 4.7355 0.020
-0.0116 5.1910 0.592
-0.0400 5.0441 0.454
0.0115 4.9927 0.742
-0.0689 5.1543 0.245
-0.0844 4.8898 0.014
-0.0776 4.9927 0.018
-0.0714 4.8824 0.164
-0.0719 5.1837 0.000
-0.0791 4.8310 0.257
-0.0541 5.0735 0.631
-0.0702 4.8751 0.030
-0.0613 4.7282 0.895
-0.0183 5.0000 0.581
-0.0045 4.9265 0.623
-0.1107 5.0367 0.260
-0.0099 4.8237 0.597
0.0170 5.0073 0.722
-0.0061 5.1543 0.619
0.0129 5.0735 0.729
-0.0125 4.8237 0.589
-0.0630 5.1102 0.206
-0.0687 5.0220 0.362
0.0139 5.0220 0.708
-0.1264 5.0147 0.299
0.0119 5.0661 0.748
-0.0692 5.0367 0.263
-0.0732 5.0441 0.000
-0.0592 5.1176 0.517
-0.0537 4.9192 0.495
-0.1052 5.0514 1.000
-0.0078 4.8678 1.000
-0.1209 5.0147 0.329
-0.0388 4.9559 0.507
-0.0453 5.1249 1.000
-0.0424 4.8384 0.509
-0.0858 5.0073 0.030
-0.0485 4.8604 0.393
-0.0607 5.2424 0.373
0.0011 4.8751 0.667
-0.0749 4.8310 0.454
-0.0393 5.1176 0.494
-0.0885 5.0000 0.173
0.0119 4.8678 0.739
-0.0420 4.9633 0.573
-0.1174 4.9853 0.141
-0.0703 5.0294 1.000
-0.0016 5.1176 0.749
-0.0488 5.0882 0.442
-0.0916 4.8824 0.421
-0.0635 4.9853 0.387
-0.0705 5.0000 0.010
-0.1057 5.0147 0.562
0.0139 4.8971 0.761
-0.0405 4.8678 0.493
0.0107 4.8604 0.598
-0.0034 5.0367 0.628
-0.0733 4.7502 0.385
-0.0011 4.8457 0.660
-0.0392 5.1029 0.000
-0.0539 4.7943 0.893
-0.0699 4.9045 1.000
-0.0695 5.0882 0.172
-0.1023 5.0294 0.344
-0.0488 5.2057 0.000
-0.0900 4.9706 0.446
-0.1540 5.0000 0.430
-0.0441 4.9265 0.487
-0.0567 5.0147 0.937
-0.0743 5.1322 0.245
-0.0061 5.1690 0.811
-0.0850 5.2424 0.473
-0.0393 4.8751 0.480
-0.0682 5.1910 0.375
-0.0752 4.9118 0.067
-0.0128 4.8678 0.620
-0.0864 5.1396 0.372
-0.1262 5.0441 0.495
-0.0444 5.0073 0.437
0.0746 5.0000 0.705
-0.0522 4.8310 0.349
-0.0606 5.2645 0.293
-0.0813 4.8751 0.354
0.0022 5.1910 0.658
-0.0716 5.2351 0.317
-0.0379 4.9633 0.525
-0.0086 5.1469 0.622
-0.0464 5.0514 0.451
-0.0896 5.0808 0.272
0.0045 5.0220 0.731
-0.0852 5.0367 0.000
-0.0137 4.8163 0.588
-0.0207 4.9486 0.573
-0.0614 5.1249 0.291
-0.0750 5.0735 0.367
0.0021 4.8824 0.665
-0.0869 4.9265 0.887
-0.0887 4.9853 0.031
-0.0661 5.1322 0.308
-0.0711 4.9706 0.000
-0.1220 4.9780 0.110
-0.0953 5.0367 0.202
-0.0042 4.8310 0.811
-0.0623 5.2278 0.995
-0.0787 4.9339 0.000
0.0136 4.9339 0.780
-0.0583 5.0661 0.323
-0.0562 4.8016 0.338
0.0124 5.0367 0.765
-0.0645 4.9927 0.293
0.0137 4.9633 0.696
0.0250 5.0147 0.814
0.0122 4.8824 0.000
-0.0332 4.9412 0.555
-0.0446 5.1910 0.443
-0.0967 4.9118 0.924
-0.0884 4.8310 0.399
-0.0517 5.1837 0.361
-0.0973 4.9559 1.000
-0.0021 5.0441 1.000
-0.0821 5.0955 0.000
-0.0842 5.0882 0.312
-0.0595 4.8163 0.276
-0.0971 5.0808 0.590
-0.0438 4.9339 0.453
-0.0428 5.0441 0.386
-0.0928 4.9192 0.060
0.0485 5.0073 0.616
-0.0732 5.2351 0.386
-0.0155 5.0441 0.593
-0.0871 5.1469 0.036
0.0050 4.9486 0.773
-0.0468 5.0367 0.380
0.0001 5.0073 0.802
-0.0066 5.0588 0.452
-0.0773 5.1029 1.000
-0.0391 5.0955 0.478
-0.0815 4.8237 0.195
-0.0649 4.9118 0.519
0.1007 5.0000 0.709
-0.0703 5.0588 0.277
-0.0683 4.8310 0.252
-0.0373 4.8971 0.000
-0.0625 5.1910 0.316
-0.0435 4.9780 0.929
-0.0283 4.9853 0.564
-0.0577 4.8237 0.000
-0.0993 4.9927 0.354
-0.0852 5.1396 0.000
-0.0524 4.9486 0.358
-0.0100 4.9633 0.599
0.0028 5.1102 0.673
0.0023 5.0220 0.738
-0.0846 4.7502 0.000
0.0684 5.0000 0.733
-0.0800 5.0735 0.030
-0.0938 4.9486 0.217
-0.0113 5.0073 0.637
-0.0400 4.9706 0.498
-0.0017 5.1396 0.810
-0.0674 5.3527 0.494
0.0080 5.0588 0.782
-0.0465 5.0882 0.463
-0.0065 4.8016 0.786
-0.0450 5.1616 0.462
-0.0636 4.8824 0.248
-0.0045 4.8531 0.945
-0.0415 4.8457 0.487
-0.0081 4.9412 0.587
-0.0268 4.9118 0.542
-0.0211 4.9265 0.831
-0.0673 5.0294 0.522
-0.0056 5.0955 0.632
-0.0969 4.9265 0.842
0.0140 4.9192 0.704
-0.0585 4.9045 1.000
-0.0063 4.8457 0.644
-0.0531 5.1102 1.000
-0.0712 5.0367 0.005
-0.0866 5.1763 0.154
-0.0345 4.9192 0.559
-0.0948 5.0220 0.407
-0.0554 5.1910 0.433
-0.1251 4.9706 0.167
-0.0110 4.9192 0.826
-0.0659 5.0808 0.272
-0.0679 5.1984 0.084
-0.0134 5.1543 0.587
-0.0439 4.7869 0.484
0.0112 5.1690 0.771
-0.0736 4.7722 0.128
-0.0682 4.8824 0.141
-0.0763 5.1763 0.000
-0.0082 5.0294 0.822
-0.0434 4.9559 0.423
-0.0720 5.1543 0.972
-0.0040 4.9706 1.000
0.0069 4.9633 0.679
-0.0009 5.0000 0.834
-0.0599 4.7649 0.509
-0.0516 4.9559 0.923
-0.0076 5.0882 0.759
0.0140 5.0367 0.758
-0.0049 4.7722 0.808
-0.0606 5.0073 0.000
0.0186 4.9559 0.000
-0.0070 5.1176 1.000
-0.0686 5.2645 0.428
-0.0320 4.9118 0.866
0.0028 5.0073 0.650
0.0116 4.8237 0.744
-0.0505 5.0441 0.956
-0.0474 5.1102 0.426
-0.1022 4.9633 0.086
-0.0005 4.8898 0.657
-0.0141 5.0808 0.603
-0.0661 5.0220 0.316
-0.0768 4.8898 0.405
-0.0575 5.0220 0.083
-0.0874 4.8971 0.020
-0.0046 4.9853 0.624
-0.0674 5.0000 1.000
0.0196 5.0294 0.553
-0.0073 5.0220 0.612
-0.0514 5.1763 0.345
-0.0536 4.8678 0.895
-0.0799 4.9192 0.000
0.1141 5.0000 0.743
0.0101 5.0147 0.696
-0.0761 5.2278 0.000
-0.0048 5.0147 0.634
-0.0884 4.9927 0.282
-0.0529 5.0588 1.000
-0.0462 4.8751 0.000
-0.0089 5.1543 0.634
-0.0857 5.1763 0.201
0.0821 4.9927 0.664
-0.1198 5.0367 0.198
0.0021 5.1837 0.794
-0.1144 5.0367 0.219
-0.0241 5.0661 0.565
-0.1537 5.0073 0.518
-0.0656 4.8678 0.888
-0.0865 4.9633 0.165
-0.0031 4.8971 0.807
-0.1384 4.9927 0.502
-0.1040 5.0000 0.897
-0.0464 4.8016 0.410
-0.0716 5.1984 0.272
-0.0961 5.0588 0.163
-0.0590 4.9706 0.863
-0.0346 5.1029 0.578
0.0093 5.0220 0.697
-0.0803 5.0294 0.059
-0.0330 5.0735 0.820
-0.0681 4.9045 0.221
-0.0622 5.2498 0.325
0.0631 4.9927 0.694
0.0452 5.0220 0.751
-0.0381 5.0735 0.529
-0.0340 4.9339 0.827
-0.0814 5.0882 0.406
0.0032 4.9927 0.675
-0.0414 5.1543 0.400
-0.0446 4.9927 1.000
-0.0578 5.1543 0.123
-0.0796 4.9853 0.095
-0.0945 5.0735 0.904
-0.0559 4.9559 0.400
-0.0422 5.0955 0.418
0.0125 5.1543 0.813
-0.0840 4.9339 0.029
-0.0813 5.0661 0.212
-0.0458 4.8971 0.461
-0.0575 4.8678 0.490
-0.0070 4.7576 0.617
-0.0025 4.9853 0.793
-0.0914 5.0000 0.518
-0.0773 5.1322 0.398
0.0018 5.1469 0.668
0.0126 4.8751 0.756
-0.1104 5.0661 0.315
0.0086 5.0000 0.778
-0.0469 4.9339 0.894
-0.0604 4.7355 0.890
-0.0326 4.9706 0.597
-0.0857 5.0220 0.007
-0.0939 5.0294 0.230
-0.0711 5.2645 0.274
-0.1222 4.9927 0.198
0.0030 5.0294 0.667
-0.1395 5.0073 0.382
-0.0414 4.9045 0.848
-0.0177 4.9927 0.593
-0.0681 4.6547 1.000
-0.0687 4.6841 0.274
-0.0779 4.8237 0.490
-0.1351 5.0000 0.182
-0.0010 4.9706 0.643
-0.0704 5.1029 0.519
-0.0714 5.1763 0.895
-0.0911 4.8898 0.886
-0.0738 5.1396 1.000
0.0121 5.1249 0.708
0.0153 5.1322 0.757
-0.0746 4.9927 0.043
-0.0583 5.2057 0.966
-0.0425 4.9780 0.469
-0.0608 4.9045 0.315
-0.0548 4.8898 0.898
-0.0695 4.9118 0.191
-0.0689 5.1396 0.203
-0.0435 5.0955 1.000
-0.0811 5.1102 0.000
-0.0117 5.0588 0.830
-0.0793 5.0220 0.000
-0.0569 4.9118 0.321
-0.0837 4.7943 1.000
-0.0006 4.9045 0.651
-0.1198 5.0441 0.395
-0.0814 4.8457 0.516
-0.0676 5.0514 0.118
-0.0371 5.0514 0.957
-0.0279 5.0294 0.587
-0.0119 4.9486 0.615
-0.0824 4.9265 0.086
-0.0528 5.1176 0.339
-0.0805 4.8016 0.349
-0.0791 5.0735 0.000
0.0117 5.0735 0.752
-0.0430 5.0882 0.376
-0.0114 5.0367 0.594
-0.0842 4.8016 0.322
0.0142 4.8898 0.723
-0.0766 5.0073 0.028
0.0011 5.1690 0.803
-0.0536 5.0073 0.357
-0.0034 5.0147 0.810
0.0895 5.0073 0.689
-0.0096 5.1176 0.891
-0.0823 5.0808 0.061
-0.0791 5.1690 0.000
-0.0665 5.3380 0.202
-0.0138 5.0441 0.925
-0.1036 5.0147 0.403
-0.0258 5.0073 0.547
-0.0463 5.2351 0.469
0.0183 4.9339 0.722
-0.0273 5.0000 0.543
-0.0059 5.0808 0.618
-0.0175 4.9633 0.597
0.0207 5.0000 0.546
-0.0051 5.0514 0.627
-0.0812 5.1249 0.012
-0.0099 5.1837 0.636
-0.0219 5.0147 0.570
-0.0742 5.1029 1.000
-0.1016 4.9192 0.077
-0.0747 4.7208 0.449
-0.0300 5.0441 0.416
-0.0404 5.0220 0.527
-0.0158 4.9045 0.609
-0.0098 5.0808 0.767
-0.0693 5.1322 0.850
-0.0959 4.9486 0.354
-0.1216 5.0073 0.246
-0.0207 4.9927 0.791
-0.0869 5.0073 0.095
-0.0336 4.9780 0.835
-0.0451 5.2498 0.417
-0.0759 5.0882 0.089
0.0024 4.9927 0.838
-0.0287 5.0367 0.542
-0.1124 4.9486 0.330
0.0128 4.8531 0.704
0.0008 4.9780 0.728
-0.0982 4.9780 0.961
-0.0362 4.9559 0.873
-0.1067 5.0367 0.848
-0.0733 5.0147 0.063
-0.0108 4.8971 0.604
0.0026 5.0000 0.737
-0.1245 5.0220 0.295
-0.0044 4.7869 1.000
-0.0521 4.8531 0.343
-0.0854 5.0588 0.243
0.0430 4.9853 0.791
0.0217 4.9780 0.721
-0.0466 5.0955 0.451
-0.0617 5.0808 0.311
-0.0745 4.7796 0.328
-0.0455 5.1543 0.396
0.0371 5.0220 0.583
-0.0047 4.8237 1.000
-0.0710 5.0882 0.504
-0.0602 4.9339 0.303
-0.0579 4.9853 0.503
-0.0677 5.3159 0.114
0.0149 4.8237 0.755
-0.0034 5.0661 0.807
0.0108 4.9559 0.697
-0.0603 5.1543 0.465
0.0139 5.1396 0.759
-0.0106 4.9265 0.631
-0.0446 4.9853 0.623
-0.0470 5.0735 0.526
0.1109 5.0000 0.709
-0.0019 5.1102 0.798
0.0029 4.9118 0.675
-0.0587 4.9780 0.417
-0.0693 4.8898 0.000
-0.0831 5.2057 0.000
-0.0757 4.9192 0.000
-0.0679 4.9486 0.250
-0.0709 4.8163 0.263
-0.0545 4.8237 0.461
-0.0381 4.9045 0.507
-0.0760 4.7576 0.312
-0.0734 5.2498 0.050
-0.0823 5.1543 0.310
-0.0509 5.0808 0.373
-0.0044 5.1396 1.000
-0.0072 4.7796 0.629
-0.1183 5.0073 0.874
-0.0416 5.0000 0.843
-0.0699 5.0441 0.363
-0.0083 5.0000 0.602
0.0494 5.0000 0.792
-0.0712 5.1249 0.168
-0.0779 4.9045 0.502
-0.0895 5.0220 0.136
-0.0743 5.1102 0.145
-0.0341 4.9486 0.356
-0.0864 4.8457 0.111
-0.0824 4.9706 0.000
-0.0360 5.0882 0.529
0.0776 5.0000 0.641
-0.0737 4.8457 0.950
-0.0734 4.7649 0.937
-0.0616 5.1616 0.246
-0.0395 4.9412 0.505
-0.1053 4.9412 0.291
-0.0489 5.1029 0.408
-0.0524 4.8824 0.351
-0.0189 5.0220 0.571
-0.0125 4.8457 0.826
-0.0450 4.8310 0.406
-0.0046 5.0441 1.000
-0.0661 5.1837 0.432
-0.0540 4.9486 0.861
-0.0932 4.9927 0.060
-0.1098 5.0000 0.199
-0.0062 5.1763 0.973
0.0309 5.0073 0.801
-0.0060 4.9559 0.617
-0.0581 5.0367 0.917
-0.0831 4.8384 0.003
0.0139 5.0147 0.704
-0.0078 5.1249 0.614
-0.0694 4.7943 0.028
-0.0152 4.9265 0.615
-0.0613 5.2351 0.486
-0.0567 4.9486 0.922
0.0185 4.9412 0.745
-0.0427 4.8531 0.926
-0.0459 5.2131 0.473
-0.0998 4.9339 0.189
-0.0894 4.9045 0.123
-0.0468 4.7943 0.436
-0.0088 5.0588 0.938
-0.1165 4.9706 0.230
0.0014 5.0367 0.672
-0.0437 4.7722 0.992
-0.0364 5.0661 0.871
-0.0697 5.1176 1.000
0.0014 5.1396 0.663
-0.0541 5.0367 0.535
-0.0676 4.8457 0.351
-0.0267 4.9265 0.586
-0.0842 4.9780 0.117
-0.0719 5.2057 1.000
-0.0484 5.1543 0.382
0.0465 5.0000 0.623
-0.0415 4.9265 0.469
0.0031 5.0588 0.661
-0.0790 5.0441 0.271
-0.0790 5.0514 0.010
-0.1213 5.0220 0.203
-0.0437 4.8678 0.534
-0.0162 4.9927 0.827
-0.0395 4.9853 0.479
-0.0317 4.9486 0.848
-0.0769 4.8604 0.040
-0.0671 5.2204 0.162
-0.0435 4.8898 0.491
-0.0542 5.0882 0.531
-0.1039 4.9633 0.522
0.0015 5.1176 0.751
-0.0476 5.2204 0.399
-0.0369 4.9927 0.946
-0.1168 4.9559 0.471
-0.0040 5.0073 0.811
-0.0138 5.0000 0.583
-0.0812 5.1910 0.902
-0.0655 4.8237 0.563
-0.0351 5.0367 0.539
-0.0395 5.0808 0.522
-0.0659 5.0367 0.377
-0.0429 5.1396 0.445
-0.0441 5.0367 0.481
-0.1432 5.0147 0.319
-0.0705 4.8971 0.165
-0.1095 5.0073 0.325
-0.0599 4.9486 0.455
-0.0501 4.9118 0.468
0.0172 5.0588 0.731
-0.0459 5.0294 0.476
-0.0357 4.9412 0.870
-0.0588 5.1984 0.366
-0.0767 5.1616 0.853
-0.0363 4.9633 0.534
-0.1081 4.9853 0.151
-0.0459 4.7502 0.397
-0.0553 5.2057 0.547
-0.0721 4.8678 0.265
-0.0312 5.0808 0.836
-0.0823 5.1176 0.000
-0.0148 5.0514 0.585
-0.0048 5.0735 0.620
-0.0742 5.1690 0.374
0.0475 5.0220 0.671
-0.1020 4.9412 0.264
0.0067 5.0220 0.677
0.0074 4.9412 0.686
-0.0451 5.2278 0.516
-0.0369 4.8898 0.526
-0.0759 5.0000 0.000
-0.0260 5.0147 0.568
-0.1234 5.0367 0.206
-0.0146 4.9853 0.586
-0.0705 4.7722 0.262
-0.1276 4.9706 0.500
-0.0526 5.0000 0.364
-0.0757 4.8751 0.243
-0.0937 4.9780 1.000
-0.0584 5.2204 0.368
-0.0202 5.0367 0.590
-0.1375 5.0220 0.115
0.0409 5.0220 0.575
-0.0038 4.8531 1.000
0.0014 4.9486 0.651
-0.0095 5.1396 0.671
-0.1261 4.9633 0.506
-0.0630 4.9633 0.194
-0.0247 5.0000 0.541
-0.0123 4.9853 0.578
-0.0405 4.9706 0.430
-0.0483 5.1322 0.463
0.0516 4.9927 0.578
-0.0166 5.0882 0.343
-0.1137 5.0441 0.151
-0.0341 4.9853 0.843
-0.0920 4.8751 0.212
0.0000 5.1102 0.674
-0.0086 5.0147 0.620
-0.0048 5.0882 0.596
-0.0186 4.9486 0.577
0.0510 5.0073 0.000
-0.0191 4.9706 0.823
-0.1418 5.0073 0.335
-0.0457 5.1176 1.000
-0.0510 4.8384 0.390
0.0119 5.1469 0.720
-0.0837 5.2351 0.051
0.0115 4.9045 0.749
-0.0659 5.0441 1.000
-0.0678 5.3233 0.244
0.0003 5.1249 0.779
-0.0063 4.7943 1.000
-0.0902 5.1249 0.048
0.0951 5.0000 0.753
-0.0867 4.8898 0.091
-0.0683 5.2351 0.247
-0.0013 5.0588 0.682
-0.0691 5.0955 0.513
-0.0922 5.0294 0.332
-0.1141 5.0220 0.505
-0.0502 4.8751 0.441
0.0450 5.0000 0.718
-0.0608 4.9927 0.241
-0.0894 5.1102 0.125
-0.0553 4.8824 0.575
-0.0800 4.9780 0.234
0.0197 4.9927 0.710
-0.0864 5.1322 0.318
-0.0826 4.7943 0.038
-0.1238 5.0294 0.454
-0.0984 5.0735 0.415
-0.0160 5.0955 0.587
-0.0740 4.9853 0.193
-0.0474 5.0220 0.508
-0.0670 5.1029 0.026
-0.0342 5.0147 0.524
-0.0733 4.8531 0.207
-0.0876 5.0735 0.071
-0.0084 4.9192 0.594
-0.0456 4.9633 0.434
-0.0691 5.2571 0.398
0.0007 5.1616 0.660
-0.1027 5.0588 0.415
0.1355 5.0000 0.000
0.0157 4.8824 0.754
-0.1239 4.9633 0.160
0.0091 4.9486 0.685
-0.0230 4.9192 0.576
-0.0533 5.0588 0.440
-0.0333 5.1029 0.898
-0.0487 5.1616 1.000
0.0637 5.0073 0.768
-0.0833 5.1690 0.140
-0.0510 5.0294 0.824
-0.0471 4.8898 0.832
-0.0853 4.9045 0.012
-0.1029 5.0441 0.312
-0.0129 4.9559 0.641
-0.0862 5.9432 0.533
0.0182 5.9526 0.324
0.0426 6.3079 0.039
-0.1320 6.0047 0.605
-0.0705 5.9905 0.648
-0.1376 6.0000 0.511
-0.1265 5.9668 0.623
-0.1948 6.0000 0.529
-0.1183 5.9479 0.967
-0.1125 5.9668 0.493
0.0451 5.8626 0.000
-0.0481 6.0853 0.635
-0.0615 6.0900 0.473
0.0541 5.9953 0.105
-0.0457 5.8721 0.851
0.0020 6.0758 0.326
0.0459 5.7726 0.000
-0.1307 5.9574 0.816
-0.0885 5.9668 1.000
-0.0197 6.0853 0.368
-0.0638 6.0995 0.657
0.0427 6.1895 0.048
0.0464 6.1516 0.000
-0.0017 6.0663 0.423
-0.1535 6.0000 0.741
0.0417 5.8011 0.113
0.0097 5.9384 0.271
-0.0435 6.1421 0.546
-0.1415 6.0237 0.609
0.1070 6.0047 0.367
-0.1125 5.9574 1.000
0.0443 5.9100 0.041
0.0505 5.9811 0.029
0.0406 5.7963 0.024
-0.0308 6.0900 0.382
0.0466 5.8674 0.055
0.0062 5.8863 0.385
0.0121 6.0663 0.363
0.0459 6.2653 0.000
-0.0916 5.9905 0.644
-0.0148 6.0095 0.300
-0.0638 5.9574 0.646
0.0473 5.8153 0.030
0.0440 5.8768 0.000
0.0447 6.3221 0.000
-0.0775 6.0000 0.713
-0.0208 5.9053 0.354
-0.0057 6.0568 0.443
-0.0433 6.0426 0.461
0.0078 6.0047 0.274
0.0411 6.1658 0.040
-0.1091 5.9905 0.825
-0.0594 6.0379 0.749
-0.0420 5.9384 0.564
0.0360 6.0332 0.166
0.0446 6.2842 0.056
-0.0664 6.0521 0.614
-0.0565 5.9289 0.611
0.0426 5.8579 0.000
-0.0138 6.0758 0.434
0.0485 5.9621 0.146
-0.0052 5.9574 0.415
0.0035 6.0426 0.402
0.0287 6.0189 0.255
-0.0677 6.0332 0.532
0.0603 5.9905 0.081
-0.0010 5.9858 0.338
-0.0075 6.0900 0.441
-0.0685 6.0189 0.469
-0.1269 5.9953 0.620
0.0195 5.9195 0.199
-0.0559 5.9384 1.000
-0.0321 5.9479 0.545
-0.0411 5.9432 0.338
-0.0860 5.9526 0.680
-0.0572 6.0332 0.309
-0.1193 5.9668 0.546
-0.0095 6.0426 0.464
-0.0468 5.9100 0.998
-0.0527 5.9432 1.000
0.0186 5.9621 0.215
-0.0769 5.9668 0.462
0.0398 5.9668 0.066
0.0404 6.2084 0.038
0.0121 6.1137 0.382
-0.1342 5.9858 0.524
-0.0416 6.0142 0.522
-0.1642 5.9905 0.503
-0.0745 6.1089 1.000
-0.0679 6.0142 0.903
0.0401 6.0711 0.078
0.0144 5.9053 0.337
0.0483 6.1279 0.000
-0.0261 6.0663 0.488
0.0288 5.9811 0.214
-0.0698 6.0284 0.898
-0.1201 5.9716 0.609
-0.0791 5.9526 0.669
0.0219 5.9716 0.294
-0.0159 5.9905 0.486
-0.0614 6.0142 0.595
-0.0147 5.8863 0.473
-0.0962 6.0616 0.663
-0.1251 6.0189 0.721
-0.0295 6.0237 0.486
0.0269 5.9668 0.218
0.0370 5.9953 0.130
-0.0417 6.0474 0.545
0.0247 5.9811 0.254
-0.0608 5.9053 0.529
-0.0903 5.9479 0.553
-0.0106 6.0853 0.343
0.0253 5.9432 0.190
0.0426 6.1421 0.117
-0.0289 6.0521 0.455
0.0040 6.0000 0.374
-0.0565 6.0521 0.449
-0.0627 6.0853 0.590
-0.1755 6.0000 0.477
0.0129 5.9858 0.357
0.0387 5.9432 0.140
0.0390 6.0568 0.135
0.0039 6.1184 0.391
0.0131 5.9289 0.382
-0.0038 5.9905 0.350
0.0399 5.9716 0.150
-0.0720 6.0332 0.585
-0.0099 6.0189 0.466
-0.0378 5.9858 0.205
0.0017 6.0142 0.405
-0.0333 6.0142 0.455
-0.1141 5.9574 0.961
-0.1054 6.0000 0.857
0.0141 6.1184 0.209
-0.0484 5.9953 0.605
-0.2446 6.0000 0.488
0.0167 5.8768 0.329
-0.1274 6.0047 1.000
-0.0754 5.9621 0.669
-0.0725 6.0284 0.438
0.0471 5.8105 0.089
0.0421 6.1942 0.071
0.0441 6.0284 0.000
-0.0980 6.0047 0.518
0.0445 5.6589 0.041
0.0451 6.0426 0.030
-0.1231 6.0284 0.706
0.0361 5.9384 0.082
-0.0945 6.0095 1.000
-0.0563 5.9763 0.561
0.1076 5.9953 0.084
-0.1002 5.9526 0.492
0.0419 6.0900 0.000
-0.0524 5.9147 0.376
-0.0245 6.1089 0.490
0.0394 6.0663 0.123
-0.0675 5.9289 0.831
-0.0216 6.0000 0.510
0.0075 6.0332 0.370
-0.0755 6.0805 0.559
-0.1109 5.9953 0.597
-0.0103 5.9953 0.512
0.0191 6.0900 0.312
-0.1225 5.9621 0.717
0.0170 5.9668 0.207
-0.0740 6.0521 0.553
-0.0306 6.0853 0.538
0.0413 6.0853 0.124
-0.1116 6.0332 0.771
-0.1274 6.0000 0.628
-0.0097 6.0047 0.287
-0.0541 6.0853 0.544
-0.0420 6.1042 0.361
0.0671 6.0000 0.259
-0.1031 5.9337 0.875
-0.0728 6.0095 1.000
-0.0854 6.1089 0.456
0.0058 5.8911 0.288
0.0450 6.1753 0.104
0.0340 6.0237 0.161
-0.0337 6.0805 0.641
0.0423 6.0995 0.113
-0.0831 5.9621 0.657
-0.1162 6.0047 0.584
-0.0041 6.0853 0.409
-0.0432 5.9905 0.402
-0.0454 5.9337 0.730
0.0439 5.9621 0.009
-0.0552 6.0095 0.419
-0.1608 5.9953 1.000
0.0456 5.9811 0.000
-0.0169 5.9716 0.488
0.1345 6.0095 0.265
-0.0171 5.9668 0.452
-0.0069 6.1184 0.496
-0.0070 6.0758 0.357
-0.1277 6.0237 0.538
-0.0790 6.0284 0.551
-0.0479 5.9242 1.000
-0.0076 5.9384 0.300
0.0240 6.0095 0.221
-0.0728 5.9147 0.583
0.0017 6.0000 0.244
-0.0047 5.9432 0.341
0.0166 6.0474 0.249
-0.1377 6.0237 0.836
0.1457 6.0000 0.204
-0.0286 5.9763 0.527
0.0210 6.1042 0.292
-0.0735 6.0947 1.000
-0.0625 5.9479 0.700
-0.0435 6.0000 0.553
-0.1343 5.9763 0.527
0.0417 6.2937 0.125
0.0227 5.9526 0.222
0.0098 5.9479 0.302
-0.1557 5.9905 0.555
-0.0250 6.0142 0.330
-0.0262 5.9905 0.428
-0.0064 6.1089 0.445
-0.1038 6.0474 0.827
-0.0891 6.0853 0.704
0.0443 5.7253 0.000
0.0428 6.0663 0.053
-0.0222 5.9668 0.506
0.0432 5.7584 0.000
-0.1214 6.0189 0.646
-0.1178 6.0758 1.000
-0.1008 5.9242 0.695
-0.0819 6.0142 0.391
-0.0648 5.9337 0.512
0.0211 6.0947 0.314
0.0479 6.2084 0.064
0.0392 5.9574 0.076
-0.1137 6.0189 0.821
-0.0095 5.9337 0.449
-0.0119 5.9147 0.461
-0.0903 6.0047 0.711
-0.0543 6.0142 0.580
-0.1153 5.9811 0.762
-0.0128 6.0711 0.479
0.0047 6.0047 0.136
-0.0797 5.9574 0.648
-0.0023 5.9953 0.433
-0.1170 6.0142 0.605
0.0467 6.2605 0.103
-0.0556 6.0237 0.501
-0.0363 6.0616 0.390
0.0425 5.9574 0.004
-0.0330 5.9763 0.728
0.0201 5.9053 0.302
-0.1557 5.9953 0.801
-0.0900 6.1042 1.000
-0.0637 6.0095 0.526
-0.0921 5.9337 0.749
0.0041 6.0805 0.232
0.0346 6.0000 0.145
-0.1264 5.9953 0.524
-0.0256 6.0379 0.518
-0.0246 5.8958 0.419
-0.1324 6.0142 0.527
-0.1025 6.1042 0.803
-0.0206 6.1137 0.324
-0.0110 5.9384 0.443
0.0155 6.0332 0.367
0.0129 6.0805 0.241
0.0016 6.0332 0.311
-0.0115 6.0000 0.598
-0.0715 5.9337 0.463
0.0434 5.8389 0.017
-0.0263 5.9432 0.495
0.0491 5.9242 0.036
-0.0130 5.9195 0.429
-0.0832 6.0237 0.654
0.0172 5.9479 0.306
-0.0653 6.0189 0.888
0.0644 5.9953 0.036
-0.0344 5.9384 0.957
0.0446 5.9053 0.131
0.0477 5.9526 0.000
-0.0890 5.9053 0.587
-0.1235 5.9811 0.773
-0.0900 5.9005 0.689
-0.0631 5.9100 0.650
-0.0165 5.9289 0.393
-0.0112 5.8768 0.500
0.0459 6.0947 0.057
-0.0352 5.9432 0.540
-0.0302 5.9953 0.358
0.0195 6.0853 0.352
-0.1664 6.0047 0.648
-0.0931 6.0568 0.611
0.0458 5.7679 0.000
-0.0784 6.0474 0.698
-0.0159 6.0047 0.447
-0.1010 5.9668 0.823
-0.2190 6.0000 1.000
-0.0902 5.9432 1.000
-0.0693 6.0426 0.963
-0.0195 5.9337 0.313
-0.1146 5.9953 0.617
0.0487 6.1421 0.000
-0.0812 6.0000 0.451
-0.0570 6.0711 0.592
-0.1103 5.9716 0.924
0.1388 6.0000 0.192
0.0044 5.9479 0.279
0.0419 5.7489 0.071
0.0370 6.0095 0.155
-0.0752 5.9574 0.674
-0.0792 6.0711 0.530
0.0427 6.2416 0.058
-0.0754 6.0995 0.654
-0.0085 5.9763 0.387
0.0278 5.9621 0.179
-0.0040 5.9384 0.275
0.0222 5.9953 0.143
-0.1395 5.9858 0.523
-0.0136 6.0805 0.371
0.0405 5.9858 0.022
0.0431 5.6921 0.081
-0.0653 5.9289 0.615
-0.0492 6.0663 0.586
0.0452 6.0663 0.121
-0.0871 6.0711 0.412
-0.0994 6.0474 0.665
-0.1267 6.0521 0.595
-0.0087 5.9858 0.462
0.0167 5.9574 0.209
-0.1106 6.0047 0.661
-0.0537 5.9905 0.599
-0.0118 6.1326 0.451
0.0799 6.0047 0.341
0.0449 6.1800 0.091
-0.0446 5.9953 1.000
0.0305 6.0000 0.216
0.0135 6.0853 0.197
0.0916 6.0047 0.232
-0.0825 5.9811 0.648
-0.0418 5.9716 0.449
-0.1013 5.9858 0.950
-0.0483 5.9384 0.449
-0.0621 5.9811 0.421
-0.1189 6.0095 0.627
-0.1162 6.0095 0.553
0.0074 5.9005 0.389
-0.0640 5.9953 0.503
-0.0626 5.9242 0.505
0.0408 5.9716 0.071
0.0403 6.0805 0.139
-0.1052 6.0142 0.980
0.0074 6.0379 0.276
-0.2016 5.9953 0.531
-0.0886 6.0568 0.736
0.0432 6.1611 0.078
-0.0629 6.0947 0.376
0.0443 5.9526 0.100
-0.0556 5.8816 1.000
-0.0908 5.9289 0.963
-0.0980 5.9147 0.989
0.1375 5.9953 0.246
-0.0682 5.9811 0.458
0.0451 5.7537 0.103
0.0462 6.2937 0.000
-0.0468 5.8626 0.608
-0.0657 6.0616 0.520
-0.0292 5.9811 0.526
-0.0459 6.0805 0.570
-0.0839 6.0474 1.000
0.0280 6.0284 0.172
-0.0850 5.9147 0.652
-0.0182 6.0663 0.502
-0.0667 6.0237 0.559
-0.1166 5.9621 0.844
-0.0867 5.9100 0.474
0.0427 6.1374 0.000
-0.0733 5.9668 1.000
-0.1348 5.9905 0.866
-0.0361 6.1184 0.544
0.0402 5.9811 0.071
0.0049 6.0900 0.363
-0.1004 6.0758 0.514
0.0007 6.0805 0.276
0.0165 6.0995 0.324
-0.0246 6.0711 0.520
-0.1480 6.0047 0.663
-0.0042 5.9195 0.436
-0.0330 5.9289 0.458
-0.0002 6.0095 0.434
-0.1306 6.0332 0.563
-0.0562 6.0189 0.608
0.0037 5.9811 0.275
0.0487 6.2700 0.066
0.0112 6.0474 0.263
-0.0389 6.0379 0.536
0.0447 5.9337 0.000
0.0306 6.0047 0.159
0.0395 6.0521 0.126
-0.0971 6.0332 1.000
-0.0216 6.0616 0.510
-0.1437 5.9858 0.829
0.0012 5.8863 0.417
-0.0436 5.9858 0.368
-0.1208 6.0521 0.829
-0.0739 6.0568 0.517
-0.0102 6.0947 0.508
-0.0211 5.9621 0.316
-0.0660 6.0521 0.520
-0.0694 5.9574 0.518
0.0510 5.9716 0.019
-0.0208 5.9905 0.478
0.0395 5.9479 0.100
0.0463 6.0758 0.112
0.0316 5.9716 0.015
-0.0799 5.9384 0.641
-0.0261 5.9053 0.539
-0.0873 6.0000 0.745
0.0126 6.0758 0.248
-0.1099 6.0616 1.000
0.0896 6.0047 0.209
0.0738 6.0000 0.216
-0.0060 6.0332 0.229
-0.0576 5.9621 0.570
0.0303 6.0332 0.229
-0.0201 6.0900 0.503
-0.0646 5.9763 0.628
-0.1710 6.0000 0.561
0.0159 5.9763 0.276
-0.1132 6.0474 0.541
-0.0449 6.0995 0.892
-0.0072 5.9905 0.368
-0.0010 6.0711 0.432
-0.0734 6.1184 0.896
-0.0651 5.9432 0.503
-0.1000 6.0521 0.559
0.0165 6.1089 0.231
0.0938 5.9953 0.339
-0.1438 6.0047 0.555
-0.0865 6.0095 1.000
-0.0459 6.0900 0.492
0.0035 5.9337 0.270
-0.0063 6.0521 0.339
-0.0174 5.9574 0.490
-0.1272 5.9858 0.821
0.0017 5.9716 0.212
-0.0001 5.8768 0.414
0.0176 6.0284 0.400
0.0465 6.2368 0.059
-0.0074 5.9195 0.268
0.0002 6.0474 0.414
0.0479 5.8768 0.013
0.0407 5.8721 0.084
-0.0468 5.8958 0.948
0.0047 6.0947 0.389
0.0077 6.0805 0.240
0.0480 6.3079 0.073
0.0171 5.9100 0.293
0.0342 6.0332 0.153
-0.2045 6.0047 0.500
-0.0731 5.8816 1.000
-0.0268 6.0805 0.387
-0.0002 5.9574 0.320
-0.0554 6.1042 0.311
0.0102 6.0711 0.412
-0.0143 5.8721 0.420
-0.0765 6.0379 0.592
0.0375 5.9905 0.102
-0.0469 6.1326 1.000
-0.0026 5.9763 0.438
-0.1032 5.9479 0.823
0.0050 6.0758 0.320
-0.1447 6.0189 0.641
-0.0653 6.0379 0.989
0.0432 5.8153 0.089
-0.0431 6.0995 0.336
-0.0585 6.0047 1.000
-0.0950 5.9432 0.851
0.0445 5.8674 0.078
-0.0701 5.9858 0.605
-0.0123 5.9811 0.225
-0.0408 5.9526 0.559
-0.0556 5.9526 0.806
-0.0501 6.0189 0.423
-0.0116 5.9337 0.464
-0.0319 6.0284 0.901
-0.0768 6.0568 1.000
-0.0357 6.0568 0.356
-0.0362 6.0900 0.485
-0.0628 6.1137 0.592
-0.1961 6.0047 0.526
-0.1430 5.9905 0.691
0.0432 5.8247 0.046
-0.0638 5.9668 0.514
-0.0370 6.1089 0.952
-0.0947 5.9574 0.708
0.0463 5.9479 0.090
-0.0542 5.9621 0.509
-0.0394 5.9195 0.572
-0.0114 6.0568 0.523
0.0469 6.2416 0.096
0.0351 5.9574 0.175
-0.0668 6.0000 0.458
0.0565 5.9905 0.110
-0.0559 5.9668 0.613
-0.0269 6.0000 0.317
-0.1032 6.0379 0.922
-0.0940 5.9716 0.879
0.0601 6.0047 0.110
-0.0560 6.0900 0.441
-0.1124 5.9621 0.559
0.0442 6.0000 0.026
-0.0116 6.0379 0.484
0.0013 6.1137 0.311
-0.0130 5.9858 0.424
-0.0357 5.9811 0.529
-0.1105 5.9811 0.650
-0.0642 6.0568 0.896
0.0083 5.9574 0.333
-0.0109 5.9479 0.469
-0.1067 5.9574 0.490
-0.0196 6.0237 0.402
0.0046 5.9384 0.405
-0.1188 5.9526 0.599
-0.1204 5.9858 0.758
-0.1093 6.0189 1.000
-0.0503 6.0805 0.529
0.0708 6.0047 0.058
-0.0414 6.0947 0.279
0.0026 6.0853 0.389
-0.1039 6.0426 0.896
-0.0093 6.0568 0.271
-0.1263 6.0047 0.756
-0.1210 6.0000 0.685
-0.0342 5.9716 0.527
-0.1066 6.0663 0.780
0.0021 6.0426 0.419
0.0163 5.9005 0.341
-0.0002 5.9053 0.390
-0.0945 5.9716 0.520
-0.0462 6.0142 0.540
0.0467 5.7632 0.000
0.0163 5.9621 0.215
0.0434 6.1326 0.000
0.0100 5.8911 0.331
-0.0285 5.9716 0.544
0.0025 5.9005 0.296
-0.0885 6.0237 0.491
-0.0377 6.0474 0.522
-0.0103 5.8816 0.462
-0.1481 5.9953 0.769
-0.0539 5.9195 0.419
-0.0458 6.0853 0.536
-0.0148 5.9053 0.479
-0.0669 6.0095 0.637
-0.0592 6.0853 0.477
-0.0626 5.9147 0.554
-0.0449 5.9905 0.594
0.0450 6.1611 0.018
-0.0112 5.9289 0.402
0.0453 5.7205 0.073
-0.0092 5.9716 0.432
0.0447 6.0711 0.039
0.0442 5.7726 0.060
0.0165 5.9811 0.352
0.0433 5.6826 0.036
0.1642 6.0000 0.226
-0.1272 5.9526 1.000
-0.0603 5.9716 0.784
0.0190 5.9147 0.324
0.0271 6.0568 0.213
-0.0212 6.0521 0.505
-0.0677 6.0568 0.594
-0.0718 6.0900 0.433
-0.0471 6.0237 0.537
0.0085 5.9432 0.221
0.1286 6.0000 0.354
-0.0459 6.0711 0.581
0.0230 6.0711 0.475
0.0449 6.2463 0.000
-0.0198 6.0711 0.367
0.1133 6.0000 0.380
-0.0741 6.0663 0.455
-0.0220 6.0284 0.488
-0.0744 6.1042 0.479
-0.0261 6.0616 0.491
0.0072 6.0521 0.137
0.1552 5.9953 0.144
0.1901 5.9953 0.212
0.0469 6.2511 0.006
-0.0987 5.9479 0.780
0.0417 5.7111 0.068
-0.0865 6.0332 1.000
-0.0960 5.9195 0.581
-0.0059 6.0805 0.447
0.0470 5.6968 0.000
0.0245 5.9574 0.261
0.1471 6.0000 0.190
-0.0137 6.0047 0.458
-0.0057 5.9621 0.339
0.0092 5.9763 0.378
-0.0587 5.9242 0.594
0.0516 5.9621 0.121
0.0459 5.7868 0.000
0.0334 5.9858 0.216
-0.1114 6.0237 0.762
-0.0907 6.0379 0.551
-0.0881 6.1042 0.892
-0.0203 5.9242 0.475
0.0466 6.2558 0.056
-0.0455 6.0521 1.000
0.0490 6.1658 0.040
-0.0523 5.9668 0.436
-0.0875 5.9242 0.987
0.0462 5.7063 0.000
-0.0553 5.9953 0.604
-0.0246 5.9953 0.520
-0.0550 6.0947 0.717
-0.0871 5.9289 1.000
0.0524 6.0284 0.108
-0.1276 6.0616 0.687
0.0121 6.0189 0.333
0.0574 6.0142 0.127
-0.0615 5.9953 0.608
0.1087 6.0000 0.092
0.0397 6.0616 0.154
0.0115 5.9953 0.316
-0.0661 6.0663 0.490
0.0102 6.1042 0.300
-0.0766 5.9432 0.680
0.0027 6.0900 0.387
0.0033 6.1089 0.284
0.0478 6.0237 0.066
-0.1251 6.0237 0.568
0.0439 6.1137 0.060
-0.0089 5.9479 0.454
-0.1183 6.0711 0.540
-0.0450 5.9289 0.527
-0.0356 6.1137 0.365
-0.0988 5.9005 1.000
-0.0004 6.1279 0.227
-0.0017 5.9147 0.317
0.0403 6.1279 0.104
0.0428 6.0237 0.107
-0.0127 5.9716 0.350
-0.1253 5.9716 0.691
-0.0526 5.9574 0.875
-0.1261 6.0379 1.000
-0.0775 6.0189 0.482
-0.0814 6.0379 0.818
0.0252 6.0663 0.155
-0.0021 5.9100 0.218
-0.0422 5.9763 0.389
-0.0110 5.9763 0.437
-0.0228 6.0900 0.287
-0.0365 5.8863 0.499
0.0017 5.9384 0.412
-0.0966 6.0711 0.730
-0.1391 6.0047 0.619
-0.0554 6.0000 0.597
-0.1974 6.0000 0.816
-0.0436 5.8674 0.497
0.0197 6.0521 0.199
-0.0709 5.9716 0.585
-0.0016 5.9526 0.317
-0.0671 5.9337 0.538
-0.0267 6.0189 0.428
-0.0409 6.0853 0.916
-0.1196 6.0663 0.920
0.0063 5.9100 0.380
0.0133 6.0095 0.246
-0.0799 5.9811 0.652
-0.1495 5.9858 0.680
-0.0193 5.9432 0.319
-0.0897 6.0189 0.723
0.1808 6.0000 0.143
-0.0849 6.0805 0.595
0.0453 6.2274 0.031
0.0424 6.1989 0.000
-0.0110 5.9005 0.456
-0.0629 5.9858 0.553
-0.1077 5.9716 0.530
0.0152 5.8816 0.270
-0.1616 6.0095 0.618
-0.0121 6.0189 0.458
0.0432 5.9005 0.000
0.0455 5.7253 0.071
-0.0007 5.9289 0.361
-0.0036 5.9811 0.436
0.0445 5.6732 0.053
-0.0419 5.9337 0.412
-0.0865 6.0426 0.698
0.0389 6.0047 0.140
0.0488 5.8295 0.000
-0.0445 6.0568 0.909
0.0145 6.1232 0.204
-0.0940 5.8911 0.741
-0.0183 6.0947 0.324
0.0473 5.7016 0.000
0.0111 6.0237 0.235
0.0333 6.0189 0.084
0.0333 6.0568 0.188
-0.0043 6.0758 0.432
-0.0746 5.8863 0.639
-0.0112 6.0474 0.451
0.0292 6.0426 0.260
-0.0989 6.0284 0.849
-0.0855 5.9337 0.631
-0.0324 5.9526 0.542
0.0331 6.0379 0.235
0.0287 5.9716 0.177
-0.0834 5.9953 0.698
0.0441 5.6684 0.000
-0.0715 6.0474 0.641
0.0016 5.9195 0.281
0.0391 6.0189 0.031
-0.0851 5.9195 0.676
-0.0895 6.0521 0.657
-0.0730 5.9432 0.471
-0.0694 6.0711 0.693
-0.0909 6.0237 0.860
-0.0378 5.9668 0.526
-0.0183 5.9763 0.449
0.0170 6.0237 0.215
-0.0331 6.0474 0.274
0.0133 6.0426 0.347
-0.0218 6.0474 0.505
-0.0603 5.9384 0.569
0.1171 6.0047 0.127
-0.1520 6.0047 0.749
0.0427 6.1705 0.056
-0.0430 6.0095 1.000
-0.1045 6.0095 0.862
-0.1287 6.0142 0.764
-0.0328 5.9716 0.452
-0.0226 5.9811 0.488
0.0415 6.3032 0.016
0.0470 6.1374 0.000
0.0404 6.1232 0.075
-0.0415 5.9858 0.512
-0.1009 5.9574 0.788
-0.0373 6.0805 0.749
-0.0811 5.9384 0.672
0.0064 5.9905 0.276
-0.0668 6.0047 0.421
-0.0646 5.9526 0.456
0.0390 6.0000 0.082
-0.0176 5.9811 0.484
0.0088 6.0900 0.296
-0.0575 6.1042 0.479
-0.0553 5.9005 0.609
-0.0983 6.0805 0.732
-0.0430 6.0189 0.559
0.0334 6.0047 0.147
-0.1420 5.9953 0.620
-0.0798 5.9763 0.532
-0.0596 6.0284 0.502
-0.1016 6.0711 0.537
-0.0888 5.8863 0.654
0.0286 6.0663 0.174
-0.1762 6.0047 1.000
-0.1077 5.9858 0.760
-0.1170 5.9905 0.544
-0.0270 5.9289 0.496
-0.0264 6.0095 0.368
-0.0807 5.9716 0.836
-0.0185 5.9621 0.488
-0.0485 5.9242 0.568
-0.0133 5.9432 0.473
0.0290 5.9479 0.248
0.0450 5.8911 0.042
-0.0371 6.0995 0.434
0.1078 5.9905 0.246
0.0462 6.2132 0.099
0.0184 6.0663 0.330
0.0406 5.6779 0.035
-0.0727 5.9763 0.595
0.0040 6.0663 0.294
-0.1074 6.0711 0.957
-0.0295 5.9242 0.523
0.0460 5.7489 0.025
0.0440 5.8342 0.000
-0.0437 6.0095 0.518
-0.0747 5.9526 0.542
-0.1569 6.0095 0.652
-0.0803 5.9574 0.885
-0.0480 5.9289 0.581
-0.0074 5.9005 0.449
0.0446 6.1753 0.000
0.0216 6.0521 0.263
0.0438 6.2132 0.022
0.0178 6.0805 0.213
-0.0172 5.9005 0.326
0.0441 5.8484 0.140
-0.0898 5.9858 0.622
-0.0994 5.9195 1.000
-0.1594 6.0047 0.618
-0.0613 5.9574 0.577
-0.0867 6.1184 1.000
0.0496 6.0142 0.104
0.0092 6.0947 0.402
0.0012 6.0568 0.296
-0.0666 5.9621 0.631
-0.0088 6.1137 0.468
-0.0247 5.9479 0.300
-0.0067 6.0284 0.445
0.1318 6.0047 0.253
0.0027 5.9432 0.272
-0.0943 5.9526 0.308
-0.1270 6.0568 0.549
-0.0390 6.0332 0.524
-0.0682 6.0663 0.620
0.0465 5.8484 0.049
0.0444 5.7632 0.106
-0.1024 6.0616 0.760
-0.0551 6.0995 1.000
-0.1665 6.0095 1.000
-0.0129 6.0616 0.469
-0.0973 5.9763 1.000
-0.0765 6.0426 0.501
-0.0128 6.1374 0.380
0.0441 6.1184 0.003
0.0410 5.7679 0.158
0.0206 6.0142 0.389
0.0069 5.9763 0.402
-0.0223 6.0663 0.490
0.0191 5.9242 0.348
0.0405 5.8863 0.128
-0.0390 6.0711 0.462
-0.0212 6.0426 0.516
-0.0225 5.9100 0.300
-0.0856 6.0758 0.628
-0.1133 5.9858 0.524
-0.0578 6.0095 1.000
-0.0820 5.9242 0.695
-0.0588 5.9195 0.446
-0.1083 5.9858 0.715
-0.0355 6.0711 0.553
-0.0435 5.9005 0.564
-0.1295 6.0095 0.607
-0.0036 6.0142 0.287
0.0574 5.9858 0.445
-0.0593 5.9005 0.749
-0.1028 5.9147 0.510
0.0447 6.0568 0.000
-0.1063 5.9195 0.747
0.0000 5.9668 0.430
-0.0744 6.0758 1.000
0.0186 6.0189 0.320
-0.0750 5.9384 1.000
0.0016 6.0189 0.414
-0.0550 5.9053 0.583
0.0166 5.9100 0.336
0.0107 6.0379 0.378
-0.1154 6.0237 0.700
-0.0210 6.0095 0.508
0.0096 5.9716 0.387
-0.0075 6.0805 0.222
-0.0287 5.9195 0.496
-0.0753 5.9289 0.495
0.0394 6.0379 0.087
-0.1319 5.9953 0.477
0.1381 5.9905 0.309
-0.0877 6.0805 0.682
-0.0370 6.0426 0.437
-0.0476 5.9811 0.583
-0.0381 6.0332 0.564
-0.0640 6.0284 0.650
-0.1124 6.0142 0.511
-0.0223 5.9432 0.406
-0.1239 6.0095 0.836
-0.0001 6.0379 0.410
0.0428 5.7537 0.080
0.1351 5.9953 0.254
-0.0214 5.9147 0.518
0.0064 5.9621 0.281
-0.1042 6.0805 0.950
-0.0719 6.1137 0.627
-0.0107 5.9811 0.464
-0.0863 6.0284 0.576
0.1216 6.0000 0.149
-0.0337 5.9337 0.490
-0.0269 5.9147 0.355
-0.1046 6.0189 0.498
-0.1427 6.0284 0.600
0.0496 5.9526 0.068
-0.0877 6.0047 0.601
-0.1303 6.0284 0.477
-0.1228 5.9905 0.698
-0.0664 5.9432 0.929
0.0455 6.0900 0.000
-0.1063 5.9337 0.840
-0.0717 6.0047 1.000
-0.0307 6.1042 0.503
0.0094 5.9195 0.225
0.0415 6.1089 0.000
0.0410 6.1800 0.000
0.0032 6.0095 0.389
0.0292 6.0142 0.253
-0.0768 5.9337 0.555
-0.0712 5.9811 0.432
0.0472 5.9384 0.000
-0.0410 6.0805 0.378
-0.0875 6.0142 0.689
-0.1042 5.9289 0.622
-0.0882 5.8958 1.000
0.0149 5.9716 0.307
0.0453 5.7300 0.016
-0.0732 6.0711 1.000
-0.1044 5.9526 1.000
0.0384 5.9858 0.154
0.0052 5.9526 0.409
0.0179 5.9574 0.324
-0.0764 5.9479 0.529
-0.0858 5.9953 0.598
-0.0289 5.9100 0.998
0.0159 6.0284 0.268
-0.0114 6.1279 0.471
0.0017 6.0521 0.407
-0.1057 6.0568 0.650
-0.0414 6.0568 0.380
0.0448 5.9337 0.000
-0.0057 6.0711 0.447
-0.0167 6.1042 0.451
0.0244 5.9763 0.415
-0.1140 6.0000 0.840
0.2006 6.0047 0.133
-0.0375 5.9005 0.588
-0.1046 5.9668 0.579
-0.0993 6.0095 0.978
-0.0690 5.9953 0.443
0.0472 6.0189 0.002
-0.0404 6.0284 0.449
-0.1345 6.0000 0.713
-0.0988 6.0758 0.797
-0.0650 5.8958 0.614
-0.0842 5.9195 0.556
0.0421 5.6968 0.000
0.0440 6.3411 0.070
0.0371 5.9289 0.077
-0.1080 5.9621 0.769
0.0840 6.0000 0.412
-0.0270 6.0474 0.242
-0.0053 6.0947 0.432
-0.0256 6.0853 0.238
0.0187 6.0758 0.209
0.0171 5.9716 0.371
0.0186 6.0379 0.209
0.0048 6.1042 0.326
-0.0131 6.1232 0.473
-0.1119 6.0568 0.549
-0.0280 5.9621 0.536
-0.0596 6.0426 0.410
-0.0208 5.8911 0.506
0.2020 6.0000 0.421
-0.0745 5.9479 0.492
0.1537 6.0000 0.207
-0.1164 6.0521 0.531
0.0255 6.0568 0.166
-0.0608 6.0474 0.472
0.0649 6.0095 0.119
-0.0332 6.0758 0.404
0.0428 6.2700 0.084
-0.0022 5.9858 0.323
0.0270 6.0616 0.216
0.0159 6.0947 0.336
0.0148 6.1137 0.214
-0.1204 6.0237 0.624
-0.0870 6.0900 0.674
0.0433 6.1847 0.079
0.0199 6.0711 0.328
0.0441 6.2889 0.000
0.0440 5.7868 0.082
-0.0551 6.1137 0.611
0.0438 5.8958 0.000
-0.1018 5.9289 0.505
-0.1435 6.0095 0.806
0.0418 6.0332 0.111
0.0365 6.0237 0.042
0.0382 6.0142 0.158
-0.1217 6.0616 0.672
-0.0738 6.0379 0.581
-0.0268 5.9526 0.488
-0.0059 6.0237 0.446
0.0562 6.0095 0.339
-0.0663 5.9716 0.931
0.0083 5.9337 0.246
-0.1284 5.9621 0.569
-0.1027 6.0142 1.000
-0.0866 6.1326 0.619
0.0027 5.9763 0.358
-0.0938 5.9811 0.698
-0.0582 5.9337 0.646
0.0168 5.9479 0.306
-0.0360 6.0142 0.553
-0.0658 6.0000 0.583
-0.0209 5.9289 0.415
0.0441 6.0379 0.000
-0.0913 6.0900 1.000
-0.0400 5.9242 0.922
0.0244 6.0237 0.152
-0.1288 6.0379 0.741
-0.0788 6.0237 1.000
-0.0434 6.1279 0.579
0.1400 6.0047 0.213
-0.0532 6.0758 0.723
0.0415 5.9668 0.119
-0.0882 6.1232 0.946
-0.0661 6.0047 0.448
-0.0649 5.8911 0.555
-0.0621 5.9005 0.598
0.1075 6.0142 0.358
-0.1005 6.0000 0.550
-0.1092 5.9526 0.808
-0.0556 6.0047 0.579
-0.0960 5.9242 0.786
0.0030 5.9905 0.371
0.0107 6.0616 0.207
-0.0792 6.0332 0.402
-0.0108 6.0379 0.458
0.0438 6.0047 0.011
0.0478 5.8389 0.032
0.0492 6.0332 0.086
-0.0458 6.1232 0.530
-0.0744 5.9858 0.555
0.0000 6.1184 0.392
-0.1008 5.9621 0.650
0.0382 5.9811 0.155
-0.0499 6.0142 0.520
0.0430 6.2368 0.108
0.0139 5.8958 0.229
-0.0586 6.0758 0.574
-0.0500 5.9195 0.564
-0.0128 5.9574 0.410
0.0274 5.9337 0.178
-0.0001 5.8674 0.456
0.0331 6.0142 0.382
0.0001 6.1089 0.421
0.0476 5.7158 0.000
0.0354 5.9905 0.265
0.0460 5.9432 0.000
-0.1147 6.0332 0.523
0.0274 6.0521 0.174
-0.0481 6.0284 0.592
-0.0185 6.0332 0.512
-0.0336 5.9053 0.420
-0.1108 6.0426 0.769
-0.0847 5.9858 0.648
-0.0879 5.8768 1.000
-0.1291 5.9668 0.780
-0.0452 6.0047 0.530
-0.1448 5.9716 0.614
-0.0361 6.0047 0.998
0.0949 6.0000 0.184
-0.0095 6.1042 0.463
-0.0850 5.9479 0.896
-0.0541 6.0332 1.000
0.0467 5.9668 0.000
-0.0874 5.9574 1.000
-0.0005 5.9479 0.423
-0.0334 6.0711 1.000
-0.0394 5.9100 0.449
0.0412 6.2037 0.064
-0.0447 5.9479 0.516
0.0430 5.8200 0.028
-0.1019 5.9763 0.593
0.0418 5.8626 0.102
0.0349 5.9526 0.136
-0.0026 6.0521 0.298
-0.0512 5.9574 0.366
-0.1503 6.0142 0.527
0.0361 6.0474 0.164
0.0455 6.1847 0.000
-0.1650 5.9953 0.542
-0.0858 5.8721 0.985
-0.0859 5.9858 1.000
-0.1237 6.0000 0.550
-0.0389 6.0000 0.400
0.0018 5.9242 0.410
-0.0123 5.9905 0.380
-0.0210 5.9005 0.506
-0.0287 5.9858 0.394
-0.0126 6.1042 0.473
-0.0248 5.9953 0.339
-0.1601 5.9858 0.531
0.0449 6.1563 0.043
-0.1518 6.0095 0.618
0.0136 5.9337 0.335
0.0436 5.7016 0.013
-0.1057 5.9811 0.777
-0.0221 6.0047 0.505
-0.1592 6.0000 0.633
-0.1379 5.9905 0.482
-0.1416 5.9811 0.633
-0.0468 6.0379 0.769
-0.0954 6.0142 0.557
0.0593 5.9953 0.192
-0.0172 6.0142 0.449
0.0407 6.2321 0.192
-0.0302 6.0000 0.542
-0.0051 6.0189 0.436
-0.0396 5.9811 0.568
0.0173 5.9289 0.320
-0.1205 5.9811 0.810
-0.0986 5.9621 0.544
0.0799 6.0000 0.292
-0.0012 5.8958 0.434
0.0463 6.0521 0.041
0.0405 6.2605 0.119
-0.0783 6.0521 0.674
0.0465 6.0853 0.000
-0.0627 5.9621 0.417
-0.1391 6.0095 0.661
-0.1584 6.0047 0.531
0.0129 6.1042 0.389
0.0553 6.0047 0.095
0.0095 5.9905 0.371
0.0444 6.2653 0.000
-0.0985 6.0568 0.844
-0.0531 6.0568 0.920
0.0032 6.0237 0.287
-0.1113 5.9479 0.623
0.0099 6.0426 0.298
-0.0963 5.9337 0.561
0.0437 6.2795 0.000
0.0250 5.9905 0.322
-0.0204 5.9195 0.497
-0.0262 6.0047 0.387
-0.1213 5.9763 0.641
-0.0084 6.1232 0.302
0.0343 6.0284 0.143
-0.0257 6.0758 0.515
-0.0436 5.9053 0.533
-0.0351 5.9905 0.944
-0.1192 6.0332 1.000
-0.0400 5.9668 0.561
-0.1833 6.0047 0.665
-0.0316 5.9195 0.371
0.0029 5.9147 0.417
-0.0174 5.9053 0.513
-0.1354 5.9811 0.767
0.0425 6.3316 0.110
-0.0431 5.9147 0.246
0.0471 5.7395 0.018
0.0179 5.8958 0.197
0.0439 5.8816 0.000
-0.1220 6.0142 0.717
0.0108 6.0995 0.342
-0.0104 5.9526 0.324
0.0414 6.0474 0.073
-0.0495 6.0900 0.404
-0.0275 6.0947 0.544
-0.0348 6.0663 0.544
0.0307 5.9905 0.218
-0.1015 5.9811 0.749
-0.0510 5.9479 0.439
0.0452 6.1989 0.001
-0.0116 6.1137 0.445
-0.1068 6.0616 0.544
0.0542 6.0189 0.048
0.0156 6.0568 0.346
0.0205 5.9432 0.328
-0.0946 5.9905 0.700
-0.0125 5.8674 0.383
-0.0520 5.9905 0.561
0.0447 5.8532 0.553
-0.1435 5.9763 0.754
-0.1295 6.0426 0.540
-0.1304 6.0474 0.573
-0.1193 5.9621 0.540
-0.0297 5.9668 0.423
0.0529 5.9574 0.033
0.1400 6.0095 0.376
0.0184 6.0474 0.214
0.0223 5.9858 0.186
0.0100 6.0142 0.232
-0.0712 5.9242 0.417
-0.0988 6.0474 0.628
-0.1176 6.0568 0.572
-0.0576 5.9763 0.400
0.0138 6.0711 0.363
0.0401 5.9953 0.093
0.0404 6.1516 0.123
0.0202 6.0568 0.261
0.0152 5.9526 0.222
-0.0872 6.0947 0.496
-0.0354 5.9953 0.328
-0.0551 6.0474 0.555
-0.0041 5.9337 0.441
-0.0919 6.0853 0.939
-0.0240 6.0947 0.397
-0.0342 6.0853 0.490
-0.0434 5.9526 0.423
-0.0268 6.0237 0.520
-0.0498 6.0474 0.652
-0.0956 5.9668 0.749
-0.0934 5.9668 1.000
-0.0210 6.0995 0.512
-0.0316 5.9147 0.516
-0.0493 6.0000 0.529
0.0114 5.8958 0.371
0.0457 5.8532 0.000
-0.1077 5.9242 1.000
-0.1545 6.0142 0.894
0.0101 6.0853 0.402
-0.0814 6.0521 0.560
0.0500 6.0426 0.117
0.0263 5.9858 0.175
-0.0004 5.8626 0.350
-0.0940 6.0426 0.708
-0.0023 6.0379 0.412
-0.0331 5.9100 0.434
-0.0254 6.0900 0.231
-0.0184 5.9147 0.307
0.0542 6.0000 0.000
-0.0419 6.0900 0.423
-0.0829 5.9479 0.659
-0.0524 6.0711 1.000
-0.1687 6.0047 0.514
0.0495 6.0047 0.114
0.0453 6.1089 0.008
0.0461 5.8816 0.028
-0.0371 6.0947 0.457
-0.0299 6.0995 0.425
0.0419 6.1468 0.110
-0.0983 6.0426 1.000
-0.0206 6.0142 0.551
-0.1196 6.0805 0.590
-0.0516 5.9432 0.996
-0.1191 6.0426 0.987
0.0458 6.1468 0.000
-0.1480 5.9905 0.553
-0.0237 6.0853 0.402
-0.0435 6.1374 0.422
0.0458 6.2321 0.000
-0.0975 5.9953 0.933
0.0044 5.9289 0.407
0.0456 6.0284 0.033
-0.0315 5.9005 0.472
0.0475 6.1232 0.000
0.0168 5.9384 0.190
-0.1114 6.0379 0.754
0.0140 5.9242 0.377
-0.1083 6.0095 0.525
-0.0875 6.0379 1.000
0.0170 6.0095 0.341
-0.0324 6.0426 0.542
-0.1121 6.0521 0.711
-0.0014 6.0663 0.331
-0.0467 5.9195 1.000
0.0364 6.0426 0.172
-0.0140 5.8816 0.646
-0.0584 6.0568 0.585
0.0459 5.7963 0.099
-0.1276 5.9479 0.538
-0.0417 6.0426 0.527
0.0625 6.0142 0.143
-0.0795 5.9621 0.685
-0.1053 6.0379 0.769
-0.0297 6.0947 0.536
0.0441 5.8437 0.000
0.0051 5.9858 0.389
0.0106 6.0758 0.211
0.0111 5.9100 0.395
0.0161 6.0189 0.231
-0.0989 6.0947 0.777
-0.0510 5.9100 0.620
0.0247 5.9668 0.025
-0.1154 6.0284 1.000
0.0148 6.0379 0.266
0.0398 5.9337 0.108
-0.0774 6.0142 0.635
0.0407 5.7774 0.010
-0.0496 5.9858 1.000
-0.0202 5.9716 0.266
0.0441 6.0521 0.041
-0.0860 6.1279 0.849
0.0452 6.1895 0.000
-0.1024 6.0805 0.838
-0.0820 5.9289 0.478
-0.0486 6.0237 0.449
-0.0923 5.9147 0.728
0.0265 6.0095 0.174
-0.0911 6.0711 0.512
0.0404 6.2747 0.127
-0.0723 5.9195 0.503
-0.0145 6.1184 0.373
-0.0306 5.9432 0.378
-0.0315 6.0189 0.476
0.0311 5.9953 0.166
-0.0217 6.0379 0.510
-0.0231 5.9574 0.438
-0.0666 6.0474 0.529
-0.2052 6.0000 0.585
-0.0033 6.0900 0.317
0.0408 5.7916 0.121
-0.0982 5.9384 0.784
-0.0639 6.0332 0.542
0.0466 5.8011 0.000
-0.0518 5.9763 0.544
0.0459 6.0616 0.000
-0.0411 5.9574 0.429
-0.0881 5.9716 0.834
-0.0090 6.0237 0.493
-0.1135 6.0379 1.000
-0.0372 6.0521 0.396
-0.0476 6.0616 0.996
-0.0269 5.9242 0.501
-0.0409 6.0663 0.470
0.0499 5.9668 0.006
-0.0251 5.9337 0.499
-0.0267 5.9668 0.429
-0.0307 5.9905 0.472
-0.0261 6.0332 0.387
0.0473 6.0995 0.095
0.0060 5.9195 0.408
0.0157 6.0900 0.363
-0.1499 6.0189 0.659
-0.0086 5.9100 0.311
-0.1504 5.9905 1.000
0.0005 5.8816 0.371
-0.0086 5.9053 0.455
0.0017 6.0947 0.363
-0.0401 6.0237 0.488
-0.0550 5.9716 0.672
0.0047 5.9668 0.385
-0.0980 6.0189 0.721
0.0469 5.7821 0.104
0.0341 6.0521 0.259
-0.0175 5.9195 0.409
-0.0804 5.9432 0.496
-0.0031 5.9526 0.365
0.0438 5.9384 0.000
0.0019 6.1421 0.307
-0.0561 6.0805 1.000
0.0457 5.8247 0.091
0.0417 6.3268 0.000
-0.1200 6.0142 0.780
0.0244 5.9384 0.268
-0.0250 5.9384 0.510
0.0043 6.0142 0.289
-0.0904 6.0995 1.000
-0.1257 6.0332 0.851
0.0448 6.2747 0.000
-0.0502 6.0616 0.441
0.0618 6.0000 0.274
-0.0657 5.9384 0.541
0.0449 5.9953 0.000
-0.1017 6.0853 0.842
0.0467 6.0000 0.024
0.0538 5.9953 0.093
0.0220 6.0426 0.263
-0.0963 6.0663 0.713
-0.0133 6.0332 0.472
0.0441 6.0142 0.000
0.0507 6.0189 0.045
-0.1838 6.0000 0.514
-0.1134 5.9668 0.613
-0.0629 6.1042 0.598
-0.0994 5.9953 0.780
-0.0100 6.0474 0.449
-0.0382 6.0284 0.532
0.0508 6.0332 0.158
0.0158 5.9953 0.300
-0.0991 5.9905 0.609
-0.0354 5.9100 0.351
-0.0393 5.9953 0.555
-0.0741 5.8958 0.544
-0.0723 5.9005 0.613
0.0447 5.9195 0.004
0.0297 6.0474 0.175
0.0170 5.9858 0.355
0.0432 6.1042 0.000
0.0450 5.8579 0.018
-0.0188 6.0568 0.486
-0.0607 5.9479 0.500
-0.1377 5.9811 0.607
0.0143 5.9668 0.350
-0.0904 6.0758 0.689
0.0104 5.9621 0.294
0.1358 5.9905 0.330
0.1848 6.0000 0.212
-0.0412 6.1184 0.464
-0.0911 6.0947 0.495
-0.1152 5.9716 0.704
-0.0140 6.0663 0.476
0.0433 6.2179 0.000
-0.0297 6.0521 0.363
-0.0311 5.9811 0.235
-0.0943 6.0237 1.000
-0.1006 6.0568 1.000
0.0109 5.9053 0.368
0.0409 6.2226 0.065
-0.0589 5.9100 0.539
0.0447 5.7774 0.000
0.0085 6.0000 0.235
0.0440 6.3363 0.000
-0.0910 5.9384 0.661
-0.0413 6.0758 0.572
-0.0576 6.0995 0.719
0.0452 6.1184 0.000
0.0350 6.0095 0.151
0.0450 5.7347 0.000
-0.0921 5.9763 0.497
-0.0133 6.0521 0.464
-0.0333 6.0568 0.502
0.0430 5.7347 0.123
-0.0142 5.8958 0.473
0.0121 6.0521 0.341
0.0061 5.9953 0.242
-0.0315 6.0663 0.381
-0.0177 6.0284 0.483
0.0037 5.9053 0.389
-0.0889 5.9621 0.907
-0.0158 6.0095 0.475
-0.0651 6.1089 0.529
0.0421 5.7300 0.094
0.0444 6.0947 0.000
-0.0453 6.0332 0.520
0.0041 5.8816 0.395
-0.0603 5.9668 0.265
0.0095 5.9005 0.363
-0.0144 6.0853 0.410
-0.0751 6.0000 0.717
0.0475 6.1042 0.000
-0.1611 6.0142 0.569
-0.1176 6.0474 0.613
0.0452 6.1137 0.000
-0.0792 5.9905 0.788
0.0466 6.0379 0.035
0.0176 5.9905 0.339
-0.1434 6.0142 0.564
-0.0708 5.9526 0.540
0.0445 6.0616 0.000
0.0506 6.0474 0.030
-0.0313 5.9621 0.469
-0.0348 6.0000 0.492
-0.0343 6.0189 0.555
-0.1146 5.9526 0.838
0.0211 6.0332 0.298
-0.0804 6.0047 0.654
-0.1365 6.0189 0.540
0.0218 6.0189 0.280
-0.0372 6.0758 0.538
-0.0433 5.9574 1.000
0.1550 6.0047 0.189
0.0152 6.0047 0.330
-0.1126 6.0284 0.829
-0.0173 5.9384 0.483
-0.0573 6.0663 1.000
-0.0863 6.0616 0.601
-0.0986 6.0521 0.739
-0.1152 5.9763 0.659
-0.0758 6.0047 0.449
-0.0093 6.1279 0.487
0.0150 5.8863 0.201
-0.0322 6.0379 0.406
0.0109 5.9858 0.344
-0.0021 6.0095 0.217
0.0867 6.0000 0.315
0.0142 5.9195 0.225
0.0073 5.8958 0.385
0.0917 5.9905 0.344
0.0453 6.0805 0.009
-0.0036 5.9242 0.436
-0.1029 5.9432 0.931
0.0426 5.7158 0.070
-0.0121 6.0142 0.484
-0.0116 5.9621 0.445
0.0441 5.9763 0.160
0.0498 6.0379 0.086
-0.0209 6.1042 0.524
0.0033 6.0284 0.253
0.0432 6.2463 0.036
0.0030 6.1042 0.225
0.0449 6.0711 0.000
0.0331 5.9479 0.181
0.0166 5.8911 0.314
-0.1582 6.0000 0.574
-0.1480 6.0142 1.000
0.0001 6.1326 0.412
-0.0434 5.9763 0.510
-0.0084 6.0711 0.402
0.0446 6.3553 0.000
-0.0174 6.0805 0.471
-0.0603 5.9905 0.708
-0.0488 6.0568 0.581
-0.0107 5.8911 0.477
0.0424 5.7063 0.050
0.0455 6.0095 0.021
-0.1050 6.0332 0.777
0.0195 6.0995 0.242
-0.0688 6.0379 0.797
-0.0353 5.9053 1.000
-0.0926 5.9621 0.767
0.0444 6.3174 0.048
-0.1206 5.9574 0.571
-0.0282 5.9574 0.531
-0.0497 5.9337 0.339
0.0459 6.0474 0.054
-0.1003 5.9100 0.952
-0.0614 6.0711 0.457
-0.0111 6.0426 0.395
-0.0276 6.0568 0.501
-0.0560 5.9242 0.622
-0.0570 5.9147 0.363
-0.0159 5.9526 0.458
0.0423 6.0568 0.000
-0.0617 6.0000 0.468
0.0434 5.8295 0.049
0.0498 6.0237 0.000
-0.0881 6.0995 0.823
-0.1009 6.0047 0.847
0.0060 6.0568 0.279
0.0171 5.9811 0.357
0.0609 6.0095 0.125
-0.1302 5.9811 0.669
-0.1077 6.0047 0.786
-0.0380 6.0237 0.395
-0.0923 5.9242 0.713
0.0441 5.6874 0.000
0.0433 6.3505 0.039
-0.0426 6.0521 0.553
-0.0402 5.9289 0.409
0.0114 5.9242 0.392
0.0237 5.9621 0.202
-0.0005 5.9100 0.361
-0.0343 5.9763 0.553
-0.0704 5.9384 0.967
-0.1342 6.0095 0.758
-0.0478 5.8911 0.939
0.0452 5.7442 0.248
-0.0356 5.9337 0.581
-0.0621 5.9195 0.594
-0.0156 6.0379 0.485
0.0487 6.2795 0.000
-0.1900 6.0000 0.523
0.0314 5.9668 0.175
0.0471 6.1326 0.056
-0.0027 6.0426 0.430
0.1891 6.0047 0.193
-0.0301 6.0616 0.540
0.0132 5.9905 0.269
-0.0229 6.0189 0.441
-0.0212 5.9526 0.378
0.0471 5.8058 0.000
-0.1091 6.0000 1.000
-0.1676 6.0000 0.495
-0.0792 5.9953 0.577
-0.0960 6.0284 1.000
-0.0957 6.0000 0.810
-0.0416 5.8911 1.000
-0.0668 5.9763 0.287
0.0407 6.0095 0.078
-0.0613 6.0521 0.473
-0.0393 6.1089 0.537
0.0418 5.6542 0.121
-0.0148 6.1089 0.482
-0.0794 6.0616 0.991
-0.0464 5.8863 1.000
-0.0664 6.0805 0.471
0.0476 5.8721 0.022
-0.0079 6.0095 0.445
-0.0359 5.9195 0.667
-0.1508 5.9858 0.795
-0.0489 6.0095 0.463
0.2160 6.0000 0.214
0.0402 5.9432 0.138
-0.1015 6.0426 0.844
-0.1051 6.0237 0.814
0.0210 6.0616 0.302
0.0401 5.9621 0.225
0.0130 5.9432 0.341
-0.1100 5.9432 0.613
0.0440 5.8911 0.042
-0.0844 5.9337 0.471
-0.0534 5.9479 0.603
-0.0916 5.9953 1.000
0.0072 5.9574 0.275
-0.0180 5.9100 0.378
-0.0123 5.9668 0.320
-0.0610 5.9526 0.598
0.0233 6.0047 0.287
0.0506 5.9763 0.026
-0.0457 6.0758 1.000
0.0446 5.7821 0.000
0.1149 6.0000 0.283
0.0464 5.8342 0.000
-0.0693 6.0616 0.929
-0.1027 5.9716 0.628
-0.1480 6.0000 0.842
0.0471 5.9858 0.006
-0.0552 5.9858 0.745
0.0148 6.0521 0.348
0.0467 5.9574 0.024
-0.1049 5.9763 0.698
-0.0049 5.9668 0.432
-0.1357 6.0189 0.717
0.0459 6.2842 0.030
-0.1286 6.0189 1.000
-0.0136 6.0284 0.407
-0.1182 6.0284 0.646
-0.0569 5.9811 0.438
0.0179 5.9953 0.365
0.0439 6.2984 0.060
0.0487 6.2889 0.171
-0.0584 6.0805 0.488
0.0022 6.1374 0.393
0.0183 5.9763 0.281
-0.0683 5.9668 0.665
-0.0269 6.0284 0.514
0.0452 5.9905 0.041
0.0438 6.3458 0.065
0.0413 5.9479 0.013
0.0412 5.8105 0.091
-0.0310 5.9384 0.434
0.0461 6.2179 0.016
-0.0657 6.0711 0.590
-0.0920 5.9526 0.892
0.0108 5.9147 0.382
0.0445 6.2511 0.043
-0.0423 6.1137 0.564
0.0145 6.0142 0.229
0.0047 5.9716 0.255
0.0028 5.9811 0.424
0.0375 6.0284 0.162
-0.1089 6.0474 0.518
-0.0847 6.0095 0.674
0.0460 6.2037 0.000
-0.0936 6.0000 0.520
0.0277 5.9526 0.173
0.0117 5.9668 0.360
-0.0477 6.1184 0.402
-0.0528 6.0616 1.000
-0.0445 5.8816 1.000
-0.0353 6.0379 0.490
-0.0103 5.8958 0.438
-0.0896 6.0663 0.639
-0.0775 6.0095 0.605
-0.0426 5.8863 0.922
0.0043 6.0474 0.215
-0.0472 5.9621 0.499
-0.0927 6.0332 1.000
-0.0383 5.9242 0.939
-0.1013 6.0900 0.786
-0.0601 6.0616 1.000
0.0088 6.0332 0.365
-0.0607 5.9147 0.565
-0.0885 6.0663 0.937
0.0417 6.2558 0.052
-0.0781 5.9716 0.441
-0.0492 5.9621 0.501
-0.0246 6.0758 0.412
-0.0836 5.9526 0.633
-0.0150 5.9100 0.416
-0.0855 6.0521 1.000
-0.0032 6.0000 0.419
0.0287 5.9953 0.222
-0.0843 6.0616 0.588
-0.0349 6.0095 0.194
0.1343 6.0000 0.238
0.0462 5.9100 0.032
0.0471 5.9053 0.000
-0.0362 5.9147 0.518
0.0450 5.9195 0.086
-0.0393 5.9621 0.503
-0.0089 5.9147 0.449
-0.1035 5.9953 0.511
-0.0613 6.0237 0.468
-0.0643 6.0758 0.595
-0.0608 5.8958 0.603
-0.0369 5.8958 0.302
-0.0644 5.9053 0.890
-0.0158 5.9953 0.397
-0.0031 6.0616 0.288
-0.1013 6.0189 0.784
-0.0077 5.9289 0.449
-0.0098 5.8863 0.464
0.0467 5.8863 0.000
-0.1043 6.0758 0.799
-0.1291 5.9905 0.795
0.0430 6.0426 0.094
-0.0383 5.9289 0.546
-0.0475 5.8768 1.000
-0.0170 6.0758 0.469
0.0417 5.6495 0.069
-0.0234 6.0237 0.414
-0.0933 6.0284 0.898
0.1924 6.0000 0.227
0.0459 6.0142 0.032
-0.0442 6.0663 0.533
0.0462 6.2984 0.094
-0.0154 5.8911 0.490
-0.0072 5.9574 0.482
-0.0908 5.9100 0.678
-0.0752 5.9716 0.637
-0.1470 6.0189 0.553
0.0014 6.0284 0.321
-0.0255 6.0426 0.423
0.0478 6.2226 0.026
-0.0637 5.9905 0.512
0.0176 6.0000 0.246
0.1368 6.0047 0.240
-0.1068 5.9432 0.827
-0.1240 5.9763 0.486
0.1018 6.0000 0.209
0.0114 5.9811 0.384
-0.0029 6.0047 0.433
0.0500 6.0000 0.049
0.0928 6.0095 0.148
-0.0416 5.9479 0.976
-0.0438 6.0474 0.924
-0.1007 6.0663 0.471
-0.0446 5.9668 0.474
0.0380 5.9526 0.138
-0.0875 5.9905 1.000
-0.0853 6.0189 0.644
0.0821 6.0047 0.302
-0.1390 5.9953 1.000
-0.0720 5.9053 0.510
-0.0095 6.0000 0.462
-0.1186 5.9384 0.574
0.0511 5.9905 0.075
-0.0747 6.0426 0.464
-0.0196 5.9858 0.471
0.0652 6.0047 0.012
-0.0700 5.9479 0.955
-0.0173 6.0426 0.458
0.0691 6.0000 0.000
-0.0417 5.9005 0.574
-0.1374 6.0142 1.000
0.0288 6.0237 0.174
0.0470 5.8437 0.134
-0.0936 6.0805 0.529
0.0272 6.0711 0.275
-0.0111 6.0995 0.374
-0.1287 5.9716 0.754
-0.0598 6.0947 0.590
-0.0579 5.9432 0.461
-0.0006 6.0237 0.436
0.1317 5.9953 0.261
-0.0116 5.9526 0.363
-0.0172 6.0189 0.397
-0.0805 5.9668 0.831
-0.0636 6.0142 0.518
-0.0711 6.0853 0.451
0.0444 5.9289 0.089
0.0448 5.8958 0.000
-0.0435 5.9147 0.484
-0.0567 5.9100 0.605
-0.0195 6.0616 0.295
-0.0843 5.9763 0.808
-0.1199 5.9289 0.500
-0.0914 6.0095 0.577
-0.1203 5.9953 1.000
-0.0725 6.0616 0.449
0.0006 5.9621 0.434
-0.0208 6.0332 0.229
-0.0294 6.0332 0.472
0.0165 6.0000 0.248
-0.0156 6.0000 0.367
-0.0907 5.8958 0.931
-0.1007 5.9053 0.818
-0.0194 6.0474 0.505
0.0443 6.0758 0.000
-0.0558 5.8911 0.512
-0.0979 6.0379 0.799
0.0087 6.0095 0.248
0.0471 6.1942 0.035
-0.1198 5.9432 0.499
0.0331 6.0426 0.166
-0.0014 6.0047 0.333
-0.0456 6.1089 0.448
0.0119 6.0284 0.214
-0.1613 5.9905 0.598
0.0135 6.0237 0.313
-0.0240 6.0568 0.524
0.0465 5.9147 0.054
-0.0822 6.0284 0.430
-0.0550 5.8863 0.566
-0.0210 5.9384 0.505
-0.0594 6.1089 0.583
-0.0463 5.9716 0.398
-0.0171 5.9479 0.417
-0.1003 6.0237 0.756
0.0270 5.9384 0.181
-0.0500 6.0047 0.554
-0.0493 5.9811 1.000
0.0162 6.0663 0.331
-0.0712 5.9100 0.993
-0.0879 5.9811 0.665
-0.0406 6.0616 0.555
-0.0531 6.0663 0.604
-0.1129 6.0426 0.687
-0.0005 6.0995 0.302
-0.0701 5.9242 0.627
-0.0441 6.1042 0.363
0.0345 5.9763 0.000
-0.0364 5.9621 0.404
-0.0110 6.0947 0.469
-0.0843 6.0332 0.466
-0.0358 5.9574 0.950
-0.0324 5.9574 0.595
0.0420 5.9905 0.000
0.0439 5.7205 0.000
-0.0190 6.0995 0.362
-0.0350 6.1042 0.472
0.0170 6.0426 0.236
0.0314 5.9621 0.361
-0.0206 6.0805 0.516
-0.0542 5.9337 0.609
-0.0088 6.0663 0.466
-0.0494 5.9716 0.499
-0.0475 6.0189 0.538
0.0467 6.3032 0.000
-0.0426 5.9053 0.495
-0.0448 6.1137 0.531
0.0034 5.9432 0.417
0.0387 5.9763 0.124
0.0013 6.0616 0.423
-0.1050 5.9479 0.788
-0.0296 6.0047 0.351
-0.0095 5.9621 0.335
-0.0621 6.0426 0.540
0.0467 5.9005 0.009
-0.0903 6.0142 0.736
-0.0001 5.8911 0.404
0.0424 5.9242 0.000
-0.0612 5.9811 0.499
-0.0712 5.9953 0.533
-0.1045 5.9905 0.488
0.0018 5.8721 0.279
0.0045 6.0711 0.292
-0.1181 5.9242 0.627
0.0003 5.9953 0.421
-0.0171 6.0521 0.434
-0.0809 6.0758 0.700
0.0093 6.0568 0.402
-0.1261 5.9858 0.490
-0.0541 6.1184 0.619
-0.0184 5.9242 0.501
0.0237 6.0000 0.317
0.0153 5.9147 0.363
-0.0888 5.9763 1.000
-0.0841 6.0189 0.520
0.0011 6.1232 0.428
0.0482 5.9763 0.011
0.0281 5.9763 0.199
0.0446 6.3126 0.024
-0.0238 5.9763 0.506
-0.0603 5.9858 0.620
-0.0068 5.9668 0.354
-0.0484 5.9526 0.581
-0.0557 6.0426 0.782
0.0035 6.0616 0.397
-0.0563 5.8958 0.449
0.0468 5.7916 0.000
-0.1323 6.0237 0.834
-0.1034 6.0995 0.903
-0.0747 6.0237 1.000
0.0172 6.0047 0.206
-0.0877 5.9384 0.674
0.0217 6.0332 0.274
-0.0664 6.0758 0.520
-0.0385 5.9479 1.000
-0.0511 6.0426 0.421
0.1884 6.0095 0.190
-0.0788 5.9858 0.914
-0.0036 6.0284 0.333
-0.0796 5.9289 0.583
0.0403 5.7395 0.081
0.0296 6.0379 0.191
0.1626 6.0047 0.188
0.0537 5.9858 0.030
-0.0924 5.9053 0.708
-0.1291 5.9432 0.711
0.0060 5.9242 0.292
-0.0805 6.0568 0.689
-0.0659 6.0474 0.909
-0.0415 6.0047 0.745
0.0444 6.1563 0.000
-0.0065 5.9432 0.328
-0.0806 5.9905 0.622
-0.0327 6.0095 0.387
-0.0535 6.1089 1.000
0.0037 6.0853 0.412
-0.1523 5.9811 0.564
0.0074 6.0995 0.348
0.0183 5.9337 0.305
-0.0310 5.9858 0.407
-0.0988 5.9811 0.911
0.0454 5.9716 0.000
-0.0079 6.0332 0.240
-0.0450 6.0284 0.998
-0.1208 5.9905 0.732
-0.0903 5.9195 0.890
0.0184 5.9384 0.218
-0.0373 5.9526 0.356
-0.0900 6.0474 0.987
-0.0953 5.9289 0.827
0.0223 5.9479 0.270
0.0447 5.6637 0.000
-0.0876 6.1137 0.896
-0.0046 6.0474 0.402
-0.0725 6.0142 0.484
0.0449 5.9289 0.000
-0.0862 6.0474 0.485
-0.0981 5.9858 0.797
0.0182 6.1089 0.330
-0.0711 5.8911 0.657
-0.0507 6.0332 0.566
0.0436 5.8058 0.006
0.0245 6.0474 0.190
-0.0239 5.9858 0.536
-0.0533 6.0379 0.601
-0.0820 6.0426 0.611
0.0204 5.9005 0.272
-0.0364 5.8911 0.319
-0.0792 6.0663 0.619
-0.0589 6.0189 0.623
-0.0074 6.0142 0.333
0.0009 5.9337 0.387
0.0097 5.8863 0.257
-0.1186 6.0379 0.570
-0.0238 5.9337 0.524
0.0220 6.0284 0.281
-0.0054 5.9289 0.449
-0.1006 5.9384 1.000
-0.0907 6.1089 1.000
-0.1407 6.0000 0.786
-0.0851 5.8816 0.685
-0.1302 5.9763 1.000
0.0479 5.8200 0.000
-0.0104 5.8768 0.451
-0.1189 5.9337 0.650
-0.0114 6.0900 0.297
0.0122 5.9289 0.228
0.0036 5.9147 0.378
-0.0942 5.9574 0.501
0.0108 5.9526 0.233
-0.0085 6.0616 0.457
0.0255 5.9289 0.004
-0.1515 5.9953 0.769
-0.0254 6.0711 0.503
0.0477 6.1705 0.056
-0.0658 6.0237 0.678
-0.0515 6.0758 0.492
-0.1050 6.0284 0.571
0.0084 6.1089 0.203
-0.0825 6.0663 0.685
0.0480 6.0047 0.056
-0.0120 5.9953 0.477
-0.1028 6.0332 0.758
-0.0094 5.9242 0.404
0.0341 6.0474 0.347
0.0444 5.7442 0.001
0.0268 5.9574 0.166
-0.0266 5.9479 0.484
0.0232 5.9337 0.206
-0.0028 5.9716 0.434
-0.0730 6.0189 0.814
-0.0026 5.9479 0.246
-0.1119 5.9763 1.000
0.1070 6.0095 0.257
-0.1046 6.0521 0.693
-0.0633 6.0900 0.554
-0.0485 6.0521 0.497
0.0315 5.9811 0.251
0.0514 6.0095 0.076
-0.0468 5.9384 0.385
0.0220 6.0616 0.344
-0.1494 6.0095 0.585
0.0406 5.9147 0.000
-0.0449 6.0947 1.000
-0.0849 6.0711 0.441
-0.0585 5.9289 0.429
0.0412 6.0189 0.111
0.0415 6.2274 0.063
-0.0102 6.0995 0.309
0.0463 5.7111 0.057
-0.0128 6.0237 0.555
-0.0866 5.9005 0.514
-0.1040 5.9384 0.488
-0.0435 5.9432 0.503
-0.0415 5.8958 0.529
0.0493 5.7584 0.039
0.0058 6.0189 0.279
-0.0880 5.8911 0.546
-0.1176 6.0047 1.000
-0.0560 6.0284 0.702
-0.0947 6.0853 0.946
0.0149 6.0616 0.231
0.2183 6.0000 0.105
0.0222 6.0379 0.279
0.0216 6.0142 0.276
-0.0898 6.0616 0.721
-0.0753 5.9905 0.488
0.0300 5.9432 0.008
0.0062 6.1137 0.457
-0.0148 5.9242 0.484
-0.0499 6.0379 0.542
-0.1078 7.0000 0.148
-0.0830 7.0138 0.313
-0.0533 6.8685 0.395
-0.0255 7.1523 0.515
0.1570 7.0000 1.000
-0.0524 7.2008 0.330
-0.0904 7.1246 0.048
0.0199 7.0138 0.986
-0.0589 6.9792 0.247
-0.0171 6.8062 0.271
-0.0613 7.1662 0.322
-0.0352 7.1869 0.505
-0.0619 7.0000 0.390
-0.0653 6.8892 0.287
-0.0392 6.9862 0.316
-0.0470 7.1454 0.378
-0.0413 7.2077 0.586
-0.1033 6.8892 0.105
-0.0617 6.8338 0.342
-0.0307 7.1177 0.863
-0.0250 6.8754 0.514
-0.0439 7.0346 0.380
-0.0545 7.0554 0.324
-0.0314 6.9515 0.498
-0.0351 6.8754 0.450
-0.0208 7.1800 0.878
0.0181 7.0069 1.000
-0.0417 6.7923 0.455
-0.0533 7.0692 0.290
-0.0193 7.1038 0.697
0.0211 6.9654 0.947
-0.0322 6.8823 0.522
-0.0629 7.1592 0.243
-0.0284 7.1246 0.673
-0.0755 7.0900 0.244
-0.0948 6.8477 0.031
0.1734 7.0000 1.000
-0.0579 7.0623 0.313
-0.0198 7.1731 0.681
-0.0108 7.0138 0.519
-0.0948 6.9515 0.032
-0.0731 6.9100 0.317
-0.0704 6.9031 0.459
-0.0995 6.9585 0.040
-0.0039 6.9169 0.406
0.1221 7.0069 0.943
-0.0366 7.2354 0.435
-0.0384 6.7646 0.567
-0.0178 6.8546 0.663
-0.0575 7.0069 0.269
-0.1135 7.0346 0.142
-0.0631 7.1454 0.202
-0.0301 6.9862 0.495
0.0250 6.9931 1.000
-0.0705 6.9931 0.305
-0.0434 6.7992 0.508
-0.0986 7.2423 0.010
-0.0937 7.0762 0.051
-0.0960 7.2008 0.073
-0.1056 7.0346 0.069
-0.0483 6.7577 0.336
-0.0443 7.3046 0.383
-0.0227 7.0692 0.764
-0.0331 7.1108 0.519
-0.0682 7.1108 0.373
-0.0918 6.8892 0.253
-0.0622 6.9031 0.346
-0.0518 7.0138 0.322
0.1954 7.0069 1.000
-0.0450 6.9446 0.449
-0.0489 6.8685 0.390
-0.0717 7.0762 0.212
-0.0806 6.9169 0.241
-0.0570 6.9100 0.295
-0.1041 6.9238 0.031
-0.0144 6.8408 0.550
-0.0598 6.8892 0.241
-0.0629 7.0831 0.200
-0.0445 7.0485 0.473
-0.1231 6.9723 0.202
-0.0589 7.0762 0.297
-0.0357 6.9515 0.546
-0.0471 7.0277 0.413
-0.0460 7.2354 0.466
0.0533 6.9931 0.954
0.0098 6.9862 0.950
-0.0508 7.0208 0.426
-0.0857 6.9446 0.000
-0.0711 7.1177 0.125
0.0209 6.9723 1.000
-0.0419 7.1385 0.510
-0.0918 6.8823 0.000
0.0227 6.9792 1.000
-0.1396 7.0000 0.300
0.0533 7.0000 0.663
-0.0187 7.2215 0.621
-0.0614 7.2077 0.361
-0.0213 7.0692 0.651
-0.0565 7.1869 0.325
0.1962 7.0069 1.000
-0.0259 6.9723 0.572
-0.0957 6.9446 0.000
-0.0939 6.7577 0.000
-0.0076 6.9723 0.986
-0.0472 7.2423 0.378
-0.0186 7.2492 0.645
-0.0953 7.0554 0.003
-0.0448 7.3392 0.435
-0.0061 6.9238 0.793
-0.0186 6.9931 0.621
-0.0441 6.9169 0.485
-0.0987 6.7992 0.000
-0.1039 7.0969 0.056
0.0768 7.0000 1.000
-0.1222 7.0138 0.428
-0.0561 6.8823 0.241
-0.0424 6.7577 0.348
-0.0431 7.1731 0.416
-0.0460 6.6954 0.493
-0.0397 6.9169 0.544
-0.0526 6.7992 0.368
-0.0246 6.9862 0.524
-0.0555 7.2008 0.382
-0.1101 6.9654 0.142
-0.0508 7.2977 0.372
-0.0963 6.7577 0.056
-0.0574 6.7646 0.325
-0.0353 7.0692 0.411
-0.0612 7.1108 0.360
-0.0569 7.1731 0.306
-0.0575 6.7992 0.397
-0.0207 6.9654 0.668
-0.0377 6.8823 0.601
-0.0936 7.0138 0.000
0.0170 6.9862 0.604
-0.1072 6.9446 0.077
-0.0331 6.9308 0.724
-0.0259 6.9169 0.746
-0.0473 7.2008 0.360
-0.0476 7.2077 0.360
-0.0998 7.0485 0.045
-0.0409 6.8892 0.630
-0.0896 7.0346 0.000
-0.0335 6.8408 0.591
0.0146 7.0208 1.000
-0.0966 7.0415 0.055
-0.0431 7.2008 0.464
-0.0406 6.8546 0.589
-0.0441 6.7785 0.358
-0.0470 6.7577 0.414
-0.0399 6.7646 0.466
-0.0622 7.1038 0.360
-0.0748 6.8408 0.223
-0.1107 6.9585 0.240
-0.0209 7.1108 0.770
-0.0948 6.7646 0.000
-0.0848 7.1177 0.187
-0.0557 6.9931 0.498
-0.0001 7.0000 0.639
-0.0677 6.9931 0.190
-0.0344 7.1662 0.402
-0.0038 6.9654 0.716
-0.0589 7.0831 0.370
-0.0700 6.8269 0.349
-0.0482 7.2562 0.430
-0.0590 7.0554 0.244
0.0083 7.0208 0.916
-0.0421 7.1315 0.556
-0.1090 7.0485 0.037
-0.0469 7.3531 0.442
-0.0463 7.2562 0.532
-0.0795 7.0415 0.176
-0.0651 7.0485 0.260
-0.0583 6.9515 0.473
-0.0532 6.7715 0.467
0.1368 7.0069 1.000
-0.1250 7.0069 0.283
-0.0602 7.1315 0.348
-0.0570 7.0554 0.416
-0.0999 6.8754 0.272
-0.0875 6.8962 0.130
-0.0397 7.1315 0.476
-0.0340 6.8477 0.616
-0.0222 7.0277 0.527
-0.0409 6.9377 0.407
-0.0464 7.1315 0.505
-0.0648 6.8754 0.253
-0.0986 6.8200 0.063
-0.0673 6.9308 0.474
-0.0263 6.8962 0.508
-0.0327 7.1454 0.609
0.1349 7.0000 1.000
-0.1234 7.0069 0.216
-0.0301 6.9654 0.531
-0.0734 7.0069 0.248
-0.0702 7.0000 0.320
-0.0874 7.0069 0.000
0.0223 6.9862 1.000
-0.0914 6.9169 0.000
-0.0843 7.0485 0.200
-0.0427 7.0762 0.459
-0.0732 6.9723 0.192
-0.0795 6.9792 0.263
-0.0202 7.0623 0.551
-0.0069 7.1038 0.298
-0.0908 7.0900 0.397
0.0018 7.0138 0.890
-0.0230 6.8962 0.769
-0.1040 6.9308 0.150
-0.0396 6.9515 0.526
-0.0766 6.9585 0.219
-0.0615 7.2215 0.269
-0.0932 6.9792 0.211
-0.1057 7.1246 0.080
-0.0246 7.1108 0.591
-0.0391 6.7854 0.510
-0.0319 6.9931 0.543
-0.0692 6.9723 0.305
-0.0938 6.8200 0.033
0.0397 7.0138 1.000
0.0126 6.9862 0.984
0.0866 7.0000 1.000
-0.0528 7.1869 0.479
-0.0202 6.9308 0.611
-0.1227 7.0000 0.249
-0.0105 7.0277 0.793
-0.0620 6.8962 0.238
-0.0590 7.0415 0.406
-0.0478 7.2285 0.332
-0.0621 7.1800 0.450
-0.0769 7.0208 0.342
-0.0117 7.0831 0.666
0.0156 6.9446 0.769
-0.0671 7.0415 0.197
-0.0271 6.8615 0.473
-0.0981 7.1800 0.000
-0.0319 7.1662 0.464
-0.0491 7.2492 0.332
0.0160 7.0346 1.000
-0.0919 6.9723 0.065
-0.0634 7.1108 0.382
-0.0570 6.8685 0.380
-0.0162 6.9862 0.745
-0.0431 7.2215 0.375
-0.0882 6.7992 0.000
-0.0844 7.0900 0.265
-0.0514 7.0277 0.330
-0.0825 7.0831 0.282
-0.0597 7.0692 0.249
-0.0311 6.9169 0.502
-0.0226 7.1869 0.555
-0.1010 6.8477 0.145
-0.0517 7.1731 0.387
-0.0567 6.8062 0.285
-0.0252 6.7923 0.546
0.0057 7.0138 0.442
-0.0468 6.6538 0.358
-0.0992 7.0346 0.228
-0.1033 6.9723 0.039
-0.0823 6.8892 0.169
0.0398 6.9931 0.644
-0.0728 6.9169 0.236
-0.0145 7.1662 0.580
-0.0440 7.0000 0.368
-0.0377 7.0346 0.421
-0.0406 7.1177 0.438
-0.0757 7.1731 0.351
-0.0511 6.8200 0.383
-0.0607 6.8962 0.245
-0.0101 6.9585 0.685
-0.0672 6.8892 0.293
-0.0550 7.0762 0.318
-0.0511 7.1938 0.419
-0.0753 6.8546 0.195
-0.0872 6.9377 0.065
-0.0887 6.9931 0.142
-0.0908 7.1662 0.168
-0.0046 6.9931 0.324
-0.0625 7.1315 0.284
0.0205 7.0208 1.000
0.2016 6.9862 1.000
-0.0514 7.2700 0.390
-0.0336 7.2423 0.447
-0.0369 7.1246 0.592
-0.0230 7.0554 0.496
-0.0216 6.8685 0.524
0.1601 7.0069 1.000
-0.0114 6.9585 0.584
-0.0997 7.1246 0.034
-0.0326 7.2354 0.385
-0.0926 7.0415 0.000
-0.0938 7.1800 0.075
-0.0286 6.8338 0.762
-0.0735 6.9515 0.260
-0.0790 7.0346 0.259
-0.0497 6.8962 0.437
-0.0410 6.8131 0.455
-0.1008 6.8823 0.242
0.0431 7.0138 1.000
-0.0569 7.0831 0.318
-0.1033 7.0069 0.049
-0.0939 7.0623 0.000
-0.0763 6.8962 0.285
-0.0983 6.9585 0.115
-0.0545 6.7369 0.418
-0.0427 7.0554 0.377
0.1951 7.0000 1.000
-0.0181 6.7577 0.546
-0.0478 6.9931 0.500
-0.0421 6.9446 0.416
-0.0865 7.1108 0.226
-0.0044 6.9446 0.849
-0.0315 7.1869 0.603
0.1991 7.0000 1.000
-0.0585 7.0485 0.473
-0.0486 7.1177 0.366
-0.0065 7.0692 0.863
-0.0407 6.7300 0.461
-0.0081 6.9238 0.813
-0.0989 7.1731 0.009
-0.0453 6.8754 0.344
-0.0470 6.9100 0.404
0.0132 6.9931 1.000
0.0157 7.0485 1.000
-0.0102 6.8892 0.736
-0.0848 7.1038 0.000
-0.1484 7.0069 0.278
-0.0316 6.9031 0.265
-0.0439 6.8338 0.387
-0.0457 7.1869 0.390
-0.0360 6.9862 0.440
-0.0710 7.0069 0.181
-0.0924 7.0969 0.000
0.0477 6.9862 1.000
-0.0092 7.0485 0.793
-0.0167 7.1938 0.782
0.0045 6.9862 0.580
-0.0265 6.9931 0.697
-0.0745 7.1800 0.260
-0.0433 7.1108 0.546
-0.0547 7.0346 0.302
0.1030 7.0000 0.984
-0.0831 6.9654 0.224
0.0074 6.9792 0.901
-0.0386 6.8685 0.423
-0.0903 7.0000 0.414
0.0158 7.0277 1.000
-0.0343 7.1177 0.461
-0.0919 6.8269 0.062
-0.0629 6.9169 0.445
-0.0543 7.0208 0.330
-0.1090 7.0346 0.169
-0.1069 7.0069 0.091
-0.0965 6.7300 0.000
0.1464 7.0000 1.000
-0.0329 7.0277 0.760
-0.0913 7.0277 0.027
-0.0250 6.8269 0.520
-0.0205 6.9585 0.548
-0.1030 6.9031 0.353
-0.0544 7.2562 0.479
-0.0594 6.7508 0.360
-0.0420 7.2562 0.478
-0.0525 7.1315 0.442
-0.0187 7.1315 0.527
-0.0301 7.1038 0.536
-0.0408 6.7508 0.447
0.0159 6.9792 0.865
0.2015 7.0069 1.000
-0.0981 7.2285 0.000
-0.0194 7.2423 0.620
-0.0274 7.2146 0.491
-0.0185 7.0000 0.710
-0.0177 6.8131 0.632
-0.0457 7.2215 0.341
-0.0991 7.1592 0.060
-0.0115 7.0208 0.608
-0.1015 7.0969 0.032
-0.0353 7.0485 0.416
-0.0382 6.6608 0.712
-0.0145 7.0277 0.740
-0.0622 6.8200 0.214
-0.0412 6.7438 0.491
-0.0482 6.9100 0.375
-0.0488 6.8200 0.443
-0.0871 6.9654 0.000
-0.0801 6.9031 0.207
-0.0529 6.8754 0.372
-0.1058 7.0485 0.162
0.0250 6.9585 1.000
-0.0451 6.7992 0.495
-0.0276 7.0000 0.645
-0.0818 7.0485 0.202
-0.0488 6.7092 0.411
-0.0211 6.8962 0.539
-0.0898 7.1523 0.000
-0.0234 7.1246 0.555
-0.0562 7.0415 0.383
0.0420 6.9931 1.000
-0.0593 7.1938 0.233
0.0445 7.0000 0.815
-0.0183 7.1592 0.532
0.0974 7.0069 1.000
-0.1171 7.0000 0.378
-0.0382 7.1800 0.459
-0.0404 7.0208 0.575
-0.0916 7.1869 0.000
-0.0626 6.8338 0.221
-0.0939 6.7508 0.013
-0.0046 7.0554 0.823
-0.0940 7.0831 0.000
-0.0171 6.9308 0.853
-0.0313 7.2077 0.572
-0.0525 7.2492 0.329
-0.0377 7.0208 0.476
-0.0425 6.7785 0.500
-0.0516 6.7785 0.442
-0.0946 7.0208 0.002
-0.1105 7.0415 0.385
-0.0076 7.0277 0.736
-0.0367 6.7785 0.293
-0.0858 7.0623 0.169
0.0003 6.9654 0.882
-0.0533 6.9446 0.277
-0.0324 7.1385 0.510
-0.0217 7.1800 0.635
-0.0545 7.0900 0.368
-0.0596 6.7785 0.419
-0.0378 7.2838 0.539
-0.0087 7.0900 0.883
0.0144 6.9723 1.000
-0.0271 7.1592 0.731
-0.0432 7.2285 0.397
-0.0977 6.9931 0.146
-0.0156 6.8823 0.865
-0.0752 7.1315 0.086
-0.0247 7.0138 0.740
-0.0948 6.8615 0.211
-0.1337 7.0069 0.077
-0.0755 7.1869 0.199
-0.1033 7.1177 0.207
-0.0937 6.7162 0.092
-0.0676 7.0623 0.411
-0.0161 6.8892 0.582
-0.1223 6.9931 0.212
-0.0885 7.0831 0.089
-0.0780 7.1108 0.267
-0.0494 7.1938 0.303
-0.0396 6.6954 0.452
-0.0205 7.0485 0.829
-0.0351 6.7577 0.609
-0.0070 7.0208 0.654
-0.0510 7.0762 0.315
-0.1145 7.0208 0.101
-0.1016 7.1454 0.048
-0.0902 6.9792 0.046
-0.0830 7.0346 0.210
-0.0114 6.9654 0.805
-0.0594 7.1385 0.224
-0.0228 6.9100 0.712
0.0031 7.0069 0.663
-0.0384 6.9100 0.461
-0.0234 6.9931 0.560
-0.0836 6.9308 0.294
-0.0595 6.8615 0.263
-0.0346 6.8892 0.383
-0.0961 7.1385 0.000
-0.0882 7.0069 0.003
-0.0442 7.1385 0.418
-0.1000 6.9862 0.000
-0.1184 6.9862 0.176
-0.0404 6.8754 0.394
-0.0843 7.0208 0.399
0.0023 7.0277 0.341
0.0223 6.9585 0.538
-0.0766 6.8685 0.104
-0.0477 7.3531 0.348
-0.0564 6.7508 0.334
-0.0396 6.9031 0.469
-0.0161 6.7923 0.539
-0.0453 7.1108 0.390
-0.0569 7.2354 0.282
-0.0228 7.0415 0.693
0.1987 6.9792 1.000
-0.0736 7.1592 0.353
-0.0155 7.1454 0.707
-0.0597 7.2354 0.268
-0.1084 6.9585 0.042
-0.0294 6.9100 0.587
-0.0894 7.2215 0.000
0.1489 7.0000 1.000
-0.0688 6.9446 0.296
0.0411 7.0000 1.000
0.0154 7.0485 0.928
-0.0476 7.0554 0.413
-0.0162 6.8477 0.546
-0.0996 7.2077 0.039
-0.0546 6.9031 0.479
-0.0205 6.9446 0.526
-0.0364 6.8269 0.368
-0.0817 6.9515 0.337
-0.0659 7.1038 0.481
-0.1392 7.0000 0.301
-0.0592 7.1800 0.294
-0.0410 6.8685 0.397
-0.0397 7.0554 0.411
-0.0200 7.0346 0.675
-0.0441 6.9031 0.507
0.0462 6.9931 1.000
-0.0159 6.9169 0.544
-0.0634 7.0346 0.353
-0.0601 6.9654 0.360
-0.1009 6.9377 0.125
-0.0304 6.9446 0.656
-0.0376 6.7992 0.443
-0.0749 7.1523 0.360
-0.0391 6.8338 0.663
-0.0910 7.0554 0.366
-0.0545 6.9377 0.437
-0.0150 7.0762 0.798
-0.0911 6.7785 0.092
-0.0479 7.1731 0.435
-0.1000 7.1869 0.329
-0.0938 6.8754 0.110
-0.0393 7.3115 0.433
-0.0468 6.9654 0.490
-0.0157 7.0069 0.544
-0.0364 7.3323 0.536
-0.0812 6.9792 0.363
-0.0806 7.0969 0.108
0.0245 6.9862 1.000
-0.0201 6.9238 0.835
-0.0162 7.1385 0.543
-0.0320 6.8477 0.491
-0.0410 7.1038 0.394
-0.1011 7.1662 0.031
-0.1148 7.0138 0.073
-0.0532 6.8962 0.314
0.2001 6.9931 1.000
-0.1199 7.0138 0.164
-0.0980 7.2077 0.065
-0.0295 6.9723 0.560
-0.0832 7.0762 0.025
-0.0615 7.0208 0.325
-0.0454 6.7092 0.356
-0.0395 6.7231 0.433
-0.0191 7.2008 0.495
-0.0638 7.0762 0.317
-0.0417 7.0069 0.443
-0.0970 6.8269 0.053
-0.0664 6.9238 0.238
-0.0612 7.1523 0.291
-0.0171 7.1315 0.556
-0.0746 7.1038 0.116
-0.1047 6.9100 0.081
-0.1060 6.8754 0.110
-0.0324 7.0692 0.321
-0.0208 6.9377 0.507
-0.0341 6.7508 0.519
0.0063 6.9585 0.330
-0.0153 6.8754 0.608
0.0038 6.9862 0.902
-0.0974 7.1869 0.169
0.0657 7.0069 0.916
-0.0464 7.1246 0.430
-0.0994 6.8615 0.023
-0.0565 7.0969 0.418
-0.0610 6.8823 0.271
-0.0570 7.2077 0.425
0.0081 6.9723 0.976
-0.0960 7.0762 0.021
-0.0384 6.8892 0.527
0.0196 7.0069 0.974
-0.0504 6.6954 0.485
-0.0084 7.0069 0.673
-0.0510 7.1177 0.390
-0.0878 6.8200 0.000
-0.0329 6.9031 0.538
-0.0862 7.1315 0.000
0.0248 6.9377 1.000
-0.0641 7.0208 0.397
-0.0817 7.1108 0.284
-0.0945 6.8546 0.060
-0.0976 6.7715 0.092
-0.0826 7.0623 0.278
-0.1037 7.0831 0.065
-0.0899 6.8685 0.000
0.0835 7.0000 1.000
-0.0605 6.9169 0.445
-0.0885 7.0415 0.134
-0.0546 7.1454 0.392
-0.1110 7.0069 0.122
0.1517 7.0069 1.000
-0.0955 6.7369 0.026
-0.0148 6.9654 0.875
-0.1058 7.1108 0.086
-0.0939 7.1038 0.000
-0.0184 7.1869 0.531
0.0300 7.0069 0.835
-0.0786 6.9308 0.216
-0.0960 6.7785 0.043
-0.0384 6.7577 0.459
-0.1049 6.9446 0.171
0.0448 6.9862 1.000
-0.1045 6.8962 0.325
-0.0080 6.9169 0.738
-0.0123 7.0623 0.728
0.0171 6.9654 1.000
-0.0238 6.8892 0.464
-0.0089 6.9100 0.632
-0.0467 7.1177 0.373
-0.1039 6.9515 0.026
-0.0940 7.1315 0.176
-0.0131 6.9238 0.586
-0.0369 7.1592 0.668
-0.0621 7.0069 0.322
-0.0918 7.1523 0.020
-0.0142 7.1177 0.815
-0.0070 7.0554 0.508
-0.0910 6.9862 0.235
-0.0274 7.0900 0.531
-0.0387 7.2631 0.495
0.0222 7.0346 0.601
-0.0779 6.9100 0.252
0.0003 7.0485 0.743
-0.0732 7.1246 0.390
-0.0751 6.9308 0.264
-0.0587 7.1177 0.382
-0.0602 6.7854 0.337
-0.0556 6.8477 0.300
-0.0241 6.9377 0.546
-0.0451 7.3185 0.464
-0.0743 6.9377 0.301
-0.0326 7.0831 0.349
-0.0919 7.2631 0.000
0.1379 7.0000 1.000
-0.0299 6.7923 0.532
-0.0589 6.8546 0.254
-0.0483 6.6885 0.337
-0.0559 7.0208 0.411
0.0038 6.9792 0.508
-0.0975 6.7508 0.042
-0.0663 7.1177 0.297
0.1555 7.0069 1.000
-0.0368 7.2908 0.389
-0.0214 6.9723 0.531
0.1989 6.9931 1.000
-0.0380 7.1938 0.598
-0.0577 6.9377 0.399
-0.0633 6.9377 0.271
-0.0353 7.1523 0.556
-0.0499 7.2354 0.474
-0.0612 7.2562 0.378
-0.0334 6.8962 0.414
-0.0695 6.8615 0.274
-0.0941 7.1454 0.072
-0.0671 7.0762 0.185
-0.1072 6.9723 0.151
-0.0669 6.9377 0.399
-0.1396 7.0069 0.113
-0.0940 7.1385 0.000
-0.0978 7.0277 0.077
-0.0282 6.9100 0.710
-0.0961 6.8892 0.009
-0.0119 7.0485 0.786
-0.0270 6.8269 0.567
0.1631 7.0000 1.000
-0.0519 6.8546 0.387
-0.1032 6.9169 0.038
-0.0494 6.8269 0.315
-0.0969 6.9238 0.058
-0.0222 6.8200 0.544
-0.0445 7.2977 0.356
-0.0509 7.1454 0.462
-0.0708 6.8546 0.309
-0.0364 6.7092 0.452
-0.0600 7.0069 0.314
-0.0578 7.2492 0.346
-0.0053 6.9377 0.755
-0.0965 7.1177 0.000
-0.1078 6.9792 0.147
-0.0459 7.0623 0.409
-0.0723 6.9862 0.282
-0.0655 6.8269 0.312
-0.1063 7.0762 0.096
-0.0981 6.9723 0.029
-0.0944 6.9654 0.000
-0.0584 6.9377 0.271
-0.1321 7.0000 0.392
-0.0536 7.0831 0.360
-0.0589 6.7715 0.245
0.0242 7.0554 0.560
-0.0373 6.8408 0.464
-0.0714 6.9585 0.365
-0.0393 7.2562 0.395
-0.0726 6.9723 0.268
-0.0974 6.9862 0.122
-0.0969 7.0069 0.029
-0.0684 7.0692 0.325
-0.0460 6.6885 0.452
-0.0326 6.8823 0.526
-0.0900 6.9585 0.033
-0.0474 7.1869 0.414
-0.0381 7.0069 0.555
-0.1062 7.0554 0.062
-0.0563 7.2285 0.377
-0.0360 6.9931 0.752
-0.0731 6.8338 0.449
-0.0365 7.2977 0.500
-0.0336 6.8685 0.315
-0.0551 6.8962 0.413
-0.0402 7.0138 0.541
-0.0163 7.2008 0.796
-0.0948 7.2562 0.022
-0.0163 6.8200 0.729
-0.0563 6.9515 0.455
0.0078 6.9931 0.334
-0.0454 6.7438 0.536
-0.0945 6.7923 0.026
-0.0410 6.9585 0.522
-0.0285 6.8477 0.603
-0.0466 6.7023 0.409
-0.0233 6.9169 0.817
-0.0753 7.1108 0.294
-0.0080 7.0000 0.260
-0.0978 7.1592 0.029
-0.0287 6.8200 0.630
-0.0424 6.8615 0.515
-0.0866 6.9238 0.183
-0.0824 6.9862 0.418
-0.0362 7.3254 0.604
-0.0656 6.8823 0.228
-0.0633 6.9654 0.402
-0.1035 6.9862 0.063
-0.0385 7.1869 0.264
-0.0534 7.1385 0.440
-0.1108 7.0554 0.302
-0.0378 6.6815 0.430
-0.0959 6.8338 0.156
-0.0294 6.8338 0.611
0.0000 6.9585 0.776
-0.0575 6.8269 0.320
-0.0448 6.6746 0.385
-0.0560 6.8131 0.493
-0.0199 6.7785 0.645
-0.0858 7.0277 0.163
-0.0475 6.9515 0.493
-0.0338 6.7369 0.425
-0.0915 6.9446 0.000
-0.0144 7.0415 0.712
0.1870 7.0069 1.000
-0.0317 7.1592 0.651
-0.0419 7.0000 0.411
-0.0454 6.7854 0.479
-0.0942 6.7369 0.173
-0.0619 6.8269 0.438
0.0254 6.9723 0.923
-0.0787 6.9169 0.263
-0.0338 7.0762 0.522
-0.0493 7.3462 0.321
-0.0900 6.9308 0.026
-0.0516 7.1800 0.440
-0.0733 7.0000 0.158
-0.0159 6.9031 0.654
-0.0256 6.7992 0.683
-0.0285 6.8892 0.854
-0.0954 6.8131 0.000
-0.0879 6.9169 0.190
-0.0654 6.9446 0.240
-0.0455 7.3115 0.462
-0.0427 7.0900 0.377
-0.0372 6.7162 0.464
-0.0881 7.1177 0.051
-0.0997 7.1800 0.063
0.0180 6.9931 0.719
-0.0808 6.9031 0.229
-0.0356 6.9654 0.601
-0.0275 7.0069 0.277
-0.0830 7.1038 0.000
0.0355 7.0138 0.707
-0.0096 7.1108 0.510
-0.0848 6.9100 0.046
-0.0960 6.7438 0.011
-0.0825 7.0277 0.222
0.1990 6.9862 1.000
-0.0378 7.0831 0.553
-0.0454 7.0831 0.459
-0.0893 6.8062 0.036
0.0271 7.0277 0.983
-0.0223 6.9585 0.560
-0.0154 7.1800 0.863
-0.0138 7.0069 0.589
-0.1031 6.9654 0.120
-0.0463 7.1731 0.486
-0.1086 6.9654 0.102
-0.0657 6.9100 0.351
-0.0269 7.0485 0.594
-0.0438 6.8892 0.437
-0.0951 6.9238 0.000
-0.0413 7.0969 0.459
-0.0161 7.2077 0.681
-0.0726 7.1038 0.120
-0.0695 6.8892 0.288
0.0045 7.0000 0.904
-0.0362 6.6885 0.437
-0.0726 7.0969 0.478
-0.0289 6.8546 0.514
-0.0523 7.1592 0.507
-0.0171 7.0900 0.637
-0.0273 6.8408 0.503
-0.0467 7.2077 0.464
-0.0489 6.7300 0.421
0.0117 7.0138 1.000
0.0055 7.0069 0.416
-0.0355 6.8546 0.604
-0.0507 6.7992 0.442
0.0124 6.9585 0.416
-0.0276 7.1938 0.515
-0.0198 7.1385 0.558
0.1212 7.0000 0.967
-0.1127 6.9515 0.249
-0.0443 6.7369 0.481
0.0180 7.0415 1.000
-0.0903 7.0485 0.000
-0.0794 6.9862 0.175
-0.0364 7.2077 0.443
-0.0015 6.9792 0.269
-0.0582 7.2215 0.276
-0.0676 7.0485 0.311
-0.1001 7.1038 0.000
-0.0052 7.0485 0.808
-0.0261 6.8823 0.639
-0.0924 7.1246 0.409
-0.0417 6.7715 0.505
-0.0993 6.8338 0.018
-0.0176 7.0138 0.729
-0.1316 7.0000 0.273
-0.0405 7.2146 0.558
-0.0387 6.7508 0.447
-0.0906 7.1938 0.042
0.0158 6.9515 0.724
-0.0906 6.9654 0.000
-0.0866 6.8823 0.147
-0.0980 6.9100 0.271
-0.0927 7.1662 0.003
-0.0968 6.7646 0.238
-0.0748 6.9238 0.218
-0.1000 6.8408 0.054
-0.0978 7.2562 0.049
-0.0658 7.0138 0.339
-0.0376 7.0762 0.478
-0.0148 7.0692 0.616
-0.0472 7.1592 0.502
-0.0211 7.0831 0.558
-0.0219 7.1385 0.538
-0.0887 6.8408 0.072
-0.0945 6.9100 0.038
-0.0468 6.8962 0.356
-0.0729 6.9446 0.416
-0.0987 6.8408 0.092
-0.0270 7.1385 0.527
-0.0116 6.9308 0.531
-0.0429 7.1523 0.481
0.0366 7.0069 0.984
-0.0324 7.0831 0.498
-0.1028 7.0138 0.103
-0.0215 7.0623 0.555
-0.0652 7.0969 0.238
-0.0454 7.2285 0.454
-0.0760 6.9931 0.084
0.0263 7.0277 1.000
-0.0468 6.9238 0.397
-0.0968 7.0000 0.000
-0.0570 6.7854 0.437
-0.0256 7.0554 0.745
-0.0333 7.1731 0.695
-0.0159 7.1592 0.558
-0.0594 7.1731 0.373
-0.0820 6.8962 0.277
-0.0613 6.8408 0.276
0.0241 7.0000 1.000
-0.0207 7.1662 0.827
-0.1085 7.0554 0.115
0.0259 7.0346 1.000
-0.0972 7.2215 0.053
-0.0797 7.1038 0.419
-0.0910 7.2008 0.026
-0.0936 7.2146 0.346
-0.0343 7.1246 0.469
-0.0254 7.0138 0.514
-0.0556 7.0692 0.346
0.0249 7.0623 0.507
-0.0513 7.0969 0.370
-0.0203 6.8754 0.608
-0.0444 7.0138 0.495
-0.0244 6.8477 0.779
0.0325 7.0000 1.000
-0.0197 7.0069 0.621
-0.0599 6.7992 0.348
-0.0191 6.8338 0.582
-0.0284 6.9031 0.498
-0.0549 7.0277 0.419
-0.0213 6.9862 0.541
-0.0208 7.2354 0.745
-0.0488 6.7646 0.414
-0.0832 7.0692 0.185
-0.0350 6.7715 0.700
-0.0410 7.1662 0.507
0.0155 7.0415 1.000
-0.0855 6.8685 0.217
-0.0539 6.8338 0.318
-0.0467 7.2700 0.454
-0.1091 6.9377 0.193
-0.0390 6.7369 0.505
-0.0383 6.9654 0.433
-0.1013 6.8892 0.000
-0.0246 7.0969 0.515
-0.0496 7.3046 0.447
-0.0501 7.0485 0.394
-0.0932 7.2769 0.003
-0.0108 7.0000 0.294
-0.0216 6.8338 0.294
-0.0782 6.9585 0.414
0.2016 7.0000 1.000
-0.0358 7.2562 0.587
-0.0780 7.0138 0.243
0.1827 7.0000 1.000
-0.0156 6.8269 0.289
-0.0255 7.1869 0.584
-0.0455 7.1662 0.510
-0.0168 6.9100 0.565
-0.0988 7.0762 0.038
-0.0682 7.1385 0.318
-0.0910 7.1315 0.000
-0.0353 6.7646 0.596
-0.0261 7.0208 0.721
-0.0206 7.0277 0.517
-0.0427 6.7854 0.354
-0.0612 7.2492 0.337
-0.0245 7.1731 0.520
-0.0233 6.8546 0.555
0.0140 6.9654 0.389
-0.0330 7.0138 0.575
-0.0373 7.2146 0.473
-0.0924 6.7300 0.265
-0.0174 7.0346 0.579
-0.0429 7.2492 0.541
-0.0472 7.3462 0.337
-0.0416 6.9031 0.402
-0.0501 7.0692 0.382
-0.0304 7.0208 0.411
-0.0285 6.9238 0.336
-0.0481 6.7162 0.360
-0.0539 6.9792 0.242
0.1149 7.0000 0.986
-0.0747 7.1662 0.409
-0.0378 7.2423 0.604
-0.0932 7.2492 0.211
0.0050 7.0485 0.902
-0.0286 7.0623 0.495
-0.1033 7.1038 0.086
-0.1033 7.0692 0.174
-0.1039 6.9792 0.017
-0.0024 7.0415 0.346
-0.0635 6.9238 0.339
-0.0180 6.9169 0.817
-0.0217 7.0000 0.613
-0.0965 7.1938 0.023
-0.0164 6.9792 0.387
-0.0279 7.1662 0.529
-0.0288 7.0138 0.502
-0.0600 6.8131 0.323
-0.0972 7.2492 0.000
-0.0842 6.9723 0.207
-0.1041 6.9585 0.150
-0.0737 6.9862 0.454
-0.0960 7.2631 0.127
-0.0513 7.2354 0.433
-0.0720 7.0415 0.333
-0.0040 6.9585 0.813
0.0311 7.0069 0.868
-0.0579 7.0900 0.372
-0.0736 7.0762 0.207
-0.0438 7.0069 0.414
-0.0926 6.8131 0.000
-0.0842 7.0000 0.271
-0.0286 6.9377 0.498
-0.0983 6.9031 0.000
-0.0669 6.9031 0.455
-0.1109 6.9792 0.163
-0.0516 6.8269 0.423
-0.0496 6.8615 0.464
-0.0204 7.2146 0.680
-0.1013 6.9100 0.041
-0.0506 6.7369 0.416
-0.0923 6.7715 0.056
-0.0508 7.0900 0.502
-0.0959 6.8962 0.013
-0.0573 7.1662 0.292
-0.0934 6.8408 0.185
-0.0877 6.9585 0.000
-0.0745 7.1385 0.309
-0.0526 6.7854 0.368
-0.0225 6.8131 0.508
-0.0557 7.1385 0.298
-0.0257 7.0969 0.625
-0.0612 7.0138 0.382
0.1616 7.0000 1.000
-0.0091 7.0831 0.599
-0.0846 7.0762 0.377
-0.0385 7.1454 0.462
-0.0420 7.0623 0.550
-0.0965 6.9792 0.034
-0.0376 7.1108 0.447
-0.0509 6.6746 0.496
0.0157 6.9585 0.948
-0.0763 6.9169 0.250
-0.0277 6.9446 0.548
-0.0382 7.0138 0.532
-0.0098 7.0346 0.611
-0.0011 6.9862 0.409
-0.0508 6.9654 0.315
-0.0949 7.0069 0.000
-0.0416 7.1454 0.438
0.0314 7.0138 1.000
-0.0460 6.7715 0.560
-0.0578 6.9585 0.277
-0.0467 6.8477 0.430
0.1273 7.0000 1.000
-0.0620 7.1523 0.253
-0.0054 7.0762 0.885
-0.0551 6.9169 0.285
-0.0357 7.2146 0.478
-0.0933 7.0554 0.000
-0.0455 6.8615 0.363
-0.0990 7.0138 0.219
-0.1034 7.0208 0.064
-0.0519 6.7923 0.313
-0.0678 6.9585 0.288
-0.0868 6.8754 0.003
-0.0514 7.1038 0.317
-0.0532 6.9654 0.277
-0.0457 7.2492 0.337
-0.0707 6.8338 0.317
-0.0285 6.8546 0.375
-0.0635 6.8408 0.452
-0.0323 6.8615 0.582
-0.0771 6.8892 0.370
-0.0690 7.1315 0.118
-0.0492 6.9238 0.341
-0.0353 7.0069 0.392
-0.1202 6.9931 0.167
-0.0554 7.1800 0.368
-0.0955 6.9377 0.048
-0.0659 6.8615 0.209
-0.0369 6.6677 0.479
-0.0954 6.7231 0.027
-0.0482 7.2838 0.474
-0.0587 6.8477 0.240
-0.0325 7.2631 0.630
-0.0498 7.0000 0.330
-0.0474 7.0831 0.406
-0.0353 6.9446 0.459
0.0249 6.9515 1.000
-0.0684 7.0831 0.276
-0.0698 6.8408 0.370
-0.0557 7.1108 0.390
-0.0406 6.8408 0.491
-0.0360 7.1592 0.378
-0.0885 6.7923 0.000
-0.0812 7.0000 0.223
0.1994 7.0208 1.000
-0.0480 6.8754 0.493
-0.0402 7.2354 0.447
-0.0501 7.1246 0.365
-0.0250 6.9446 0.562
-0.0703 6.9308 0.311
-0.0557 6.7785 0.372
-0.1090 6.9238 0.163
-0.0591 6.8685 0.385
-0.0894 7.1454 0.228
-0.0727 7.1592 0.015
-0.0600 7.0277 0.336
-0.1153 6.9862 0.122
-0.0982 7.0208 0.086
-0.0594 7.0346 0.397
-0.0911 7.2077 0.092
-0.0710 6.8962 0.242
-0.0611 6.9931 0.351
-0.0042 7.0208 0.620
-0.0196 7.2077 0.663
-0.0051 7.0138 0.295
-0.0409 7.2700 0.663
-0.1122 7.0138 0.079
-0.0969 6.8615 0.164
-0.1214 6.9792 0.134
-0.1030 7.0277 0.120
-0.0454 7.0692 0.454
-0.0145 7.1108 0.659
-0.0641 7.0138 0.515
-0.0597 7.2146 0.341
-0.0929 6.9931 0.000
-0.0962 7.1108 0.036
-0.0611 7.0969 0.332
-0.0352 7.1315 0.579
-0.0202 6.9723 0.849
-0.0580 7.1246 0.353
-0.0196 7.0762 0.705
-0.0493 6.6538 0.390
-0.0560 7.1454 0.342
-0.0879 7.1800 0.058
-0.0644 6.8477 0.271
-0.0255 7.0346 0.589
-0.0589 6.8200 0.402
-0.0175 6.8962 0.681
0.0121 6.9446 1.000
-0.0933 7.2215 0.019
0.0001 6.9515 0.697
0.0259 6.9446 1.000
-0.0999 6.9931 0.022
0.0353 6.9931 1.000
-0.0799 7.0000 0.188
-0.0509 6.9515 0.360
0.0208 6.9931 1.000
-0.0577 6.8615 0.493
-0.0578 6.8754 0.339
-0.0426 6.9862 0.476
-0.0386 7.2215 0.544
-0.0559 6.7577 0.313
-0.0500 7.1038 0.473
-0.0192 6.9100 0.503
-0.0913 7.1731 0.015
-0.0998 7.0831 0.095
-0.0506 6.7438 0.269
-0.0962 6.7854 0.010
-0.0505 7.2215 0.423
-0.0490 6.9308 0.502
-0.0991 7.0554 0.079
-0.0521 7.2423 0.348
-0.0429 7.1800 0.387
-0.0434 7.1938 0.618
-0.0831 7.0069 0.173
-0.0343 7.0346 0.544
-0.0717 7.0485 0.353
0.0286 7.0000 0.976
0.1805 7.0000 1.000
-0.0448 7.1938 0.520
0.0287 6.9931 0.632
-0.0305 7.0554 0.474
-0.0139 7.0554 0.748
-0.0156 6.9931 0.678
-0.0967 6.7923 0.247
-0.0553 7.1038 0.298
-0.0209 7.0208 0.813
0.0473 7.0138 0.913
-0.0162 6.7992 0.625
-0.0903 7.0138 0.000
-0.0715 6.8685 0.329
-0.0751 7.0208 0.276
-0.0451 7.0554 0.375
-0.0086 6.8962 0.673
-0.0454 6.8131 0.486
-0.0383 6.7923 0.457
-0.0913 6.8615 0.053
-0.1076 6.9862 0.228
-0.0571 6.8546 0.500
-0.0938 7.0692 0.050
-0.0737 7.0623 0.313
-0.0670 6.8823 0.395
-0.0386 7.3392 0.440
0.0323 6.9931 0.933
-0.0358 6.7854 0.574
-0.0692 6.8962 0.330
-0.0981 7.0831 0.129
-0.0643 7.0415 0.238
-0.0534 6.8131 0.342
-0.0384 6.7715 0.409
0.0179 7.0208 1.000
-0.0493 6.8338 0.317
-0.0699 7.0900 0.337
-0.0237 7.1592 0.520
-0.0997 7.0000 0.027
-0.0952 6.8823 0.000
-0.0183 7.1938 0.625
0.1214 6.9931 0.986
-0.0531 7.2631 0.289
-0.0883 7.0762 0.125
-0.0318 7.1108 0.621
-0.0407 6.9723 0.409
-0.0080 6.9862 0.288
-0.0724 7.0831 0.283
-0.1122 6.9931 0.197
-0.0631 7.1177 0.430
-0.0517 6.9862 0.383
-0.1068 7.0415 0.101
-0.0148 7.0208 0.673
-0.0581 6.9308 0.346
-0.1004 7.0415 0.200
-0.0929 6.8962 0.020
-0.0183 7.0415 0.531
0.0160 7.0138 1.000
-0.0933 7.0900 0.000
-0.0468 6.8200 0.514
0.0229 6.9792 0.928
-0.0473 6.6469 0.341
-0.0900 6.9031 0.000
-0.0949 7.1108 0.062
-0.0457 6.8408 0.419
-0.0401 6.9100 0.230
-0.0473 6.9723 0.360
-0.0058 7.0000 0.895
-0.0901 7.0208 0.000
-0.0587 7.1454 0.313
-0.0746 7.0138 0.322
-0.0641 7.0277 0.225
-0.0759 6.9446 0.225
-0.0209 6.7992 0.601
-0.0307 7.2008 0.512
-0.0350 6.8269 0.618
-0.0978 7.1523 0.046
-0.1044 7.0623 0.036
-0.0016 6.9723 0.627
-0.0918 6.7992 0.000
-0.0129 6.9446 0.301
-0.0875 7.0346 0.086
-0.0405 6.8338 0.445
-0.0259 6.9792 0.500
-0.0754 7.0554 0.197
-0.0875 7.0415 0.000
-0.0858 7.0692 0.169
-0.0654 6.8546 0.207
-0.0468 7.0208 0.298
-0.0045 6.9515 0.858
-0.0360 7.1800 0.443
-0.0413 7.1869 0.419
-0.0403 7.0277 0.560
-0.0933 6.9308 0.000
0.0241 7.0415 0.913
-0.0107 6.9723 0.657
-0.0440 6.8546 0.461
-0.0146 7.1523 0.582
-0.0754 6.8477 0.294
0.1306 7.0069 1.000
-0.0520 6.7577 0.407
-0.0482 7.0969 0.430
-0.0574 7.0138 0.476
-0.0348 7.2077 0.510
-0.0149 7.0969 0.517
-0.0616 6.9238 0.467
-0.0230 7.0900 0.762
-0.0422 6.7369 0.399
-0.0689 7.1454 0.221
-0.0681 7.0346 0.223
-0.0943 7.1731 0.015
-0.0325 6.9792 0.483
-0.0276 7.1315 0.503
-0.0826 6.9100 0.442
-0.0872 6.9862 0.184
-0.0323 7.1523 0.570
-0.0301 7.1315 0.464
-0.0255 7.1038 0.598
-0.0618 7.2285 0.365
-0.0326 6.7438 0.550
-0.0060 7.0623 0.750
-0.0005 7.0346 0.734
-0.0632 6.9308 0.292
-0.0157 6.8546 0.565
-0.1225 6.9862 0.176
-0.0524 6.8823 0.404
-0.0558 6.7923 0.295
-0.0920 7.2700 0.005
-0.0516 7.1108 0.318
-0.0464 7.1038 0.421
-0.0615 6.9585 0.382
-0.0263 6.9862 0.526
-0.0199 6.8823 0.758
-0.0726 7.0692 0.086
-0.0458 6.8685 0.459
-0.0325 7.0415 0.531
-0.0242 7.1662 0.681
-0.0211 6.8615 0.574
-0.1074 7.0623 0.128
-0.0335 7.0208 0.606
-0.0078 6.9308 0.603
-0.0433 6.8962 0.445
-0.0439 6.7508 0.341
-0.0512 7.0415 0.464
-0.0480 6.9862 0.358
-0.0163 6.8615 0.526
-0.0450 7.1592 0.368
-0.0189 7.0969 0.572
-0.0053 7.0277 0.688
-0.0539 7.1662 0.300
-0.0454 7.0762 0.431
-0.0753 7.0831 0.224
-0.0872 6.9169 0.032
-0.0196 7.0900 0.753
-0.0918 6.8338 0.000
-0.0716 6.8754 0.281
-0.0417 7.1592 0.375
-0.0451 6.9792 0.380
-0.0281 7.2077 0.526
-0.0691 6.9792 0.303
-0.0535 6.9585 0.290
-0.0760 6.9031 0.433
-0.0498 7.0138 0.462
-0.1123 6.9723 0.111
-0.0876 6.9031 0.191
-0.0224 7.0762 0.707
-0.0023 7.0554 0.880
-0.0093 6.9931 0.798
-0.0498 6.9169 0.310
-0.0097 7.0762 0.649
-0.0646 7.0000 0.291
-0.0742 6.8823 0.207
-0.0460 6.9723 0.544
-0.0699 6.9238 0.234
-0.0367 7.0277 0.473
-0.1009 6.9031 0.053
-0.0670 6.8685 0.414
-0.0466 6.6608 0.344
-0.0041 7.0415 0.402
-0.0833 6.9238 0.247
-0.0757 6.8754 0.089
-0.0926 7.2908 0.000
-0.0952 7.2146 0.048
-0.0554 6.8408 0.378
-0.0957 7.0346 0.074
-0.0440 6.7923 0.433
-0.0837 6.9585 0.236
-0.0490 6.8477 0.404
-0.0258 6.9585 0.796
-0.0427 6.9308 0.512
-0.0312 7.1246 0.428
0.0107 6.9931 0.952
-0.0030 6.9446 0.868
-0.0293 6.8131 0.467
-0.0290 7.0069 0.582
-0.0136 6.9862 0.613
-0.0933 6.8685 0.000
-0.0229 6.9654 0.562
-0.0418 7.0692 0.550
-0.0313 7.1938 0.471
-0.0861 6.8892 0.010
-0.1248 6.9931 0.306
-0.1110 7.0000 0.150
-0.0795 7.0900 0.394
-0.0442 6.8062 0.389
0.0160 7.0623 1.000
-0.0981 7.2769 0.000
-0.0931 6.8062 0.103
0.0513 7.0000 1.000
-0.0452 7.2908 0.454
-0.0548 6.7715 0.205
0.0434 7.0208 0.645
-0.0515 6.9308 0.421
-0.0303 7.0969 0.526
-0.0160 7.1731 0.555
-0.0038 6.9723 0.849
-0.0141 7.1038 0.613
-0.0230 7.0069 0.709
-0.0988 7.1246 0.065
-0.0061 6.9792 0.853
-0.0481 7.1108 0.342
-0.0261 7.0762 0.570
-0.0496 6.8892 0.382
-0.0496 6.6677 0.348
-0.0314 7.0000 0.488
0.1519 7.0000 1.000
-0.0213 7.1523 0.731
-0.0889 7.1592 0.012
-0.0375 6.8546 0.721
-0.1215 7.0208 0.238
-0.0056 7.0346 0.675
-0.0458 6.9308 0.375
-0.0372 7.2008 0.416
-0.0844 7.0969 0.253
-0.0395 6.9446 0.409
-0.0976 6.9515 0.015
-0.0941 7.2285 0.000
-0.0347 7.1385 0.462
-0.0509 6.9931 0.309
-0.0239 6.9308 0.503
-0.0495 6.8131 0.392
-0.0438 6.6815 0.503
-0.1048 7.1315 0.063
-0.0516 7.0623 0.587
0.0287 7.0208 1.000
-0.1085 6.9515 0.092
-0.0878 6.8892 0.000
-0.0544 6.9723 0.378
-0.0794 6.9654 0.000
-0.0320 7.0623 0.478
-0.0401 6.8269 0.394
0.1816 7.0069 1.000
-0.0702 6.9377 0.327
0.0651 7.0000 0.692
0.0195 7.0000 1.000
-0.0269 6.8062 0.517
0.1867 7.0000 1.000
-0.0480 7.2700 0.440
-0.0784 7.0554 0.180
-0.0041 7.0831 0.866
-0.0899 6.9446 0.000
-0.0248 7.1523 0.577
-0.0473 6.9446 0.452
0.1150 7.0000 0.938
-0.0211 6.8892 0.524
-0.0214 6.8269 0.621
-0.0512 7.2285 0.669
-0.0381 6.9238 0.514
-0.0207 6.8200 0.633
-0.0666 6.9862 0.221
-0.0541 7.0485 0.302
-0.0424 7.0485 0.447
-0.0772 7.0692 0.091
-0.0530 6.8408 0.304
-0.0608 7.1869 0.278
-0.0310 7.0485 0.683
-0.0110 6.9931 0.601
0.0212 7.0277 1.000
-0.0229 7.1038 0.770
-0.0289 7.1454 0.514
-0.0375 6.7300 0.486
-0.1258 7.0000 0.276
-0.0557 7.1177 0.402
-0.0477 7.0346 0.341
-0.0334 6.9585 0.584
-0.0239 7.0831 0.644
-0.0452 7.2631 0.368
-0.0450 6.7646 0.717
-0.0586 7.2008 0.261
0.0057 6.9654 0.337
-0.0153 7.1869 0.301
0.0294 6.9792 1.000
-0.0925 7.2838 0.000
-0.0392 7.1385 0.449
-0.0593 6.9031 0.438
-0.0186 6.9792 0.743
-0.0750 7.0485 0.079
-0.0177 7.0000 0.750
-0.0278 7.1731 0.589
-0.0245 6.9515 0.659
0.0112 7.0000 0.669
0.0982 7.0000 0.928
-0.0390 6.7023 0.395
-0.0497 7.2908 0.450
-0.0478 6.7508 0.425
-0.0325 6.7923 0.611
-0.0590 6.7923 0.443
-0.0409 6.8477 0.454
-0.0833 7.0900 0.287
-0.0905 6.8131 0.058
-0.0407 6.9792 0.402
-0.0394 6.8754 0.397
-0.1022 7.0069 0.166
-0.0393 7.2285 0.431
-0.0634 6.9515 0.291
-0.0131 7.0346 0.700
-0.0880 7.2146 0.140
-0.0259 6.9654 0.493
-0.0115 7.0415 0.753
-0.0930 6.9862 0.003
-0.0789 7.0762 0.428
-0.0930 7.2008 0.000
-0.0444 6.8823 0.452
-0.0956 7.1662 0.000
-0.0278 7.1108 0.584
0.0014 7.0208 0.377
-0.0906 6.8754 0.039
-0.0580 7.0485 0.356
-0.0729 6.8823 0.180
-0.0766 7.0969 0.250
-0.0695 7.1108 0.282
-0.0860 6.9931 0.176
0.0296 6.9862 0.599
-0.0727 7.0138 0.255
-0.0589 7.0900 0.311
-0.1024 6.9654 0.147
-0.0512 7.2215 0.515
-0.0282 7.0415 0.491
-0.0488 7.0277 0.486
-0.0451 7.0900 0.414
-0.0373 7.3185 0.738
-0.0099 6.9792 0.611
-0.0240 7.1177 0.372
-0.0801 7.1177 0.192
-0.0398 6.8062 0.377
-0.0728 6.9100 0.373
-0.0926 7.2354 0.013
-0.0373 7.1523 0.413
-0.0942 7.1938 0.015
-0.0627 7.1662 0.366
-0.0990 6.8546 0.058
-0.0528 6.9169 0.570
-0.0922 7.1592 0.000
-0.0481 7.3185 0.385
-0.0661 7.0000 0.473
-0.0830 7.1177 0.148
-0.0944 6.7438 0.009
-0.0744 7.1177 0.091
-0.0372 6.9931 0.651
-0.0350 7.0969 0.407
-0.0771 7.0969 0.202
0.0009 7.0000 0.334
-0.0353 6.9238 0.550
-0.1500 7.0000 0.238
-0.0772 7.0277 0.190
-0.1670 7.0000 0.166
-0.0292 6.8892 0.692
-0.0644 7.1731 0.457
-0.0374 7.2769 0.380
-0.0276 7.0831 0.717
-0.0909 6.9100 0.000
-0.0494 7.0415 0.411
-0.0878 7.1869 0.262
-0.0346 7.1938 0.485
-0.0290 6.8200 0.507
-0.0615 7.1246 0.399
-0.0636 6.9862 0.527
-0.0843 7.0554 0.430
-0.0155 7.1246 0.627
-0.1020 7.2008 0.044
-0.0721 7.0623 0.154
-0.0036 7.0900 0.861
-0.0484 6.7023 0.330
-0.0837 6.9931 0.194
0.0139 6.9515 1.000
0.0144 7.0138 1.000
-0.1035 6.9931 0.073
-0.0870 6.9515 0.000
-0.0222 7.0346 0.526
-0.0590 7.2423 0.271
-0.0713 6.9515 0.253
-0.1017 6.8131 0.040
-0.0194 7.1246 0.582
-0.0651 7.0900 0.272
-0.0764 6.8200 0.193
-0.0795 6.8962 0.206
-0.0582 6.9238 0.313
-0.0888 6.8962 0.000
-0.0933 6.7092 0.000
-0.0598 7.1038 0.390
-0.0511 6.9100 0.314
0.1440 7.0000 1.000
-0.0186 7.0138 0.906
-0.0077 6.9377 0.806
-0.1071 6.9308 0.117
-0.0371 7.0623 0.570
-0.0991 6.8062 0.033
-0.0577 6.8338 0.368
-0.0519 6.8477 0.402
-0.1052 6.8823 0.074
-0.0822 7.0208 0.461
-0.0506 7.1662 0.320
-0.0502 6.7854 0.486
-0.0576 6.9446 0.299
-0.0991 6.9515 0.003
-0.0304 6.9792 0.543
-0.0370 7.0000 0.514
-0.1000 6.8269 0.022
-0.0991 7.1108 0.051
-0.0441 7.2838 0.418
-0.0525 6.9238 0.332
-0.0271 7.1800 0.774
-0.0382 6.8131 0.577
-0.0073 7.0138 0.611
-0.0304 7.0346 0.490
-0.0339 7.0554 0.462
-0.0906 7.0692 0.257
-0.0993 6.8200 0.221
-0.0466 6.6677 0.349
-0.0754 7.0692 0.311
-0.1077 7.0208 0.107
-0.1007 6.8962 0.022
-0.0290 7.1800 0.582
-0.0632 7.1385 0.478
-0.0676 7.0554 0.440
-0.0571 7.1592 0.416
-0.0894 6.8823 0.000
-0.0476 6.9585 0.409
-0.0664 7.0208 0.337
-0.0852 6.9792 0.158
-0.0628 6.9100 0.281
-0.0485 6.8408 0.440
-0.0596 6.9862 0.291
-0.0318 7.0900 0.592
-0.0995 6.9792 0.000
-0.0213 6.7923 0.678
-0.0273 7.1454 0.632
-0.0575 6.8200 0.275
-0.0300 6.9585 0.608
-0.0130 6.9377 0.690
-0.0889 7.1385 0.077
-0.1160 6.9931 0.193
-0.0588 7.0623 0.348
-0.0537 7.1523 0.416
-0.0439 7.2146 0.426
-0.0324 7.0762 0.449
-0.0457 7.3254 0.365
-0.0999 7.0900 0.000
-0.0215 7.1315 0.510
-0.0451 7.2769 0.443
-0.0362 7.2700 0.500
-0.0897 7.1038 0.067
-0.0517 7.0069 0.502
-0.0601 6.9723 0.255
-0.0161 6.9723 0.829
-0.0558 6.8892 0.363
-0.0900 6.7854 0.144
-0.0546 7.2562 0.294
0.0128 7.0346 1.000
-0.0960 7.0623 0.046
-0.0530 7.2077 0.278
-0.0373 7.3046 0.502
-0.0706 7.0208 0.296
-0.0151 6.8338 0.853
-0.1100 7.0277 0.101
-0.0824 6.9446 0.266
0.1947 6.9931 1.000
-0.0087 7.0692 0.791
-0.0166 6.9377 0.546
-0.0936 7.0485 0.375
-0.0754 7.0415 0.134
-0.0653 7.0623 0.211
-0.0678 7.0969 0.257
-0.0290 6.8962 0.531
-0.0423 7.0831 0.253
-0.1037 7.0762 0.247
-0.1018 6.9308 0.084
-0.0306 6.8408 0.491
-0.0008 7.0208 0.887
-0.0473 7.2146 0.349
-0.0984 7.0969 0.000
-0.0422 6.9654 0.541
-0.0392 6.9792 0.423
-0.0914 7.0969 0.063
-0.0366 6.9308 0.603
-0.0015 6.9931 0.382
-0.0583 6.8062 0.380
-0.0843 7.1246 0.211
-0.0539 6.7646 0.329
-0.0144 6.9446 0.532
-0.0311 7.0277 0.555
-0.0424 7.0346 0.467
-0.0667 6.8754 0.228
-0.0984 6.8477 0.000
-0.0305 6.9377 0.486
-0.0327 6.8338 0.481
-0.1155 7.0069 0.176
-0.0597 6.9308 0.297
-0.0166 7.0623 0.546
-0.0580 7.0000 0.250
-0.0637 7.0554 0.262
-0.1086 7.0692 0.071
0.1016 7.0069 0.931
0.0075 7.0346 0.955
-0.0231 7.0208 0.668
-0.0203 6.7715 0.772
-0.0491 7.1523 0.390
-0.0978 6.8546 0.000
-0.0916 6.7785 0.000
-0.0558 7.2146 0.490
-0.0555 6.9862 0.279
-0.0929 7.0277 0.010
-0.1007 6.9723 0.119
-0.0866 7.0138 0.223
-0.0394 6.9585 0.447
-0.0150 7.0831 0.555
-0.1032 7.0000 0.073
-0.0714 7.1731 0.342
-0.0767 7.0485 0.265
-0.0369 7.0415 0.495
-0.0900 6.8338 0.017
-0.0733 7.0277 0.151
-0.1018 6.9238 0.000
-0.0530 6.7508 0.450
-0.0896 6.9377 0.038
-0.0935 7.2423 0.000
-0.0418 6.8062 0.491
-0.0100 6.9446 0.664
-0.0309 7.0415 0.621
-0.0598 6.8754 0.491
-0.1138 6.9792 0.252
-0.0522 6.8062 0.428
-0.0353 7.0000 0.520
-0.0144 6.9585 0.865
-0.0362 6.8477 0.531
-0.0631 6.8615 0.320
-0.0445 6.9862 0.455
-0.1103 7.0485 0.146
-0.0762 6.8269 0.221
-0.0508 6.7923 0.313
-0.0332 6.8615 0.772
-0.0222 6.8615 0.517
0.0237 7.0069 1.000
-0.0735 6.8892 0.087
-0.0976 7.0900 0.000
-0.0348 6.8131 0.454
-0.0483 7.3323 0.502
-0.0491 7.3115 0.382
-0.0870 7.0831 0.166
0.1307 7.0000 1.000
-0.0087 6.9031 0.717
-0.0978 7.0692 0.211
-0.0271 7.1177 0.664
-0.0994 6.7992 0.000
-0.0704 6.8477 0.000
-0.0693 6.9792 0.108
-0.0496 7.0069 0.413
-0.0465 7.0415 0.459
-0.0271 6.8131 0.837
-0.0937 7.2077 0.040
-0.1014 7.0692 0.074
-0.0626 6.8685 0.305
-0.0180 7.0554 0.849
0.1992 7.0138 1.000
-0.0425 6.9238 0.498
-0.0132 6.9792 0.430
-0.0004 7.0138 0.380
-0.1067 6.9931 0.071
-0.0333 6.9169 0.360
-0.0965 6.8062 0.000
-0.0504 7.2769 0.313
-0.1021 7.0277 0.171
-0.0128 6.9515 0.592
-0.0353 6.8200 0.539
-0.0203 6.9031 0.567
-0.0958 6.9308 0.000
-0.0838 6.9377 0.118
-0.0443 6.9931 0.372
-0.0198 7.1177 0.859
-0.0272 7.0277 0.520
-0.0349 6.9723 0.447
-0.0617 6.7577 0.390
-0.0889 6.8269 0.144
-0.0752 7.1454 0.214
-0.0261 7.2008 0.563
-0.1028 7.0900 0.017
-0.0994 7.1315 0.039
-0.0010 7.0069 0.584
-0.0487 7.0623 0.402
-0.0536 6.8615 0.317
-0.0956 7.2354 0.000
-0.0297 6.9308 0.582
-0.0123 7.0762 0.555
-0.0482 6.9031 0.330
-0.0412 7.0415 0.466
-0.0996 6.9169 0.156
-0.0668 7.1246 0.346
-0.0959 6.8754 0.000
-0.1042 7.0415 0.044
-0.0959 6.8685 0.175
-0.0784 7.0623 0.328
-0.0371 7.0969 0.471
-0.0152 6.9238 0.847
-0.0127 7.0692 0.729
-0.0955 6.9169 0.029
-0.1003 6.7923 0.022
-0.0907 7.1108 0.011
-0.0662 6.9169 0.238
-0.0887 6.8546 0.015
0.0089 6.9792 0.678
-0.1010 7.1523 0.014
-0.0067 7.1177 0.871
0.0172 6.9723 0.938
-0.0987 7.1038 0.173
0.1652 7.0069 1.000
-0.1183 7.0000 0.127
-0.0510 7.2146 0.302
-0.0146 7.0485 0.577
-0.0803 7.0831 0.245
0.0257 6.9654 0.781
-0.0392 7.1662 0.656
-0.1009 6.8685 0.127
-0.0287 6.9515 0.551
-0.0212 6.8131 0.762
-0.1574 7.0069 0.151
-0.0102 6.9515 0.628
0.1568 7.0069 1.000
-0.0602 6.7646 0.257
-0.0323 6.8062 0.555
-0.0485 6.6608 0.360
-0.0266 6.8685 0.599
-0.0726 7.1662 0.438
-0.0233 7.0485 0.534
-0.0364 6.8200 0.699
-0.0526 7.0000 0.344
-0.0413 6.9169 0.520
-0.0771 6.9238 0.263
-0.0893 6.9515 0.300
-0.0771 6.9931 0.282
-0.0486 7.3254 0.490
0.0157 7.0554 0.928
-0.0748 6.9654 0.228
-0.0380 7.0485 0.426
-0.0907 6.8477 0.046
-0.0607 6.9446 0.372
-0.1238 7.0277 0.214
-0.0432 6.8200 0.459
-0.0481 6.9792 0.471
-0.0468 7.1523 0.478
-0.0438 7.2423 0.346
-0.0076 7.0623 0.801
0.0136 7.0554 0.943
-0.0343 7.2492 0.512
-0.0361 7.1038 0.366
-0.0487 7.0762 0.397
-0.0353 6.9100 0.421
-0.0424 7.2423 0.609
-0.0332 7.2008 0.570
-0.0249 6.9031 0.527
-0.0423 6.9931 0.461
-0.0320 6.8685 0.538
-0.0466 7.2008 0.351
-0.0205 6.8408 0.531
-0.0502 7.1385 0.421
-0.0199 7.1454 0.558
0.2009 7.0138 1.000
-0.0552 6.9723 0.382
0.0024 6.9931 0.889
-0.0476 6.7231 0.330
-0.0776 6.9515 0.247
-0.0971 7.1731 0.027
-0.0944 7.0346 0.049
-0.0698 7.1315 0.188
-0.0903 7.0623 0.000
-0.0964 7.1454 0.000
-0.0346 6.7785 0.363
-0.0438 7.1800 0.529
-0.0946 7.0000 0.257
0.0252 7.0208 1.000
-0.0508 6.8062 0.339
-0.0428 6.9515 0.390
-0.1062 7.0138 0.236
-0.0382 6.9723 0.435
-0.0299 6.9238 0.666
-0.0038 6.9862 0.762
-0.0495 6.7715 0.431
-0.0473 6.9377 0.377
-0.0170 6.9515 0.702
-0.1545 7.0000 0.304
-0.0057 7.0069 0.829
-0.0713 7.0277 0.249
-0.0374 7.1731 0.437
0.0245 7.0485 1.000
-0.0699 7.0346 0.392
-0.0236 6.9238 0.606
-0.0598 7.1592 0.360
-0.0482 7.1800 0.341
-0.0028 7.0277 0.841
-0.0641 7.1246 0.282
-0.0360 6.7992 0.467
0.0533 7.0069 1.000
0.0062 7.0277 0.801
-0.0656 6.9585 0.349
-0.0912 6.9723 0.000
-0.0454 6.7162 0.385
-0.0735 7.0346 0.428
-0.0083 6.9654 0.546
-0.0479 6.7785 0.678
-0.0983 7.0485 0.138
-0.0368 7.0900 0.461
-0.0502 7.3392 0.457
0.0065 7.0415 0.316
-0.0792 6.9446 0.479
-0.0215 6.8408 0.524
-0.0771 6.9723 0.330
-0.0163 6.8685 0.603
0.0129 7.0000 0.969
-0.1025 7.1385 0.211
-0.0489 7.2631 0.401
-0.0421 7.2631 0.705
-0.0441 6.9585 0.402
-0.1006 7.1177 0.174
-0.0490 7.1315 0.313
-0.0337 7.0623 0.603
-0.0472 6.9515 0.428
-0.0748 6.8615 0.142
-0.1119 7.0208 0.264
-0.0581 7.2423 0.495
-0.0623 7.0692 0.305
0.0417 7.0069 0.734
-0.0541 6.7438 0.300
0.0459 7.0069 1.000
-0.0798 6.9377 0.027
-0.0454 7.0969 0.440
-0.0313 7.1731 0.664
0.0368 7.0000 0.955
-0.0728 7.1523 0.245
-0.0375 7.1177 0.404
-0.0932 6.9031 0.082
-0.1022 7.0623 0.000
-0.1179 7.0069 0.276
-0.0453 6.9377 0.368
0.0134 7.0277 0.976
-0.0490 6.6815 0.406
0.0420 6.9792 0.878
-0.0431 6.8823 0.416
0.0121 7.0069 0.926
-0.0892 6.9238 0.230
-0.0804 6.8823 0.120
-0.0540 6.9031 0.337
-0.0917 7.2977 0.000
-0.0553 6.9654 0.342
-0.0317 6.8269 0.493
-0.0303 6.7992 0.568
0.1411 7.0069 1.000
-0.0192 7.2285 0.548
-0.0972 7.2700 0.126
-0.0695 7.0554 0.299
-0.0199 6.7646 0.710
0.0223 7.0415 1.000
-0.0387 6.9377 0.431
-0.0839 7.0415 0.000
-0.0694 7.1385 0.322
-0.0956 7.1315 0.000
-0.0286 6.8754 0.586
0.0125 6.9792 0.580
-0.0521 6.8892 0.298
-0.0581 7.1523 0.378
0.0078 7.0208 0.863
-0.0450 7.3323 0.361
-0.0731 6.9792 0.187
0.0378 7.0069 1.000
-0.0558 6.9792 0.274
-0.0729 7.1454 0.486
-0.0421 7.1246 0.377
-0.0948 6.7854 0.036
-0.0550 7.1315 0.325
-0.0368 6.6746 0.425
0.0609 7.0000 0.926
-0.0667 6.9515 0.290
-0.0690 7.0277 0.404
-0.0996 7.1938 0.025
-0.1042 6.9377 0.074
-0.0249 7.1454 0.635
-0.0236 6.9792 0.502
-0.0949 7.1177 0.000
-0.0252 7.0692 0.603
-0.0706 7.1246 0.166
-0.0668 6.9654 0.401
-0.0203 6.7854 0.604
0.1834 6.9931 1.000
-0.0533 6.7300 0.423
-0.0443 6.7300 0.464
-0.0641 6.9723 0.401
-0.1115 6.9862 0.152
-0.0479 6.8546 0.387
-0.0390 7.0692 0.378
-0.0998 6.9446 0.048
-0.0669 7.0069 0.271
0.0159 7.0000 0.924
-0.0365 7.1038 0.572
-0.0781 7.0069 0.090
-0.0831 7.0554 0.140
-0.0101 7.0415 0.849
-0.0353 7.2215 0.435
-0.0495 6.8823 0.324
-0.0097 7.0969 0.810
-0.0464 6.8269 0.438
-0.0649 6.9931 0.356
-0.1012 7.0208 0.209
-0.0314 6.8754 0.481
-0.0250 6.8823 0.397
-0.0142 7.0554 0.604
-0.0540 7.1246 0.308
-0.0574 7.1938 0.292
0.0092 7.0069 0.572
-0.0347 7.2285 0.140
-0.0046 6.9308 0.252
-0.0613 6.9100 0.342
-0.0386 6.8962 0.842
-0.0200 6.8477 0.663
-0.0189 6.8062 0.334
-0.0356 7.0900 0.649
-0.0931 6.9585 0.000
-0.0719 6.9654 0.365
-0.0213 6.9515 0.594
-0.0364 7.2492 0.493
-0.0514 7.0346 0.644
-0.0833 6.9723 0.348
-0.0261 6.9308 0.621
0.0237 7.0138 1.000
-0.1086 7.0277 0.142
-0.0940 6.7231 0.010
-0.0470 6.7231 0.409
-0.0983 6.9654 0.042
0.0276 7.0138 0.847
0.0483 7.0000 1.000
-0.0362 6.7438 0.553
-0.0684 7.0900 0.493
-0.0393 6.8615 0.389
-0.0344 6.9377 0.476
-0.0866 6.9308 0.000
-0.0975 7.0138 0.245
-0.0941 6.9377 0.022
-0.0624 6.9792 0.450
-0.0333 6.8062 0.532
-0.0180 6.8685 0.582
-0.1139 8.0208 0.341
-0.0947 8.0485 0.814
-0.0960 7.9723 0.336
-0.0603 8.1973 0.578
-0.0537 7.9723 0.304
-0.0460 8.1938 0.286
-0.0556 7.8615 0.360
-0.0433 8.0519 0.818
-0.0476 8.1315 0.301
0.1364 7.9896 0.072
-0.0552 8.0658 0.909
-0.0572 7.9342 0.922
-0.0522 8.2735 0.311
-0.0594 7.9065 0.000
-0.0456 8.0623 0.863
-0.0871 8.0450 0.646
-0.0616 7.9896 1.000
-0.0459 8.2977 0.883
-0.0427 7.8719 0.877
-0.0779 8.0727 0.404
-0.0558 8.0381 0.333
-0.0478 7.7023 0.283
-0.0455 7.9204 0.743
-0.0617 7.9342 0.327
-0.0373 8.0381 0.760
0.0646 8.0000 0.000
-0.1528 7.9965 0.472
-0.0699 7.9273 0.367
-0.0449 7.6573 0.802
-0.0844 8.0588 0.643
0.1363 8.0173 0.113
-0.0766 7.9238 0.871
-0.1391 8.0000 0.426
-0.1419 8.0035 0.730
-0.0626 8.0554 0.388
-0.0579 8.1627 1.000
-0.0756 7.9135 0.425
-0.0734 8.0519 0.462
-0.0455 7.7438 0.713
-0.0546 8.0623 0.349
-0.0445 7.7785 0.293
-0.0827 7.9065 0.465
-0.0726 8.0554 0.469
-0.0578 7.8165 0.353
-0.1069 7.9654 0.578
-0.0609 8.2562 0.660
-0.0598 7.7854 0.265
-0.0527 7.8269 1.000
-0.0455 7.9862 0.811
-0.0498 7.9619 0.296
-0.0564 8.1038 0.996
-0.0615 8.0277 0.564
-0.0392 8.0762 0.690
-0.0462 7.6746 0.902
-0.0988 8.0208 0.414
-0.0869 8.0554 0.395
0.0178 8.0069 0.000
-0.0579 7.8027 1.000
0.0113 7.9688 0.088
-0.0895 7.9862 0.438
-0.0654 8.1488 0.275
-0.0481 8.3081 0.835
-0.0479 7.7750 0.970
-0.0866 8.0762 0.398
-0.0324 7.9965 0.172
0.1494 7.9965 0.000
-0.0064 7.9965 0.133
-0.0658 7.9862 0.426
0.0233 8.0138 0.026
-0.0426 8.2146 0.750
-0.0704 8.0415 0.691
-0.0805 7.9481 0.450
-0.0806 7.9862 0.379
-0.1652 8.0035 0.421
-0.0680 7.9238 0.397
-0.0465 8.2077 0.887
-0.0634 7.9204 0.576
-0.0751 8.0519 0.236
-0.0593 7.9238 0.404
-0.0529 8.2319 0.254
-0.0536 8.1938 0.333
-0.0716 8.0000 0.632
0.0306 7.9723 0.002
-0.1402 7.9931 0.320
-0.0697 8.1073 0.370
-0.0165 8.0173 0.713
-0.0431 8.1038 0.847
-0.1329 7.9896 0.333
-0.0715 8.1142 0.502
-0.0965 8.0173 0.419
-0.0430 7.9446 0.627
-0.0496 7.9931 0.300
-0.0656 8.0277 0.377
-0.0594 7.9100 0.829
-0.0279 8.0138 0.166
-0.0583 8.2285 0.568
-0.0446 7.9377 0.858
-0.0855 7.9515 0.392
-0.0455 7.9654 0.173
-0.0942 7.9758 0.417
-0.0053 8.0000 0.141
-0.0793 7.9619 0.442
-0.0708 8.0346 0.368
-0.0448 7.9169 0.878
-0.0698 8.1523 0.286
-0.0467 7.9065 0.935
-0.0419 8.1869 0.271
-0.0555 8.0104 0.357
-0.1199 8.0000 0.372
-0.1513 8.0000 0.363
-0.0733 7.9204 0.700
-0.0526 7.6919 0.259
-0.0815 8.0381 0.824
-0.1022 7.9654 0.462
-0.1258 7.9827 0.508
-0.0798 7.9585 0.414
-0.0479 8.2354 0.252
-0.0714 8.0969 0.405
-0.0523 7.6850 0.354
-0.1003 7.9377 0.426
-0.0459 8.0935 0.881
0.0159 7.9931 0.000
-0.0442 7.8685 0.893
-0.0729 7.9827 0.699
-0.1209 8.0415 0.503
-0.0644 8.1731 0.289
-0.0403 8.1004 0.162
-0.0487 7.8200 0.213
-0.0741 8.1004 0.460
-0.0838 8.0415 0.383
-0.0535 8.2250 0.252
-0.0667 8.0450 0.449
-0.0905 7.9792 0.778
-0.0831 7.9412 0.651
-0.0449 7.6538 0.246
-0.0800 7.9758 0.532
0.0177 7.9792 0.712
-0.0917 8.0346 0.421
-0.0725 7.8962 0.690
-0.0422 7.8442 0.198
-0.0571 7.8027 1.000
-0.0644 7.9238 0.227
-0.0474 7.8615 0.225
0.1538 7.9896 0.000
-0.0769 8.0485 0.335
-0.0645 7.8546 0.616
-0.0645 7.9896 0.209
-0.1080 8.0208 0.455
-0.0674 8.0969 1.000
-0.0417 8.1835 0.766
-0.0913 8.0658 0.366
0.0278 7.9758 0.205
0.0170 7.9654 0.000
-0.0661 7.9100 0.411
-0.0451 8.0381 0.237
-0.0617 7.9446 0.762
-0.0427 8.0069 0.757
-0.0671 8.0692 0.576
-0.0488 8.1073 0.967
-0.0410 8.0381 0.247
0.1446 7.9931 0.051
-0.0495 7.6746 0.937
-0.0583 8.1315 1.000
0.0108 7.9931 0.115
-0.0545 8.2700 0.364
-0.0702 8.0242 0.420
-0.0810 7.9446 0.419
-0.0920 8.0485 0.382
0.0371 7.9931 0.050
-0.0526 8.0277 0.984
-0.0983 7.9619 0.509
-0.0698 8.1696 0.344
-0.1424 8.0104 0.461
-0.0639 8.0173 0.351
-0.1050 8.0242 0.559
0.0455 7.9965 0.866
-0.0020 8.0104 0.126
-0.0485 7.9135 0.319
-0.0962 8.0346 0.741
-0.0154 7.9862 0.126
-0.0532 7.9758 0.644
-0.0700 8.0519 0.992
-0.0527 7.8996 0.665
-0.1585 7.9965 0.441
-0.0464 8.0658 0.797
-0.0435 8.2008 1.000
-0.0648 8.1038 0.287
-0.0810 8.0208 0.391
-0.0428 8.0831 0.865
0.0058 7.9931 0.798
-0.0461 7.8719 0.891
-0.0783 8.0692 0.343
-0.0460 8.2388 0.882
-0.0498 8.0485 0.909
-0.0675 7.8581 0.364
-0.1043 8.0588 0.362
-0.0636 7.9481 1.000
-0.0744 7.9308 0.413
-0.0950 7.9688 0.617
-0.0507 8.0831 0.302
-0.0918 8.0727 0.353
-0.0765 7.9965 0.393
-0.0754 7.9862 0.749
-0.0646 7.8338 0.224
-0.0889 7.9827 0.684
-0.0765 7.9654 0.628
-0.0510 8.1281 0.924
-0.0482 7.6677 0.895
-0.0622 8.0104 0.404
-0.1108 7.9792 0.390
-0.0337 7.9931 0.656
-0.1038 8.0069 0.310
-0.0481 7.8027 0.280
-0.0799 8.0312 0.425
0.0993 8.0000 0.125
-0.0557 7.9827 0.346
-0.0555 8.1869 0.259
-0.0666 8.0346 0.346
-0.0586 7.7508 0.309
-0.0572 8.2423 0.499
-0.0855 8.0727 0.551
-0.0487 8.3185 0.864
-0.0743 7.9654 0.446
-0.0512 7.9065 0.659
-0.0851 7.9342 0.354
-0.0843 7.9654 0.316
-0.0723 8.0242 0.756
-0.0511 7.6815 0.326
-0.0822 8.1142 0.385
-0.0374 8.0346 0.795
-0.1161 7.9758 0.311
-0.0475 8.2250 0.278
-0.0750 8.0623 0.731
-0.0522 8.2908 0.979
-0.0548 8.1073 0.803
0.1443 8.0035 0.017
-0.0441 8.0173 0.892
-0.1454 8.0035 0.481
-0.0024 8.0069 0.145
-0.0778 7.9585 0.624
-0.0700 8.0554 1.000
-0.0683 7.9412 0.638
-0.0599 7.9965 0.383
-0.0871 7.9446 0.362
-0.0513 7.7196 0.331
-0.0880 8.0415 0.373
-0.0691 8.1350 0.334
-0.1358 7.9758 0.476
-0.0734 8.0381 0.629
-0.0668 8.0762 0.345
-0.0610 8.0138 0.373
-0.0628 7.9550 0.721
-0.0042 7.9965 0.137
-0.0878 7.9550 0.458
-0.0543 8.1385 1.000
-0.0518 7.8962 0.309
-0.0605 8.2631 0.468
-0.0453 8.1662 1.000
-0.0664 8.1454 0.510
-0.0814 8.0865 1.000
-0.0581 7.7404 0.326
0.0290 8.0242 0.041
-0.0476 7.9412 0.287
-0.0427 8.1281 0.773
-0.1755 8.0035 0.456
-0.0882 7.9723 0.693
-0.1342 8.0000 0.415
-0.0703 8.0588 0.397
-0.0803 7.9965 0.417
-0.0564 7.8754 0.383
-0.0903 8.0277 0.426
-0.0602 7.9619 0.355
-0.0440 7.9204 0.891
-0.1433 8.0138 0.191
-0.0426 8.0242 0.773
-0.0062 8.0035 0.206
-0.1061 7.9585 0.452
-0.0906 7.9273 0.471
-0.0655 8.0831 0.501
-0.0819 8.0588 0.440
-0.0802 8.0104 0.384
-0.0967 8.0554 0.527
-0.0664 7.8373 0.329
-0.0472 7.8235 0.307
-0.1388 8.0138 0.431
-0.0539 8.1177 0.358
-0.0617 7.8788 1.000
-0.0491 8.0588 0.908
-0.0902 8.0381 0.383
-0.0332 7.9758 0.459
0.1559 8.0069 0.000
-0.0591 8.1558 0.230
-0.0425 7.9862 0.331
0.0168 7.9896 0.000
-0.0576 7.8131 0.302
-0.0942 7.9827 0.340
-0.0493 8.0727 0.227
-0.0546 8.0485 1.000
-0.1112 8.0138 0.323
-0.0630 8.1246 0.333
-0.0505 7.8788 0.850
-0.0892 7.9308 0.360
0.1562 8.0000 0.000
-0.0552 8.2873 0.313
-0.0483 7.7335 1.000
-0.0516 8.2077 0.491
-0.0482 8.2562 0.208
-0.0468 7.7508 0.201
-0.1666 7.9965 0.552
-0.0771 8.0658 0.354
-0.0468 7.9550 0.959
-0.1393 8.0277 0.441
-0.0389 8.0035 0.239
-0.0471 8.1904 0.921
-0.0906 8.0035 0.713
-0.0471 8.3462 0.317
-0.0936 8.0381 0.698
-0.0600 7.8650 0.377
-0.0460 8.0346 0.910
-0.0487 8.1835 0.961
-0.0823 8.0346 0.354
-0.0569 7.8996 0.521
-0.0368 8.0138 0.224
-0.0478 7.9688 0.890
-0.0880 8.0554 0.287
-0.0540 8.0277 0.212
-0.0474 8.0173 0.895
-0.0517 7.8027 0.716
-0.1437 8.0000 0.495
-0.0654 7.9412 0.386
-0.0397 8.0415 0.259
-0.0694 8.1385 0.417
-0.0245 8.0000 0.162
-0.0853 8.0312 0.425
-0.0723 8.0277 0.396
-0.1215 8.0381 0.435
-0.0544 7.7646 0.658
0.0192 7.9619 0.052
-0.0631 8.1765 0.373
-0.0521 7.9204 0.742
-0.0790 8.0900 0.390
-0.1109 8.0173 0.422
-0.0613 7.7369 0.359
-0.0215 8.0069 0.369
-0.0489 7.9965 0.939
-0.0434 7.8615 0.870
0.0279 7.9931 0.218
-0.0702 7.8892 0.317
-0.0760 8.0138 0.731
-0.0570 8.0935 0.307
-0.0415 7.7888 0.225
-0.0657 7.9342 0.736
-0.0557 8.0554 0.606
0.0268 8.0104 0.719
-0.0485 7.7196 0.325
-0.0553 7.8235 0.647
-0.0573 8.1488 0.348
-0.0894 7.9896 0.474
-0.0590 7.8927 1.000
-0.0422 8.1696 0.195
-0.0559 8.1904 0.797
-0.0808 7.9238 0.541
-0.0798 8.0000 0.443
0.1493 7.9896 0.000
-0.0652 8.0692 0.362
0.0210 8.0242 0.000
-0.0378 7.9965 0.783
-0.0572 8.2181 0.354
-0.0469 7.6919 0.969
-0.0511 8.0312 0.306
0.1326 8.0138 0.000
-0.0819 7.8858 0.435
-0.1078 7.9792 0.444
-0.0853 8.0658 0.516
-0.1659 8.0000 0.432
-0.1093 7.9550 0.692
-0.0684 8.0796 0.326
0.1392 8.0104 0.131
-0.0581 8.1835 0.353
-0.0783 8.0796 0.425
-0.0462 7.7577 0.264
-0.1199 7.9827 0.372
-0.2285 8.0000 0.468
-0.0469 7.8096 0.271
-0.0447 8.2735 0.823
-0.0510 8.0554 0.751
-0.0540 8.2354 0.377
-0.0480 8.1731 0.315
-0.0418 7.8027 0.838
-0.0182 7.9896 0.717
-0.0471 8.1523 0.245
-0.0672 7.8338 0.610
-0.0508 7.7750 0.522
-0.0462 8.1108 0.305
-0.0530 8.2562 0.937
-0.0479 8.2285 0.317
-0.0554 8.2146 0.991
-0.0620 7.8996 0.562
-0.0510 8.2492 0.304
-0.0718 7.9446 0.610
-0.0509 7.7023 1.000
-0.0914 7.9515 0.535
-0.0512 7.7265 0.964
-0.0545 7.7300 1.000
-0.0489 8.0277 0.286
0.0103 7.9965 0.127
-0.1053 8.0312 0.453
-0.0624 8.1662 0.330
-0.0807 8.0692 1.000
-0.0631 8.1454 0.674
-0.0476 7.7854 0.000
-0.0141 8.0104 0.723
0.1478 8.0000 0.018
-0.1011 7.9931 0.758
-0.0564 8.0346 1.000
0.0251 7.9965 0.096
-0.0623 7.8615 0.567
-0.0652 8.1108 0.286
-0.0451 8.0138 0.863
-0.0759 8.0415 0.271
-0.1135 7.9862 0.363
-0.0685 8.0000 0.429
-0.0839 8.0277 0.325
-0.0595 7.7612 0.391
-0.0399 8.0485 0.240
-0.0435 8.2042 0.843
0.0183 7.9862 0.000
-0.0506 8.1419 0.322
-0.0799 8.0969 0.427
-0.0750 8.0173 0.316
-0.0576 7.8823 0.339
-0.0819 8.0554 1.000
-0.0716 7.9965 1.000
-0.1046 7.9965 0.555
-0.0508 7.6885 0.344
0.0103 8.0138 0.131
-0.0202 7.9931 0.641
-0.0531 8.1212 0.332
-0.0576 7.9550 0.993
0.0223 8.0173 0.800
-0.0980 7.9827 0.618
-0.1136 8.0242 0.234
-0.0475 7.9758 0.903
-0.0457 7.6642 0.955
-0.1392 7.9827 0.399
-0.1164 8.0277 0.399
-0.0616 8.2319 0.268
-0.0446 7.6469 0.947
-0.0555 8.2527 1.000
-0.0527 8.0242 0.318
-0.1546 8.0035 0.371
-0.1138 8.0138 0.605
-0.0066 7.9931 0.128
-0.0479 8.2458 1.000
-0.0441 8.1558 0.882
-0.0669 7.9723 0.296
-0.0698 8.0312 0.280
-0.0454 7.9446 0.957
-0.0759 7.9896 0.435
-0.0563 8.1523 0.864
-0.0993 8.0104 0.910
-0.0625 7.8235 0.000
-0.0703 7.9654 1.000
-0.0276 8.0035 0.251
-0.1074 8.0035 0.364
-0.0674 7.8165 0.398
-0.0214 7.9862 0.832
-0.1089 8.0104 0.311
-0.0536 7.7438 0.351
-0.0672 8.1800 0.303
-0.0795 7.8927 0.345
0.1268 8.0000 0.084
-0.0527 8.1315 0.290
-0.1151 7.9827 0.513
-0.0588 8.2042 0.279
-0.0467 8.3254 0.315
-0.1396 7.9792 0.480
-0.0535 7.8719 0.361
-0.1779 8.0000 0.504
-0.0591 8.1800 0.542
0.0107 8.0277 0.057
-0.0793 7.8788 0.222
-0.1205 8.0035 0.571
0.0193 8.0035 0.025
-0.0484 7.6850 0.891
-0.0850 8.0138 0.310
-0.0554 7.8962 0.748
-0.1209 7.9654 0.210
-0.0421 7.8858 0.000
-0.0766 8.0312 1.000
-0.0598 8.2527 0.389
-0.0734 7.9688 0.360
-0.0454 7.6954 0.900
-0.0454 7.9585 0.874
-0.0674 8.1731 0.323
-0.0555 8.0762 0.214
-0.0608 7.8892 0.396
0.0102 8.0312 0.065
-0.0498 7.8408 0.845
-0.0586 7.7577 0.511
-0.0792 7.8754 0.401
-0.0566 7.9446 0.363
-0.0285 7.9931 0.643
-0.0367 8.0312 0.759
-0.1656 7.9965 0.480
-0.0503 8.1904 0.315
-0.0719 7.9412 0.741
-0.0483 8.1038 0.326
-0.0654 8.0000 0.542
-0.0519 7.9412 0.985
-0.0830 7.9896 0.551
-0.0515 8.1731 0.320
-0.0488 7.9273 0.351
-0.0664 8.1835 0.458
-0.0607 8.1073 0.154
-0.0561 8.1108 0.542
-0.0586 8.0242 0.176
-0.0469 8.3046 1.000
-0.0540 8.1558 0.362
-0.0608 7.8581 0.334
-0.0820 7.8823 0.430
-0.0630 7.9792 0.333
-0.0549 8.1350 0.321
-0.0554 8.1800 0.214
-0.0775 7.9412 0.463
-0.0767 7.9827 0.922
-0.0702 7.9792 0.187
-0.0686 7.8304 0.496
-0.0459 8.1454 0.233
-0.0857 7.9862 0.688
-0.0782 8.0035 0.337
-0.0693 8.0104 0.484
-0.0994 7.9412 0.450
0.0168 8.0346 0.000
-0.1708 8.0000 0.456
-0.0447 7.7923 0.845
-0.0506 8.0935 0.701
-0.1250 8.0035 0.538
-0.0902 7.9688 0.448
-0.0562 8.1627 0.789
-0.1125 8.0000 0.639
-0.0406 7.8650 0.869
-0.0767 8.0069 0.635
-0.0569 8.0796 0.544
-0.0904 7.9654 0.499
-0.0582 8.1488 1.000
-0.0435 7.9965 1.000
-0.0815 7.8892 0.361
-0.0522 7.8235 1.000
-0.0514 7.8754 0.864
-0.1451 7.9965 0.459
0.0073 8.0346 0.077
-0.0711 7.9481 0.410
-0.0683 8.1108 0.379
-0.0725 8.0104 0.420
-0.0491 8.2112 0.000
-0.0534 8.2042 0.736
-0.0734 8.1073 0.370
-0.0437 8.1385 0.813
-0.0848 8.0069 0.365
-0.0563 8.0900 0.989
-0.1383 8.0069 0.344
-0.0465 8.2008 0.309
-0.0579 7.7473 1.000
-0.0734 7.8996 0.380
0.0311 7.9827 0.843
-0.0701 7.8962 0.250
-0.0580 7.9723 0.315
0.0272 8.0208 0.000
0.1381 8.0035 0.043
-0.0630 8.0450 0.666
-0.0510 8.2215 0.249
-0.0428 7.8823 0.933
0.0050 7.9862 0.093
-0.0447 7.9619 0.846
-0.0513 8.1662 0.731
-0.0715 8.0796 0.429
-0.0116 7.9931 0.162
-0.0746 8.0035 0.413
-0.0468 7.7715 0.969
-0.0657 7.8512 0.323
-0.0858 8.0692 0.425
0.1344 7.9931 0.040
-0.0694 7.9896 0.989
-0.0897 8.0138 0.515
-0.1437 7.9896 0.564
-0.1030 7.9481 0.455
-0.0950 7.9585 0.342
-0.0447 8.0865 0.835
0.1617 8.0000 0.011
-0.0948 8.0138 0.381
-0.0532 8.2181 0.643
-0.0577 7.9827 0.512
-0.0449 7.6504 0.805
-0.0349 8.0208 1.000
-0.0484 8.0762 0.821
-0.0852 8.0242 0.570
-0.0973 8.0346 0.397
-0.1227 8.0208 0.672
-0.0563 7.8685 0.691
-0.2143 8.0035 0.470
0.0021 8.0069 0.104
-0.0837 7.9758 0.391
-0.0813 7.9273 0.312
0.0300 8.0000 0.099
-0.0595 8.0658 0.707
-0.0153 8.0138 0.794
-0.0438 8.0796 0.192
0.0198 7.9585 0.737
-0.0778 8.0588 0.450
-0.0907 8.0069 0.569
-0.0528 8.2804 0.349
-0.0555 7.9377 0.245
-0.0708 8.1038 0.634
-0.0440 7.9481 1.000
-0.0457 7.8512 0.202
-0.0642 7.8927 0.403
-0.0529 7.8442 0.687
-0.0524 7.7681 0.249
-0.0490 7.8304 0.752
-0.0524 8.0450 0.321
-0.0518 8.3254 0.308
-0.0722 8.0138 0.428
-0.0720 7.9273 0.284
-0.0516 7.9515 0.192
-0.0661 8.0969 0.391
-0.0438 8.1592 0.942
-0.0562 8.1662 1.000
-0.1057 7.9758 0.437
0.1583 7.9965 0.123
-0.0982 8.0381 0.755
-0.0696 8.0381 0.415
-0.0403 7.8096 0.376
-0.0486 7.9308 0.826
-0.0575 7.7196 1.000
-0.0510 8.0173 1.000
0.0253 8.0035 0.685
-0.1168 7.9862 0.771
-0.1255 8.0138 0.379
-0.0428 7.9031 0.270
-0.1371 7.9931 0.456
0.0115 8.0000 0.034
0.0496 8.0000 0.885
-0.0590 7.8477 1.000
-0.0827 8.0658 0.409
-0.0538 8.3012 1.000
-0.0443 8.0762 0.733
-0.0798 7.9723 0.459
-0.0684 7.8546 0.315
-0.0777 8.0000 0.564
-0.0914 7.9585 0.290
-0.1164 7.9896 0.287
-0.0544 8.0519 0.323
-0.1303 8.0138 0.573
-0.0465 7.6608 0.889
-0.0436 8.1315 0.862
-0.0539 7.7473 1.000
-0.1147 7.9931 0.411
-0.0422 7.9585 0.249
-0.0496 8.1488 0.307
-0.0446 7.8477 0.240
-0.0686 8.1869 0.582
-0.0743 7.9031 0.630
-0.1216 7.9862 0.492
-0.0428 8.1627 0.844
0.0062 8.0069 0.075
-0.0455 8.3392 0.213
-0.0794 8.0485 0.388
-0.0649 7.9377 0.303
-0.1059 8.0277 0.667
-0.0579 7.8858 0.246
-0.0907 8.0104 0.574
-0.0544 7.7265 0.362
-0.0794 8.0450 0.398
-0.0368 7.9827 0.318
-0.0433 8.1938 0.876
-0.0914 7.9619 0.355
-0.0596 8.0588 0.648
-0.0523 7.7819 0.959
-0.0678 8.0831 0.558
-0.0438 8.0554 0.173
0.0411 8.0035 0.143
-0.1040 7.9723 0.283
0.0820 8.0000 0.017
-0.0767 8.0346 0.832
-0.0618 8.0935 0.509
-0.1095 8.0208 0.495
-0.0872 7.9827 0.684
-0.0556 7.8304 0.313
-0.0953 8.0588 0.554
-0.0585 8.0312 0.678
-0.1410 8.0173 0.346
-0.0463 8.2873 0.573
-0.1142 7.9723 0.428
-0.0557 8.2977 1.000
-0.0889 8.0173 0.377
-0.0486 7.6885 0.767
-0.0515 7.9273 0.856
-0.1257 7.9862 0.519
-0.0603 7.8200 0.331
-0.1247 8.0000 0.448
-0.0482 8.1385 0.764
0.0192 8.0381 0.717
-0.0745 7.9619 0.709
-0.0584 7.9412 0.455
0.0300 7.9862 0.000
-0.0583 7.7681 0.329
-0.0430 8.0138 0.874
-0.0568 7.9238 0.317
-0.0660 7.8858 0.549
-0.0472 8.1696 0.320
-0.0875 7.9792 0.246
-0.0615 8.0069 0.347
-0.0400 8.0658 0.721
-0.1073 8.0138 0.547
-0.0472 8.2112 0.203
-0.0665 8.1765 0.317
-0.0618 8.1350 0.381
-0.0700 7.8685 0.500
-0.0827 8.1108 0.402
-0.0650 8.1558 0.473
-0.0767 8.0831 0.711
-0.0561 7.7023 0.539
-0.0797 7.9515 0.673
-0.0671 7.8788 0.348
-0.0781 7.9758 0.551
-0.0667 8.0173 0.384
-0.1055 8.0173 0.433
-0.0616 8.0554 0.377
-0.0486 8.3565 0.526
0.0144 8.0173 0.623
-0.0717 7.9342 0.486
-0.0552 8.0208 0.363
-0.0523 7.8685 0.000
-0.0922 8.0104 0.398
-0.0431 7.9654 0.913
-0.0492 7.6781 0.324
-0.0618 7.7646 0.359
0.0460 8.0035 0.866
0.0208 8.0035 0.000
-0.0580 8.1246 0.173
-0.0612 7.9758 0.304
-0.0523 7.8131 0.802
-0.0193 8.0104 0.138
-0.0819 8.0173 1.000
-0.0728 8.0069 0.367
-0.0447 7.6712 0.884
-0.0451 8.1800 0.887
-0.0670 7.9446 0.253
-0.1514 8.0069 0.386
-0.0547 7.8512 1.000
-0.0593 8.0727 0.338
-0.0456 8.0035 0.257
-0.0653 8.1800 0.484
0.1466 7.9827 0.039
0.0038 8.0035 0.117
-0.0530 8.1592 1.000
-0.0414 7.8788 0.350
-0.0473 8.2319 0.187
-0.0730 7.9758 0.514
-0.1178 7.9965 0.502
-0.0857 7.9931 0.531
-0.0536 7.7750 0.365
-0.0548 8.0727 1.000
-0.0505 7.7612 0.906
-0.1323 7.9931 0.667
-0.0457 7.8892 0.883
-0.0859 8.0208 0.427
0.1548 8.0035 0.000
-0.0565 7.7785 0.300
-0.0482 7.8131 0.916
-0.0976 8.0138 0.516
-0.0553 7.8650 0.775
-0.0604 8.0692 0.560
-0.0993 7.9481 0.386
-0.0527 8.1454 0.329
-0.0518 8.1869 0.684
-0.0415 8.1350 0.389
-0.1207 7.9896 0.458
-0.0978 7.9446 0.326
-0.1158 8.0312 0.472
-0.1093 7.9688 0.405
-0.1007 7.9862 0.738
-0.1378 7.9896 0.418
-0.0547 7.7819 1.000
-0.0670 8.1558 0.865
-0.0474 7.8581 0.815
-0.0514 8.2700 0.717
-0.0704 8.0658 1.000
-0.0628 8.0138 0.431
-0.0630 8.0485 0.000
-0.0555 8.2562 0.725
-0.0487 7.8442 0.904
-0.0681 7.9135 1.000
0.0056 7.9965 0.042
-0.0551 7.9585 0.741
-0.0460 8.2631 0.826
0.0172 8.0450 0.000
0.0264 8.0242 0.000
-0.0500 7.7438 0.206
-0.0453 7.8927 0.955
-0.0604 8.0762 0.484
-0.0497 7.9100 0.972
-0.0432 7.9412 0.850
-0.0468 8.2146 0.940
-0.0064 8.0000 0.126
-0.0559 8.2665 0.198
-0.1372 8.0242 0.373
-0.0451 8.2942 0.884
-0.0220 7.9965 0.977
-0.1013 7.9827 0.479
-0.0913 8.0519 0.344
0.0324 8.0277 0.000
-0.0508 8.2596 0.654
-0.1247 7.9896 0.322
-0.0941 7.9896 0.478
-0.0485 7.6988 0.326
-0.0366 7.9377 0.230
-0.0626 7.8304 0.350
-0.0493 8.1350 0.271
-0.1392 7.9862 0.380
-0.0482 7.7369 0.275
-0.0380 7.9723 0.154
-0.0729 7.9515 0.641
-0.0579 8.1696 1.000
-0.0526 7.7335 0.251
-0.0807 7.9031 0.397
-0.1061 8.0450 0.536
0.0090 8.0242 0.690
-0.0492 7.7992 0.314
0.1479 8.0035 0.000
-0.0465 7.8304 0.202
-0.0612 8.0415 0.529
-0.0491 7.9238 0.903
-0.0456 8.2804 0.793
-0.1468 8.0104 0.581
-0.0418 7.9169 0.742
0.0212 8.0069 0.787
-0.0848 7.9412 0.581
-0.0906 8.0450 0.263
-0.0660 7.8892 0.304
-0.0397 8.0208 0.187
-0.0469 8.3323 0.846
-0.0410 7.9135 0.778
0.0423 7.9931 0.000
-0.0456 8.0415 0.973
-0.0644 7.9931 1.000
-0.0420 7.9931 1.000
-0.0518 7.9862 0.317
-0.0764 7.9550 0.551
-0.1024 7.9515 0.286
-0.2014 8.0035 0.420
-0.0607 8.1108 1.000
-0.0024 7.9931 0.145
-0.0105 8.0035 0.040
0.1343 8.0035 0.025
-0.0631 8.1385 0.741
-0.1023 7.9619 0.475
-0.0485 8.0312 0.231
-0.0902 8.0588 0.342
-0.0513 8.2250 0.306
-0.0529 7.8892 0.524
-0.0575 7.7958 0.382
-0.0305 8.0000 0.099
-0.0589 8.0104 0.335
-0.0494 7.9585 0.191
0.1467 7.9931 0.000
-0.0672 7.8996 0.434
-0.1031 8.0554 0.410
-0.0740 8.0312 0.347
-0.0423 7.8304 0.876
-0.1045 7.9792 0.451
-0.0704 8.1177 0.400
-0.0950 8.0312 0.617
-0.0231 7.9965 0.154
-0.0550 7.9204 0.359
-0.0101 7.9965 0.282
-0.0667 7.8512 0.485
-0.0422 7.8235 0.873
-0.0614 7.9308 0.416
-0.0960 7.9654 0.434
-0.0576 8.2181 0.342
-0.0545 7.9273 0.365
-0.1649 8.0000 0.455
-0.0447 8.0554 1.000
-0.0579 8.0485 0.773
-0.0946 7.9619 0.432
-0.0516 8.0415 0.874
-0.1302 7.9896 0.399
-0.0467 8.0242 0.821
-0.0795 8.0519 0.427
0.1338 7.9862 0.000
-0.0163 8.0069 0.730
-0.0445 8.0104 0.862
-0.0608 8.0831 0.384
-0.0589 8.0519 0.000
-0.0398 7.9342 0.884
-0.0431 8.0623 0.263
-0.0584 7.8062 0.345
0.0489 8.0069 0.056
0.0186 7.9723 0.132
-0.0737 7.9896 0.392
-0.0847 8.0381 0.321
-0.0529 8.3046 0.634
-0.0693 7.8650 0.383
-0.0693 7.8927 1.000
0.0269 8.0069 0.083
-0.0553 7.8546 1.000
-0.0530 8.0519 0.325
-0.0516 7.9723 0.812
0.0080 7.9723 0.098
-0.0684 8.0138 0.374
-0.0494 8.0969 1.000
0.0398 8.0000 0.040
-0.0394 7.9896 0.157
-0.0576 7.7162 0.384
-0.0490 8.0762 0.843
-0.0411 7.8200 0.820
-0.0552 7.9481 1.000
-0.0456 7.8062 0.816
-0.0479 7.7819 0.880
-0.0609 7.9862 0.633
-0.1376 8.0035 0.176
-0.0450 7.9031 0.286
-0.0767 7.9377 0.417
-0.0813 8.1246 1.000
-0.0460 8.2769 0.799
-0.0675 8.1281 0.408
-0.1346 8.0069 0.450
-0.0659 7.8477 0.296
-0.0349 8.0104 0.204
0.0148 8.0242 0.000
-0.0448 8.1592 0.851
-0.1415 7.9965 0.164
-0.0486 8.1627 0.970
-0.0924 7.9550 0.572
0.0301 7.9758 0.000
-0.0517 8.0692 0.300
-0.1049 8.0415 0.557
-0.0525 7.9481 0.315
-0.0892 8.0208 0.417
-0.0581 7.9931 0.593
-0.0650 8.0381 0.379
0.1520 8.0069 0.000
-0.0517 8.2146 0.529
-0.0463 8.3219 0.867
-0.0422 7.8892 0.170
0.0448 8.0104 0.778
0.0297 8.0035 0.687
-0.0714 8.1108 0.514
-0.1167 8.0104 0.492
-0.0490 7.8546 0.651
-0.0577 8.2388 0.379
-0.0625 7.9619 0.344
-0.2445 8.0035 0.305
-0.0640 7.8581 0.394
0.0247 8.0173 0.861
-0.0539 7.9169 0.615
-0.0565 7.8408 0.758
-0.0828 8.0623 0.419
0.0465 7.9931 0.323
-0.0683 8.1938 0.338
-0.0684 7.8477 0.313
-0.0340 7.9896 0.000
-0.1012 8.0000 0.394
-0.0555 7.9308 0.707
-0.0489 7.8477 0.515
-0.0506 7.7854 0.340
-0.1048 8.0173 0.592
-0.0512 7.8719 0.844
-0.0464 8.1488 0.265
-0.1099 7.9896 0.724
-0.1164 7.9688 0.387
0.0320 8.0173 0.000
-0.0525 8.2423 0.344
0.0293 8.0138 0.025
-0.0594 7.9792 0.634
-0.0697 8.1973 0.397
-0.1269 8.0035 0.455
0.0193 8.0104 0.000
-0.0566 8.2458 0.365
-0.0488 8.0969 0.904
-0.0540 7.9100 0.770
-0.0442 7.9342 0.288
-0.1100 8.0104 0.638
-0.0945 8.0277 0.324
-0.0527 7.7404 0.796
-0.1049 8.0035 0.413
-0.0664 8.1315 0.362
-0.0497 7.7092 0.786
-0.0496 8.2527 0.705
-0.0674 7.8858 0.489
-0.0583 7.7819 0.259
-0.0603 7.8754 0.435
-0.0632 7.9688 0.313
-0.0657 8.1177 0.684
-0.0397 8.0623 0.215
-0.0753 7.9100 0.659
-0.0482 8.1246 0.261
0.0352 8.0069 0.745
0.1431 8.0000 0.002
-0.0527 8.1696 0.957
-0.0412 7.9758 0.698
-0.0070 7.9896 0.741
-0.1083 8.0346 0.378
-0.0427 8.1800 0.894
-0.0537 7.7335 1.000
-0.0398 8.0242 0.838
-0.0431 7.8338 0.740
-0.0427 7.8062 0.876
-0.0439 7.8373 0.297
-0.2145 8.0000 0.530
-0.0542 7.9654 0.283
-0.0897 7.9550 0.375
-0.0410 7.9308 0.857
-0.0601 8.1419 1.000
-0.0410 8.1454 0.832
-0.0672 7.9931 0.214
-0.0532 8.0138 0.333
0.0685 8.0035 0.051
-0.0564 7.7369 1.000
-0.0546 8.0000 1.000
-0.0528 8.2042 0.350
-0.0578 8.2215 0.371
0.0641 8.0035 0.057
-0.0700 8.1419 0.596
-0.0583 7.8096 0.368
-0.0551 8.2112 1.000
-0.1134 8.0277 0.620
-0.0597 7.7888 0.345
-0.0679 8.1592 0.453
-0.0440 7.9100 0.512
-0.0543 7.8062 1.000
-0.0858 7.9896 0.606
-0.0541 7.8165 0.901
-0.0982 8.0588 0.259
0.0065 8.0104 0.017
-0.0711 7.9585 0.891
-0.0471 8.0831 0.208
-0.0446 7.8996 0.949
-0.0523 8.1177 0.282
-0.0875 7.9238 0.738
-0.0615 7.8235 0.683
-0.0418 7.7958 0.931
-0.0576 7.8408 0.570
-0.0712 8.0762 0.188
-0.0676 8.0900 0.423
0.0171 8.0208 0.083
-0.0429 8.1177 0.285
-0.1062 7.9515 0.689
0.0082 7.9827 0.974
-0.0869 7.9723 0.399
-0.0683 7.8754 0.491
0.0174 7.9965 0.000
-0.0483 7.7473 0.278
-0.0703 7.9204 0.715
-0.0511 8.3150 0.522
-0.0477 7.8788 0.898
-0.1011 7.9688 0.524
-0.0478 8.0000 0.289
-0.0502 8.2977 0.281
-0.0430 8.0935 0.843
-0.0682 8.0208 0.327
-0.1248 8.0069 0.440
-0.1014 8.0450 0.169
-0.0593 8.1938 0.360
-0.0634 7.9031 0.342
-0.0229 7.9896 0.312
-0.0603 8.2458 0.252
-0.0346 8.0035 0.320
0.0163 7.9758 0.014
0.0443 8.0000 0.805
-0.0430 8.2112 0.883
-0.0485 7.9723 0.845
-0.0462 8.1973 0.000
0.0102 8.0035 0.063
-0.0536 7.7404 0.551
-0.0742 7.8927 0.432
-0.0558 7.8200 0.300
-0.0662 8.0935 0.433
-0.0675 8.0727 0.386
-0.0607 8.1177 0.284
-0.0474 8.2665 0.927
-0.0519 8.0865 0.741
-0.0739 8.0173 0.381
0.0205 7.9965 0.007
-0.0621 8.1142 0.624
-0.0749 8.0762 0.284
-0.0442 8.0000 0.801
-0.0544 7.7231 0.321
-0.0695 7.8027 0.501
-0.0546 7.9031 0.337
-0.0395 8.0727 0.228
-0.0392 8.0069 0.666
-0.1226 7.9965 0.557
-0.0808 7.9550 0.410
-0.0432 7.9619 0.182
-0.0528 8.1627 0.325
-0.0582 8.1385 0.252
-0.0886 7.9931 0.396
-0.0809 7.9688 0.470
0.0624 8.0000 0.000
-0.1337 7.9965 0.594
-0.0519 8.0000 0.983
-0.1057 8.0000 0.842
-0.0456 7.8165 0.844
-0.0542 7.7092 0.649
-0.0558 7.7681 0.201
-0.0546 7.9792 0.355
-0.1089 8.0519 0.561
-0.0835 8.0727 0.401
0.0494 8.0035 0.063
-0.0943 8.0069 0.363
-0.0963 7.9342 0.389
0.1386 7.9965 0.000
-0.0401 8.0104 0.801
-0.0432 8.0900 0.294
-0.0436 8.1523 0.927
-0.0854 7.9965 0.413
-0.0352 8.0173 0.000
-0.0947 8.0658 0.355
-0.0510 8.0104 0.334
-0.0899 7.9965 0.488
-0.0801 8.1004 0.732
-0.0674 7.9065 0.931
-0.0624 8.0762 0.342
-0.1678 8.0069 0.432
-0.0400 7.9654 1.000
0.1375 8.0000 0.000
-0.0470 7.8338 0.818
0.0162 8.0242 0.038
-0.0758 8.0865 0.451
-0.0554 7.9688 0.326
-0.0525 7.7058 0.483
-0.0592 8.1765 0.474
-0.0981 8.0658 0.336
-0.0883 8.0762 0.329
-0.1510 7.9931 0.596
-0.0522 8.2838 0.897
-0.1019 8.0519 0.516
-0.0500 7.9896 0.222
0.0408 7.9931 0.771
-0.1128 8.0035 0.423
-0.0499 8.1004 0.301
0.0121 7.9827 0.000
-0.0433 8.1073 0.387
-0.1164 7.9792 0.452
0.1319 8.0000 0.068
-0.0643 7.8788 0.392
-0.0976 7.9723 0.525
-0.0802 7.8719 0.450
-0.1686 8.0035 0.465
-0.0671 8.1246 0.742
-0.0961 7.9965 0.447
-0.0763 7.9931 0.474
-0.0546 8.2942 1.000
-0.0419 7.8546 1.000
-0.0531 7.8927 0.786
0.0310 7.9931 0.143
-0.0571 8.1454 0.686
-0.0586 7.8546 0.952
0.0053 8.0138 0.131
-0.1987 8.0000 0.423
-0.0532 7.8062 0.343
-0.0980 8.0000 0.614
-0.0528 8.0208 0.235
-0.0458 7.7681 0.955
-0.0726 7.9723 0.261
-0.0742 8.0658 0.373
-0.0554 7.8477 0.343
-0.0607 8.2665 0.344
-0.0347 8.0069 0.146
-0.0537 8.1142 0.285
-0.1331 7.9827 0.444
-0.0591 8.0450 0.332
-0.1064 7.9965 0.649
-0.0519 7.8165 0.361
-0.0857 8.0346 0.823
-0.0675 7.9481 0.338
-0.0338 8.0138 0.173
-0.0541 8.3046 0.270
-0.0799 7.9654 0.688
-0.0852 8.0623 0.385
-0.1110 7.9965 0.548
-0.0482 7.9792 0.292
-0.1553 8.0000 0.438
-0.0424 8.0865 0.845
-0.0488 8.2492 0.922
-0.0469 7.9965 0.262
-0.1439 8.0069 0.458
-0.1231 7.9792 0.385
0.0338 8.0035 0.000
0.0074 8.0381 0.058
-0.0670 7.9377 0.774
-0.0460 8.0900 0.868
-0.0886 7.9238 0.331
-0.0671 8.1212 0.255
-0.1165 8.0069 0.380
0.0101 7.9654 0.081
-0.0646 7.9585 0.336
-0.0591 8.2354 0.577
-0.0776 7.9481 1.000
-0.1299 7.9862 0.528
-0.0579 7.9169 0.747
-0.0464 7.7058 0.179
-0.0560 8.2908 0.495
-0.0487 8.2527 0.200
-0.0484 7.8650 0.971
-0.0513 7.6988 0.239
-0.0443 7.9065 0.847
-0.0447 8.2042 0.881
-0.1242 8.0173 0.515
-0.1205 8.0069 0.177
0.1462 8.0069 0.004
-0.0932 8.0623 0.389
-0.0434 7.7992 0.267
-0.0527 8.3081 0.642
-0.0822 8.0242 0.703
0.0426 8.0069 0.000
-0.0526 8.1142 0.312
-0.0591 8.2492 0.925
-0.0533 7.7300 0.183
-0.0616 8.0208 0.448
-0.1183 7.9688 0.403
-0.0557 7.9065 0.389
-0.0849 8.0485 0.395
-0.0466 8.2215 0.855
-0.0431 7.8927 0.935
-0.0456 8.1004 0.768
0.0805 8.0000 0.009
-0.1445 8.0069 0.437
-0.1609 8.0035 0.392
-0.1075 7.9619 0.708
-0.0501 8.1523 0.321
-0.0623 8.1350 0.502
-0.0803 7.8962 0.371
-0.0426 7.8962 0.778
-0.0679 7.9758 0.318
-0.0558 7.6988 0.280
-0.1078 8.0554 0.573
-0.0993 8.0623 0.689
-0.0559 8.1004 0.621
0.0282 7.9792 0.000
-0.0424 8.0658 0.857
-0.1139 8.0173 0.594
-0.0454 7.8373 0.844
-0.0458 8.1212 0.933
0.1351 8.0000 0.000
-0.0444 8.2077 0.815
-0.0477 8.1869 0.824
0.1402 8.0069 0.000
-0.0600 7.8719 0.312
-0.0764 7.9792 0.633
-0.0605 8.0796 0.399
-0.0516 7.9688 0.998
-0.0520 7.8200 0.326
-0.0800 8.1212 0.471
-0.1332 8.0035 0.658
-0.0563 7.7715 0.353
-0.0796 7.9169 0.500
-0.0587 8.1731 0.566
-0.1201 8.0242 0.363
-0.0586 7.7438 0.349
-0.0529 8.2873 0.220
-0.0486 8.0519 0.804
-0.0520 7.8823 0.321
-0.0646 7.8650 0.407
0.1459 8.0104 0.000
-0.0519 7.7715 0.317
-0.1519 7.9965 0.572
-0.0494 7.7542 0.881
-0.0561 7.6954 0.328
0.1366 8.0069 0.000
-0.0541 8.2804 1.000
-0.0571 7.8892 0.993
0.0275 7.9827 0.000
-0.2065 8.0000 0.402
-0.0787 8.0554 0.538
-0.1020 8.0277 0.589
-0.1042 8.0208 0.547
-0.0647 8.0035 0.464
-0.0467 7.7127 1.000
-0.1257 8.0242 0.452
-0.0665 8.1904 0.168
-0.0440 8.0277 0.789
0.0027 7.9965 0.132
-0.1281 8.0069 0.665
-0.1208 7.9619 0.405
-0.0309 7.9896 0.757
-0.0485 7.9481 0.352
-0.1061 7.9446 0.401
0.0409 7.9896 0.791
-0.0722 8.0415 0.422
-0.0810 8.0138 1.000
-0.0006 8.0000 0.000
-0.0421 7.8581 0.170
0.1479 8.0173 0.000
-0.0982 7.9550 0.534
-0.0662 7.9169 0.390
-0.0640 8.0623 0.493
-0.0563 7.8442 0.485
-0.0530 7.9135 1.000
-0.0569 8.1315 0.492
-0.1033 8.0485 0.800
-0.0624 7.9135 0.000
-0.0493 8.1073 0.297
0.0037 7.9896 0.330
-0.0776 7.9688 0.461
-0.0547 7.9965 0.616
-0.0933 8.0173 0.460
-0.0403 7.9273 0.863
-0.0481 8.0208 0.793
-0.0735 8.0727 0.611
0.0194 7.9550 0.000
0.0136 7.9792 0.000
-0.0948 8.0692 0.421
0.0176 8.0000 0.077
-0.0412 7.9688 0.863
-0.0420 7.9238 0.880
-0.0485 7.7092 0.938
-0.0687 7.9550 0.409
-0.0473 7.8269 0.248
-0.0522 8.0623 0.274
0.0319 7.9792 0.789
-0.0515 7.7958 0.793
-0.0482 8.2181 0.914
-0.0426 8.0727 0.873
-0.1044 7.9446 0.650
-0.0386 8.0450 0.199
-0.0644 8.0069 0.438
-0.0501 8.3219 0.843
-0.0458 7.7785 0.906
-0.0903 8.0000 0.710
-0.0703 8.1488 0.470
-0.0634 7.8269 0.385
0.1534 8.0138 0.000
-0.0469 8.2908 0.904
-0.0843 7.9688 0.644
-0.0302 8.0104 0.639
-0.0495 7.8615 0.963
0.0193 8.0312 0.003
-0.0833 7.9931 0.484
-0.0779 8.0277 0.561
-0.0532 7.7369 0.360
-0.1025 7.9585 0.774
-0.1062 8.0485 0.479
-0.0514 7.9550 0.975
-0.0375 7.9688 0.210
-0.0793 8.1281 0.536
-0.0686 7.8235 0.420
-0.0830 8.0035 0.438
0.0077 8.0173 0.089
-0.0715 8.0450 1.000
-0.0011 8.0035 0.111
-0.0645 8.0415 0.423
0.0128 7.9896 0.039
-0.0631 8.0588 0.000
-0.0559 8.1973 0.339
-0.0683 7.9619 0.687
-0.1363 7.9965 0.443
-0.0543 8.2838 0.832
-0.1320 8.0104 0.605
0.1445 8.0069 0.074
-0.0487 7.8477 0.295
-0.0551 8.0138 0.347
-0.0584 8.1869 0.381
0.0100 7.9758 0.287
-0.0703 8.1038 0.739
0.0468 7.9965 0.914
-0.0942 7.9377 0.488
-0.0601 8.2250 0.613
-0.0419 7.9792 0.849
-0.1019 8.0346 0.425
-0.0593 7.8512 0.346
-0.0592 7.9031 0.395
-0.0486 7.8823 0.690
-0.0710 8.0831 0.494
-0.0462 8.2838 1.000
-0.0413 7.9827 0.208
-0.0911 8.0623 0.350
-0.1190 7.9931 0.459
-0.0454 7.7992 0.168
-0.0491 8.1835 0.899
0.1510 8.0035 0.000
-0.0482 7.9377 0.186
-0.0651 7.9308 0.342
-0.0666 7.8615 1.000
0.0122 8.0208 0.000
-0.0546 8.1731 1.000
-0.0828 8.0762 0.495
-0.0429 8.0346 0.219
-0.0602 7.8373 0.403
-0.0491 8.1385 0.960
-0.0622 7.8373 0.226
-0.0508 8.0069 0.307
0.0107 8.0069 0.105
-0.0624 8.0242 0.433
-0.0555 7.7854 0.355
-0.0666 7.9585 0.358
-0.0462 8.3427 0.903
-0.0485 8.2700 0.564
-0.0503 8.1765 0.894
-0.0480 8.0485 0.167
-0.0607 7.7785 0.333
-0.0424 7.8408 0.861
-0.0565 7.7542 0.318
-0.0473 8.1765 0.770
-0.1185 8.0208 0.487
-0.1178 8.0242 0.431
-0.0511 7.8373 0.682
-0.1162 8.0035 0.408
-0.0896 7.9446 0.382
0.0391 7.9965 0.914
-0.1131 7.9931 0.526
-0.0518 8.3115 0.814
-0.0743 7.9862 0.561
-0.0481 8.0104 0.930
-0.0310 7.9862 0.152
-0.0384 7.9758 0.784
-0.0692 8.0623 0.758
-0.0687 7.9965 0.345
-0.0273 8.0035 0.232
-0.0748 8.0623 0.388
-0.0455 8.1350 1.000
-0.0535 8.2319 0.324
-0.0682 7.8200 1.000
-0.0558 8.0865 0.169
-0.0553 8.0035 0.353
-0.0481 8.0450 0.968
-0.0496 8.2665 0.327
-0.0629 7.8685 0.655
-0.1051 7.9931 0.387
0.1402 7.9896 0.048
-0.0736 7.9238 0.369
-0.1210 7.9792 0.352
-0.0555 8.2077 0.339
-0.0562 7.9412 0.526
-0.0563 8.0312 1.000
-0.0887 8.0692 0.490
-0.0438 7.8131 0.766
-0.0443 8.0450 0.203
-0.0602 8.1004 0.308
-0.0714 7.9065 0.655
-0.1197 8.0346 0.384
-0.1016 7.9758 0.514
-0.0793 7.8996 0.000
-0.1385 8.0173 0.631
-0.0646 7.8442 0.507
-0.0990 7.9688 0.322
-0.0924 8.0000 0.552
-0.0770 7.9515 0.455
-0.0767 8.0208 0.484
0.0194 8.0415 0.000
-0.0935 7.9515 0.577
-0.0569 8.0588 0.370
-0.0552 7.8269 0.314
-0.1367 8.0208 0.387
-0.0461 8.1142 0.921
-0.1085 7.9827 0.603
-0.0501 7.6954 0.888
0.0062 8.0000 0.102
-0.0681 8.0069 0.419
-0.1033 8.0312 0.486
-0.0960 8.0415 0.846
-0.0707 7.9377 0.384
-0.0532 7.9342 0.597
-0.0701 7.9862 0.295
-0.0279 8.0069 0.272
-0.0836 7.9481 0.433
-0.0532 8.2942 0.593
-0.0522 8.0346 0.774
-0.0845 8.0519 0.614
-0.0640 8.1592 0.526
-0.0438 8.0485 0.226
0.0212 8.0000 0.324
-0.0435 7.8512 0.713
-0.0500 7.7785 0.317
-0.1043 7.9862 0.429
-0.0426 8.1765 0.836
-0.1235 7.9931 0.378
-0.0419 7.9723 0.276
0.0698 8.0000 0.273
-0.0359 8.0242 0.209
-0.0761 7.9204 0.436
-0.0503 8.0900 0.328
0.1520 7.9965 0.000
-0.0549 8.1281 0.350
0.0150 7.9965 0.000
-0.1200 7.9585 0.620
-0.0541 7.9619 0.207
-0.0565 8.0173 0.714
-0.0435 7.7819 0.870
0.0232 8.0208 0.000
-0.0542 8.0415 1.000
-0.0187 8.0000 0.000
-0.0575 8.1246 0.318
-0.0457 7.6781 0.300
-0.1017 7.9896 0.573
-0.0477 7.9515 0.756
-0.0987 7.9585 0.520
-0.0752 7.9169 0.626
-0.0490 8.2354 0.868
-0.0574 7.8823 0.652
0.0093 7.9862 0.000
-0.0435 8.1731 0.730
-0.0521 7.7923 0.745
-0.0686 7.9688 0.610
-0.0345 7.9792 0.595
-0.0219 8.0000 0.327
-0.0612 7.7750 0.381
-0.0620 8.0658 0.476
-0.1325 8.0138 0.447
0.0178 7.9827 0.000
0.0317 8.0069 0.540
0.1264 8.0035 0.025
-0.0756 7.9619 0.533
0.0202 7.9827 0.543
-0.0387 7.9481 0.271
-0.0524 8.2285 0.282
-0.0429 8.0035 0.856
-0.0656 8.1315 0.409
-0.0773 8.0935 0.546
-0.0585 8.0865 0.346
-0.0989 7.9758 0.495
-0.0618 7.9377 0.000
-0.0534 8.0069 0.334
-0.0471 8.3150 0.681
0.1866 8.0000 0.052
-0.0700 8.0865 1.000
-0.0491 7.7888 0.921
-0.0551 7.8373 0.360
-0.0869 7.9585 0.587
-0.0700 7.9515 0.280
-0.0657 7.8165 1.000
-0.0578 8.2423 0.385
-0.0581 7.9273 0.000
-0.0602 8.2112 0.469
-0.0789 8.0104 0.382
-0.0956 7.9412 0.241
-0.0593 8.0035 0.996
-0.0612 8.0346 0.341
-0.0460 8.3288 0.831
-0.1599 8.0069 0.442
-0.1431 7.9827 0.464
-0.0769 8.0450 0.402
-0.0971 8.0519 0.407
-0.0144 7.9965 0.135
-0.0559 7.9896 0.917
-0.0557 8.1419 0.337
-0.0443 7.9896 0.195
0.1537 7.9931 0.000
-0.0653 7.9273 0.188
-0.0800 8.1073 0.425
-0.0689 7.8062 0.511
-0.0937 7.9931 0.384
-0.0986 8.0312 0.838
-0.0675 8.1662 0.395
-0.0402 7.9931 0.731
-0.1021 7.9550 0.575
-0.0486 8.0069 0.699
-0.0111 8.0000 0.251
-0.1222 8.0277 0.498
-0.0444 7.9515 0.929
-0.0518 8.3185 0.364
-0.0524 7.9654 0.327
-0.2025 8.0000 0.406
-0.0625 7.8962 0.359
-0.0694 8.1142 0.181
0.0372 7.9965 0.080
-0.0571 7.7058 0.000
-0.0994 8.0242 0.479
-0.2189 8.0000 0.191
-0.0600 7.8442 0.533
0.0253 8.0138 0.080
-0.0653 8.1004 0.348
-0.0482 8.1558 0.884
-0.0508 7.9827 0.288
-0.0158 8.0104 0.741
-0.0784 7.9446 0.613
-0.0689 7.8408 0.526
-0.0622 7.9723 0.384
-0.0427 7.8165 0.799
-0.0605 7.9654 0.749
-0.0967 7.9792 0.171
0.0134 8.0138 0.000
-0.0507 7.7127 0.943
-0.0892 7.9377 0.288
-0.0548 7.9758 0.736
-0.0423 8.1246 0.267
-0.0424 8.1419 0.868
-0.0464 7.7265 0.870
-0.0490 8.0658 0.244
-0.0026 8.0035 0.623
-0.0725 8.0865 0.485
-0.0624 7.9758 0.252
0.0218 8.0104 0.012
-0.0568 8.2769 0.990
-0.0697 8.0035 0.317
-0.0384 7.9585 0.168
-0.1224 8.0104 0.419
-0.0658 8.1212 0.374
-0.0492 8.1938 0.806
-0.0689 8.0485 0.345
-0.0467 8.3012 0.941
-0.1183 8.0138 0.533
-0.1073 8.0069 0.608
-0.1129 7.9723 0.423
-0.1213 8.0312 0.395
-0.0435 7.7923 0.938
-0.0516 8.2631 0.327
-0.0890 7.9342 0.315
-0.0408 8.1212 0.859
-0.0720 8.0900 0.438
-0.0713 7.9135 0.517
-0.0859 8.0104 0.362
-0.0724 7.8892 0.330
-0.0621 8.1696 0.471
-0.0500 8.0796 0.904
0.1636 8.0000 0.089
-0.0426 8.2181 0.843
-0.0574 8.2631 0.351
-0.0609 7.8685 0.230
-0.0628 8.1523 0.376
-0.0589 7.7923 0.661
-0.0824 8.0415 0.707
0.1312 8.0035 0.047
-0.1056 7.9896 0.594
-0.0563 7.7888 0.492
-0.0751 7.9273 0.301
-0.0494 7.9446 0.845
-0.0473 7.8685 0.240
-0.0626 8.1281 0.290
-0.0625 7.8719 0.674
-0.0557 7.7992 0.533
-0.0684 7.9100 0.488
-0.0583 8.2008 0.254
-0.1309 8.0104 0.554
0.0271 7.9862 0.000
0.0250 7.9896 0.099
-0.0669 7.9308 0.255
-0.0576 7.8304 0.619
-0.0642 7.8823 0.337
-0.1353 7.9862 0.651
-0.0634 7.8754 0.461
-0.0469 8.3358 0.620
-0.0536 8.1696 0.898
-0.0453 8.3115 0.852
-0.0824 8.1177 0.405
-0.0550 8.0969 0.264
-0.0786 7.9723 0.656
-0.0444 8.1108 0.871
-0.0809 7.9100 0.390
-0.0597 7.9481 0.541
-0.0518 8.0035 0.622
-0.1192 7.9723 0.453
-0.1576 8.0000 0.446
-0.0665 8.1004 0.420
-0.0399 8.0277 0.757
-0.0700 8.0277 0.453
-0.0793 8.0069 0.384
0.0122 8.0069 0.687
-0.0511 7.9377 0.985
0.0092 8.0208 0.081
-0.1001 7.9931 0.838
-0.0539 7.8131 0.349
-0.0473 7.6815 0.848
-0.1453 7.9931 0.483
-0.0556 8.2215 0.367
-0.0481 8.3496 0.904
-0.0542 7.8927 0.154
-0.0512 7.9031 0.330
-0.0692 7.8269 0.701
-0.0929 8.0519 0.344
-0.0661 7.9965 1.000
-0.0507 7.8650 0.692
-0.0554 7.9515 0.369
-0.0528 7.7162 0.266
-0.0498 7.8581 0.259
0.0085 7.9792 0.121
-0.0399 8.0000 0.244
-0.1174 8.0000 0.490
-0.0446 7.8754 0.945
-0.0978 7.9965 0.624
-0.0844 8.0173 0.811
-0.0998 7.9654 0.860
-0.0477 7.8996 0.185
0.0161 7.9688 0.083
-0.1475 7.9896 0.456
0.1333 8.0104 0.000
-0.0440 7.9550 0.968
-0.0504 8.1246 0.215
-0.0442 8.0312 0.897
-0.0452 7.8858 0.886
-0.0431 8.0692 0.809
-0.0353 8.0000 0.334
0.0224 7.9896 0.057
-0.0464 8.1177 0.973
-0.0420 8.0588 0.749
-0.0491 8.1038 0.656
-0.0557 7.7577 0.267
-0.0465 8.0692 0.953
-0.0733 8.0692 0.364
-0.0451 8.3531 0.821
-0.0517 7.8096 0.807
-0.0409 8.0415 0.221
-0.0814 7.9342 0.387
-0.0567 8.0242 1.000
-0.0810 8.0796 0.527
-0.0510 8.1108 0.810
-0.0386 8.0519 0.177
-0.0818 8.0935 0.527
-0.1259 8.0104 0.444
-0.0476 7.7646 0.542
0.0392 8.0104 0.000
-0.0821 8.0900 0.868
-0.0474 7.9931 0.934
-0.1133 8.0069 0.403
-0.0621 7.8408 0.505
-0.0420 8.1488 0.862
-0.0521 7.7231 0.919
-0.0630 8.0312 0.281
-0.0550 8.1765 0.302
0.0226 7.9758 0.000
-0.0965 8.0485 0.363
-0.0573 8.0692 0.272
-0.0531 7.7646 0.946
-0.0442 8.0208 0.961
0.0150 8.0104 0.112
-0.0627 8.1869 0.623
-0.0984 8.0415 0.421
-0.0625 8.0346 0.309
-0.0377 8.0692 0.222
-0.0779 7.9342 0.753
-0.0621 7.9065 0.300
-0.0475 7.9100 1.000
-0.0929 8.0450 0.294
-0.0602 8.1038 0.242
-0.0587 8.1142 0.995
0.0218 7.9792 0.000
-0.1283 7.9931 0.427
-0.0372 8.0554 0.210
-0.0442 7.8754 0.875
0.0125 8.0000 0.081
-0.0614 8.2146 0.310
-0.0618 7.8996 0.348
-0.0833 7.9827 0.273
-0.0379 7.9862 0.232
-0.0739 8.0485 0.576
-0.1053 8.0381 0.650
-0.0987 8.0450 0.839
0.1333 7.9965 0.000
-0.0979 8.0035 0.372
-0.0569 7.9135 0.321
-0.0446 8.0796 0.270
-0.0577 8.0173 0.445
0.0225 7.9862 0.020
-0.0449 8.2423 0.760
-0.0391 7.9550 0.752
-0.0689 8.0935 0.587
-0.0956 7.9481 0.420
-0.0947 8.0554 0.431
-0.0735 8.0588 0.346
-0.0792 8.0277 0.238
-0.0752 8.0242 0.437
-0.0520 7.8338 0.332
-0.1024 8.0104 0.416
-0.0397 7.9412 0.271
-0.0508 7.8512 0.291
-0.0495 7.9308 0.172
-0.0491 7.7508 0.324
-0.1334 8.0173 0.353
-0.0555 8.2492 0.317
-0.0624 8.0900 0.359
-0.0965 7.9515 0.565
-0.0897 7.9412 0.670
-0.0454 7.7542 0.910
-0.0836 7.9377 0.584
-0.0512 7.8858 1.000
-0.0495 7.7577 0.293
0.0116 7.9862 0.051
-0.0295 7.9965 0.199
-0.0547 8.0450 0.790
-0.0092 8.0138 0.139
-0.0598 8.0381 0.382
-0.0571 7.8338 0.952
-0.0930 7.9792 0.236
-0.0523 8.2388 0.327
-0.0623 8.0519 0.324
-0.0652 7.8200 0.441
-0.0821 7.9792 0.382
-0.0704 7.8442 0.295
-0.0514 8.1973 0.666
-0.0517 8.1800 0.292
-0.0868 7.9273 0.505
-0.0582 8.1454 0.361
-0.0453 7.6435 0.939
-0.0456 7.7231 0.885
-0.0542 8.2388 0.981
-0.0455 7.7612 1.000
-0.0570 7.8581 0.736
-0.0390 7.9619 0.828
-0.0584 7.8269 0.366
-0.1109 7.9827 0.602
-0.0642 7.9446 0.492
-0.0414 7.9273 0.779
-0.0964 7.9862 0.388
-0.0539 8.2596 1.000
-0.0638 8.1073 0.317
-0.0397 7.9308 0.940
-0.0582 7.9135 0.629
-0.1374 8.0104 0.547
-0.0569 7.9931 0.859
-0.0214 8.0138 0.000
0.0296 8.0104 0.053
-0.0846 7.9619 0.399
-0.1077 7.9723 0.530
-0.0073 8.0069 0.661
0.1439 7.9965 0.004
-0.0374 7.9515 0.783
-0.0732 7.9550 0.394
0.1410 7.9862 0.000
-0.0582 8.1662 0.717
-0.0564 8.2735 0.324
-0.0471 7.7958 0.177
-0.0602 7.9204 0.366
-0.0724 8.0208 1.000
0.1476 8.0138 0.000
-0.1006 8.0277 0.450
-0.0960 8.0208 0.700
-0.0577 8.2077 0.274
-0.1441 8.0000 0.205
-0.0556 7.9862 0.350
-0.0656 8.1627 0.293
-0.0798 8.1038 0.420
-0.0145 8.0035 0.000
-0.0591 7.8615 0.319
-0.0949 8.0035 0.459
-0.0561 7.8096 0.348
-0.0879 8.0242 0.482
-0.0747 7.9792 0.416
-0.0377 8.0173 0.267
-0.0465 7.7162 0.930
-0.1106 7.9758 0.549
-0.0583 8.1904 0.352
-0.0457 7.9896 0.905
-0.0493 7.9169 0.954
-0.0560 7.7612 1.000
-0.0459 7.7300 0.881
-0.1071 8.0415 0.345
-0.0627 8.0727 1.000
-0.0717 7.9169 0.331
-0.0513 8.2458 0.322
-0.0599 7.7715 0.293
-0.0470 7.9238 0.283
-0.0442 7.7854 0.897
-0.1399 7.9862 0.428
-0.1013 8.0381 0.278
-0.0486 7.8546 0.961
-0.0450 7.8408 0.816
-0.0374 7.9792 0.248
-0.0587 7.7992 0.319
-0.0449 8.1419 0.890
-0.0560 8.1835 1.000
-0.0808 7.9308 0.306
-0.0680 8.1627 0.315
-0.0596 8.0000 0.529
-0.0394 8.0588 0.826
-0.0695 7.8719 0.562
-0.0193 8.0035 0.000
0.1528 8.0000 0.000
-0.0434 8.2215 0.761
-0.1052 7.9862 0.603
-0.0563 8.0831 0.295
0.0152 8.0035 0.000
-0.0522 8.2008 0.337
0.0087 8.0104 0.088
-0.0412 8.1904 0.276
0.1613 8.0035 0.000
-0.0563 8.1212 0.652
-0.1284 7.9965 0.460
-0.0424 8.1973 0.763
0.0226 7.9931 0.000
-0.0597 8.1523 0.568
0.0930 8.0000 0.104
-0.1496 8.0035 0.391
-0.0471 8.0588 0.948
-0.1198 7.9965 0.420
-0.0694 7.8131 0.427
-0.0557 8.2285 0.331
-0.0696 7.9827 0.752
-0.0578 7.7542 1.000
0.0186 8.0277 0.000
-0.0467 7.9342 1.000
-0.0602 8.1281 0.409
-0.0498 8.1558 0.291
-0.0459 8.2596 1.000
-0.0703 7.9031 0.761
0.0844 8.0035 0.000
-0.0772 8.0381 0.346
-0.0557 7.8788 0.352
-0.0559 7.7923 0.590
-0.0626 7.9515 1.000
-0.0144 7.9931 0.133
-0.0652 8.1419 0.387
-0.0553 8.2008 0.337
-0.0748 8.0935 0.586
-0.1001 7.9896 0.353
-0.0552 8.1592 1.000
-0.1271 8.0000 0.470
-0.0959 7.9446 0.323
-0.1069 8.0242 0.362
-0.0572 7.7127 0.304
-0.0592 7.8338 0.711
-0.1034 8.0138 0.677
-0.0712 7.9931 0.442
0.1485 7.9862 0.000
-0.0656 8.0865 0.361
-0.0667 7.8823 0.672
0.0330 8.0208 0.805
-0.0957 8.0242 0.478
-0.0659 8.1835 0.599
-0.0603 7.9515 0.485
-0.0819 7.9135 0.339
-0.0470 7.7404 0.268
-0.0486 7.9827 0.804
-0.0456 7.7888 1.000
-0.0131 8.0069 0.711
-0.0680 7.8096 0.370
-0.0502 7.7473 0.685
-0.0517 8.3012 0.235
0.1506 8.0104 0.000
0.0309 7.9896 0.000
-0.0863 8.0035 0.408
-0.0532 7.9792 0.333
-0.0649 8.0208 0.442
-0.0345 7.9862 0.159
-0.0520 8.2769 0.344
-0.0802 7.9204 0.390
-0.0613 8.0969 0.405
-0.0416 7.8269 0.268
0.0198 8.0173 0.106
0.0017 7.9931 0.112
-0.0579 7.7958 0.302
-0.0280 8.0173 0.204
-0.0905 7.9481 0.393
0.0334 8.0000 0.855
-0.0977 8.0069 0.434
-0.0619 8.2596 0.430
-0.1517 8.0104 0.396
0.0406 8.0069 0.063
-0.0754 7.9308 0.475
-0.0609 7.9550 0.563
-0.0370 7.9446 0.171
0.0537 8.0000 0.129
-0.1088 7.9481 0.320
-0.0614 8.1212 1.000
0.0181 7.9931 0.043
0.1405 8.0138 0.076
-0.0882 7.9758 0.485
0.0078 7.9896 0.130
-0.0848 7.9308 0.324
0.0227 8.0277 0.000
0.0175 8.0138 0.875
0.0298 7.9965 0.144
-0.1582 7.9931 0.442
-0.0649 7.8131 0.570
-0.0499 8.0381 0.320
-0.0450 7.8962 0.000
-0.0446 8.0969 0.871
-0.0539 7.7508 0.344
-0.0629 8.0796 0.358
-0.0487 8.0727 0.770
0.0274 8.0000 0.744
-0.0684 7.9169 1.000
-0.1333 8.0208 0.391
0.1390 7.9931 0.014
-0.0633 7.9827 0.465
-0.0605 7.9585 0.464
-0.0887 8.0312 0.273
-0.0358 7.9827 0.595
-0.0820 7.9377 0.340
-0.0577 7.8962 0.000
0.0567 8.0000 0.000
-0.0598 8.0623 1.000
-0.0806 8.0831 0.650
-0.0666 7.9342 0.384
-0.1186 7.9758 0.692
-0.0652 7.9654 0.000
-0.0086 8.0104 0.342
-0.0553 7.8858 0.294
-0.0585 8.0900 0.329
-0.1195 8.0173 0.497
-0.0871 8.0000 0.465
-0.2456 8.0000 0.561
-0.0436 8.1662 0.862
-0.0430 8.1142 0.248
-0.0472 8.1281 0.755
-0.0728 7.9100 0.283
-0.0599 7.9688 0.535
-0.0596 8.1592 0.352
-0.2055 9.0000 0.752
-0.1471 9.0000 0.196
-0.0844 9.0637 0.089
-0.0875 8.9668 0.588
-0.0726 8.9917 0.539
0.0415 9.0055 0.904
-0.0525 9.3074 0.233
-0.1025 8.9640 0.502
-0.0974 8.9834 0.182
-0.0381 8.9889 0.667
-0.0615 8.9557 0.311
-0.0504 8.8754 0.544
-0.0889 8.9502 0.419
-0.1033 8.9917 0.174
-0.0581 8.8643 0.428
-0.0564 9.1966 0.253
-0.0746 8.9142 0.642
-0.0540 8.9169 0.623
-0.0662 9.0692 0.137
-0.0973 8.9529 0.401
-0.1111 9.0138 0.447
-0.0605 9.2991 0.306
0.0190 8.9806 1.000
0.0066 8.9862 0.646
-0.0564 9.2243 0.407
-0.0550 8.9972 0.552
-0.0563 8.6428 0.401
-0.0579 9.0775 0.315
-0.0504 9.0305 0.312
-0.0271 9.0111 0.344
-0.0577 8.7535 0.482
-0.0508 9.0831 0.665
-0.0612 9.2465 0.540
-0.0487 8.9806 0.548
-0.0562 8.9418 0.256
-0.0588 9.1828 0.329
-0.0686 9.0942 0.768
-0.0953 9.0111 0.174
-0.0915 8.8948 0.539
-0.0793 9.0028 0.480
-0.0637 9.1551 0.369
-0.0505 8.9086 0.528
-0.0848 9.1385 0.438
0.0010 9.0111 1.000
-0.0674 9.1634 0.166
0.0140 8.9695 1.000
-0.0649 8.8034 0.320
-0.0512 8.9363 0.531
-0.0500 9.0443 0.363
-0.0912 8.9474 0.472
-0.0178 8.9945 0.729
-0.1027 9.0332 0.474
-0.0760 8.9834 0.402
-0.0325 9.0194 0.696
-0.0714 8.8920 0.129
-0.0455 8.9834 0.717
-0.0582 8.9751 0.373
-0.0538 9.0305 0.605
-0.0620 8.9446 0.434
-0.0735 8.8975 0.262
0.0143 8.9917 0.836
-0.0860 9.1662 0.445
-0.0708 9.0665 0.444
-0.0896 9.0138 0.082
-0.0684 9.0886 0.370
-0.0561 8.9778 0.502
-0.0744 9.1302 0.459
0.0414 9.0000 1.000
-0.0546 8.8006 0.476
-0.1091 8.9945 0.006
-0.0576 9.2326 0.446
-0.0793 8.9806 0.406
-0.0674 9.1495 0.128
0.0084 8.9723 0.843
-0.0750 9.1218 0.136
0.0138 8.9945 1.000
-0.0610 9.1578 0.266
-0.0904 8.9585 0.039
-0.0917 9.0942 0.038
-0.0943 8.9778 0.509
-0.0682 8.9446 0.384
0.1183 8.9834 1.000
-0.0763 8.9529 0.529
-0.0536 9.0332 0.265
-0.0706 8.9585 0.300
-0.0519 9.1523 0.418
-0.0522 9.1218 0.404
-0.0711 9.0831 0.474
-0.0875 8.9058 0.351
-0.0891 9.1135 0.043
0.0094 9.0083 0.834
0.1398 9.0083 1.000
-0.0929 9.0332 0.461
-0.1018 9.0083 0.180
-0.0514 8.8892 0.569
-0.0326 8.9695 0.713
-0.0671 8.9945 0.228
-0.0690 8.9557 0.366
-0.0712 9.1163 0.517
-0.0477 9.0415 0.631
-0.0550 9.0498 0.349
-0.0731 9.0969 0.341
-0.0569 8.7840 0.441
-0.0905 9.0360 0.021
-0.0535 9.1938 0.233
-0.0567 9.0914 0.457
0.0038 9.0305 0.857
-0.0556 9.3157 0.411
0.0120 8.9889 0.913
-0.0948 9.0222 0.438
-0.0724 8.9889 0.332
-0.0870 9.1025 0.429
-0.0557 8.7951 0.454
-0.0552 8.9363 0.325
-0.0888 9.0554 0.446
-0.1098 9.0166 0.315
-0.0648 8.9751 0.353
-0.0658 8.9695 0.395
-0.0850 9.0609 0.023
-0.0594 9.2215 0.565
-0.0575 8.7923 0.334
-0.0600 8.8892 0.498
-0.0337 9.0000 0.732
-0.0505 8.9225 0.279
-0.0867 9.1578 0.000
-0.0927 8.9972 0.294
-0.0490 8.9280 0.410
-0.0891 9.0692 0.069
-0.1660 9.0000 0.421
-0.0770 9.0831 0.169
-0.0517 8.9058 0.498
-0.0594 8.7978 0.381
-0.0527 9.1634 0.495
-0.0690 9.0028 0.358
-0.0681 8.9142 0.393
-0.0763 8.9418 0.513
-0.0953 9.0305 0.426
-0.0741 9.1246 0.567
-0.0542 8.9889 0.396
0.1003 8.9945 0.884
-0.0541 9.3046 0.551
-0.0569 9.2686 0.498
-0.0536 8.7203 0.502
-0.0547 9.3212 0.460
-0.0659 8.9585 0.379
-0.1256 9.0111 0.579
-0.0451 9.0083 0.377
-0.0679 9.0000 0.389
-0.1610 9.0000 0.548
-0.0255 9.0166 0.746
-0.0757 9.1523 0.219
-0.0677 8.9474 0.246
0.1340 9.0000 0.990
0.0105 8.9640 0.273
-0.0610 9.1634 0.336
-0.0569 8.8782 0.577
-0.0523 8.7508 0.540
-0.0353 8.9723 0.732
-0.1514 9.0000 0.222
-0.0621 9.0858 0.500
-0.0284 8.9889 0.271
-0.0779 9.1135 0.259
0.1256 9.0028 0.926
-0.0509 8.8588 0.388
-0.0603 9.0609 0.550
-0.0522 9.0138 0.282
-0.0490 9.0360 0.549
-0.0868 9.1274 0.650
-0.0606 9.2797 0.540
-0.0918 8.9391 0.000
-0.0680 8.9003 0.335
-0.0747 8.9308 0.285
-0.0421 8.9862 0.747
-0.0556 9.0582 0.627
0.0093 8.9668 0.967
0.0184 8.9834 0.991
-0.1032 8.9557 0.480
-0.0533 9.1163 0.231
-0.0474 9.0332 0.393
-0.0912 8.9612 0.000
-0.1344 9.0000 0.193
-0.0597 8.9114 0.480
0.0690 9.0000 1.000
-0.0718 8.9557 0.545
-0.0648 8.8200 0.454
-0.0534 8.7397 0.455
-0.0881 9.0194 0.000
-0.0960 8.9889 0.464
-0.0447 9.0028 0.630
-0.1056 8.9862 0.033
-0.0672 8.9640 0.143
-0.0758 9.0748 0.479
-0.0575 8.9308 0.510
-0.0504 9.0194 0.527
0.0439 8.9945 1.000
-0.0833 8.8920 0.000
-0.0885 8.8643 0.038
-0.1501 8.9945 0.168
-0.0792 8.9778 0.000
-0.0786 8.8892 0.551
-0.0516 9.1274 0.487
-0.0532 8.8338 0.265
-0.0590 8.9945 0.263
-0.0685 9.1218 0.756
-0.0498 9.1135 0.509
-0.0533 9.1274 0.347
-0.0639 9.2298 0.589
0.0407 8.9972 0.713
-0.0761 9.0332 0.245
0.2028 9.0000 1.000
0.1850 9.0000 1.000
-0.0532 8.7785 0.407
-0.0629 9.0222 0.238
-0.0463 8.9945 0.627
-0.0803 9.0942 0.101
-0.0929 8.9280 0.541
-0.0943 9.0388 0.079
-0.0316 9.0111 0.654
-0.1273 8.9917 0.200
-0.0588 9.1966 0.737
-0.0698 8.8892 0.358
-0.0927 8.9197 0.493
0.0154 9.0194 0.934
-0.0505 9.0914 0.387
-0.0563 9.0692 0.234
-0.0622 9.1578 0.402
-0.0919 9.0969 0.509
0.1951 9.0000 1.000
-0.0922 9.0637 0.457
0.1682 9.0028 1.000
-0.0851 9.1357 0.000
-0.0922 8.9142 0.442
0.1412 9.0028 1.000
-0.1378 8.9862 0.733
-0.0764 9.0415 0.203
0.0017 8.9834 0.824
-0.0547 8.6954 0.361
-0.0961 9.0222 0.438
-0.0599 9.1357 0.373
-0.0517 8.9252 0.365
0.0072 8.9806 1.000
-0.0740 8.9446 0.201
-0.0771 9.0249 0.251
-0.0520 8.8532 0.610
0.0098 9.0277 0.882
-0.0914 8.9225 0.123
-0.0800 9.1218 0.000
-0.0585 9.1468 0.570
-0.0611 8.8089 0.714
-0.0916 9.1052 0.520
-0.0226 8.9945 0.790
-0.0821 9.1163 0.375
-0.1064 8.9834 0.082
-0.0636 9.0249 0.456
-0.0557 9.0000 0.456
-0.0655 9.1994 0.479
-0.0291 9.0000 0.789
0.0126 8.9862 0.851
-0.0438 8.9529 0.470
-0.0619 9.0000 0.590
-0.0708 8.9806 0.455
-0.0712 8.8698 0.113
-0.0618 8.9917 0.354
-0.0548 9.0775 0.212
-0.0706 9.0997 0.568
-0.0650 9.1274 0.445
-0.0540 8.9308 0.408
0.0356 8.9972 0.979
-0.0850 9.0471 0.554
0.0145 9.0222 0.895
0.0423 9.0083 1.000
-0.0557 8.7231 0.406
-0.0506 8.8975 0.585
-0.0944 9.0443 0.425
-0.0524 9.3351 0.517
-0.2432 9.0000 0.663
-0.0734 9.0720 0.463
-0.1154 8.9889 0.200
-0.0247 9.0083 0.704
-0.0796 9.0166 0.000
-0.0832 9.0720 0.000
-0.0845 9.0249 0.343
-0.0856 8.9086 0.613
-0.0532 8.8145 0.388
-0.0560 8.8255 0.336
-0.0829 9.1440 0.000
-0.1412 9.0028 0.057
-0.0441 8.9418 0.662
-0.0842 9.1578 0.482
-0.0904 8.9058 0.042
-0.0751 8.9751 0.403
0.0617 9.0028 1.000
0.0340 9.0055 0.846
-0.0964 9.0471 0.303
0.0091 8.9945 1.000
-0.0154 9.0055 0.798
-0.0535 9.3129 0.376
-0.0642 8.9225 0.443
-0.0497 9.0138 0.547
-0.0929 8.9668 0.420
-0.0956 9.0028 0.114
-0.0258 9.0000 0.774
-0.0556 9.0609 0.618
-0.0674 9.1662 0.363
-0.0637 8.8615 0.339
-0.0587 8.9806 0.433
-0.0755 9.0028 0.403
-0.0735 8.9335 0.460
-0.0581 8.7563 0.459
-0.0678 9.0111 0.450
0.0334 9.0028 1.000
-0.0320 8.9862 0.760
-0.0655 8.9031 0.344
-0.0794 9.1108 0.127
-0.0347 8.9751 0.249
-0.0528 8.8394 0.277
0.0392 8.9945 0.938
-0.0743 9.1080 0.311
0.0059 8.9889 1.000
0.0123 9.0138 0.888
-0.1056 9.0028 0.462
-0.0522 8.9446 0.369
-0.1126 8.9751 0.576
-0.0725 9.0055 0.619
-0.1011 9.0305 0.470
-0.1053 9.0222 0.531
-0.0670 8.8560 0.415
-0.0560 8.9557 0.403
0.0145 9.0028 0.924
-0.0329 9.0332 0.703
-0.0574 9.1883 0.481
-0.0652 8.9806 0.448
-0.0514 8.9502 0.376
-0.0204 9.0083 0.779
-0.1010 9.0415 0.397
-0.0901 8.8865 0.534
0.0013 9.0083 0.816
-0.0534 8.9391 0.441
-0.0374 9.0111 0.690
0.0207 8.9778 1.000
-0.0556 9.3406 0.419
-0.0886 9.1052 0.477
-0.0505 8.9418 0.382
-0.0942 9.1108 0.400
-0.0664 8.9612 0.199
-0.0728 8.9612 0.577
0.0211 8.9945 0.282
-0.0606 8.7951 0.328
-0.0619 9.2215 0.382
-0.0501 8.9695 0.368
-0.0498 8.9751 0.540
0.0145 9.0277 1.000
0.1187 9.0083 0.940
0.1217 9.0111 0.930
-0.0556 8.8505 0.465
-0.0665 9.0554 0.146
-0.1100 9.0083 0.664
-0.0536 9.2742 0.576
-0.1582 8.9972 0.449
-0.0635 9.2326 0.511
-0.0519 9.3489 0.462
-0.0613 8.9778 0.203
-0.0289 8.9917 0.713
-0.0741 9.0526 0.413
-0.0543 9.0637 0.222
-0.0990 9.0332 0.003
-0.0866 8.9972 0.000
-0.0779 9.0222 0.000
-0.1277 8.9945 0.063
-0.0561 8.8034 0.248
-0.1476 9.0028 0.622
-0.0920 9.0083 0.665
-0.0541 9.3018 0.633
-0.0793 9.0360 0.119
-0.0583 9.0028 0.216
-0.0727 9.0997 0.317
-0.0519 9.2658 0.410
-0.0870 8.8809 0.077
-0.0639 8.8782 0.359
-0.0878 9.0443 0.422
-0.0824 9.0360 0.603
-0.0322 9.0111 0.744
0.1023 9.0000 0.868
-0.0885 8.8782 0.074
-0.0550 9.1551 0.286
-0.0514 9.1468 0.616
-0.0498 8.9142 0.636
-0.0980 9.0083 0.494
-0.0503 9.0028 0.377
0.0081 9.0332 0.923
-0.0530 9.0665 0.475
-0.0693 9.0498 0.130
-0.0782 8.9225 0.405
-0.1642 8.9972 0.105
-0.0829 8.9003 0.512
-0.0938 8.9363 0.565
0.0148 9.0083 0.861
-0.0462 9.0443 0.706
-0.0808 9.0942 0.593
-0.0448 9.0249 0.617
-0.0563 9.2825 0.259
-0.0649 9.1108 0.401
0.0132 9.0111 0.895
-0.0516 9.1191 0.394
-0.0595 8.7397 0.346
-0.0671 8.8837 0.137
-0.0910 9.0138 0.543
-0.0819 9.1191 0.000
-0.0652 9.0609 0.485
-0.0776 9.0803 0.292
-0.0802 9.0471 0.465
-0.0612 9.2714 0.225
-0.0599 9.1800 0.565
-0.0981 8.9945 0.000
-0.0558 9.1578 0.405
-0.0510 8.8782 0.496
-0.0802 9.0637 0.691
-0.0628 9.1246 0.429
0.1049 9.0000 0.884
-0.0740 9.0886 0.242
-0.0549 8.9031 0.530
-0.0558 9.0858 0.555
-0.0358 8.9862 0.681
-0.1194 9.0000 0.589
0.0295 9.0028 0.725
-0.0585 8.8228 0.417
-0.0450 8.9972 0.686
0.1284 9.0083 0.941
-0.0555 9.0111 0.361
-0.0767 8.9280 0.339
-0.0546 8.7065 0.265
-0.0720 9.1025 0.497
-0.0523 8.9197 0.261
-0.0629 9.1495 0.361
-0.0815 9.1080 0.000
-0.0837 9.1274 0.489
-0.0641 8.7674 0.414
-0.0651 8.8422 0.500
-0.0565 8.7812 0.463
-0.0624 8.9862 0.197
-0.0658 8.8449 0.417
-0.0766 8.9252 0.315
-0.0589 9.2049 0.222
0.0245 9.0028 1.000
-0.0503 9.0249 0.546
-0.0575 8.8422 0.326
-0.0545 8.8477 0.234
-0.0702 9.0803 0.426
-0.0996 9.0000 0.038
-0.1154 8.9972 0.258
-0.0140 9.0000 0.796
-0.0527 9.2631 0.468
0.0047 9.0028 0.676
-0.0555 8.6760 0.485
-0.0605 8.8006 0.342
-0.0692 8.9391 0.459
-0.0589 9.1938 0.475
0.0144 9.0415 1.000
-0.0864 8.9945 0.004
-0.0078 9.0111 0.812
-0.1291 9.0055 0.627
-0.0377 8.9834 0.752
-0.0919 9.0055 0.535
-0.0854 9.0222 0.000
-0.0654 8.9889 0.457
-0.0695 9.0138 0.492
-0.0535 8.7037 0.749
-0.1384 9.0028 0.089
-0.0731 8.9363 0.116
-0.0764 9.0443 0.254
-0.1067 8.9972 0.717
0.0100 8.9695 1.000
-0.0537 8.9280 0.400
-0.0881 9.1080 0.000
-0.0537 9.2603 0.273
-0.0464 9.0360 0.620
-0.0511 9.1440 0.672
0.0117 9.0332 0.910
-0.0816 9.0914 0.111
-0.0643 8.8532 0.449
-0.0527 8.8366 0.290
-0.0012 9.0138 0.695
-0.0907 9.0000 0.000
-0.0641 8.9612 0.496
-0.0627 9.0166 0.489
-0.0939 8.9529 0.451
-0.0520 9.1329 0.381
-0.0723 9.0803 0.479
-0.0923 8.9114 0.007
-0.0541 9.3434 0.352
-0.0807 8.8726 0.509
-0.0650 8.8560 0.273
-0.0059 8.9945 1.000
-0.0583 9.2354 0.380
0.0147 9.0249 0.885
-0.1233 9.0000 0.567
-0.0511 8.9778 0.282
-0.0517 9.0526 0.484
-0.0781 8.8837 0.397
-0.1068 9.0138 0.523
-0.0296 8.9972 0.787
-0.0443 9.0554 0.742
0.0913 9.0000 1.000
0.1303 8.9945 0.919
-0.0785 9.0582 0.533
-0.0715 8.8615 0.311
0.0061 8.9751 0.861
-0.0519 9.2382 0.304
0.1077 8.9945 0.923
-0.0524 8.7452 0.268
0.1202 8.9972 0.901
-0.0599 9.0083 0.444
-0.0585 8.7646 0.373
-0.0840 9.1025 0.101
-0.0337 8.9972 0.725
-0.1014 9.0526 0.253
-0.0930 8.9917 0.502
-0.0551 9.2797 0.351
0.0126 9.0360 0.861
0.0145 8.9806 0.244
-0.0158 8.9862 0.793
-0.0871 9.0471 0.000
-0.0922 8.9945 0.000
0.0111 8.9834 0.932
-0.0634 8.8726 0.497
-0.0587 9.2105 0.239
-0.0548 9.1606 0.433
-0.0525 9.0831 0.615
-0.0854 8.8892 0.620
-0.0616 9.2077 0.425
-0.0278 8.9723 0.769
-0.0531 8.9640 0.631
0.0241 9.0111 0.828
-0.0303 9.0249 0.235
-0.0929 9.0249 0.657
-0.0640 8.8006 0.256
-0.0841 8.9418 0.091
0.0179 8.9972 1.000
-0.0707 9.0305 0.464
-0.0662 8.9723 0.360
-0.0486 8.9391 0.624
-0.0687 9.1052 0.675
-0.0530 8.9225 0.268
0.0190 8.9889 0.939
0.0312 8.9972 1.000
-0.0664 8.8477 0.361
-0.0914 8.9446 0.562
-0.0584 8.8394 0.506
-0.0788 8.9889 0.484
-0.0884 9.0415 0.441
-0.0285 8.9834 0.777
-0.0756 8.9225 0.202
-0.1085 9.0000 0.548
-0.0878 9.0969 0.000
-0.0966 9.0055 0.278
-0.0895 9.0748 0.193
-0.0920 9.0305 0.072
-0.0113 9.0028 0.811
-0.1048 9.0028 0.054
-0.0582 8.8560 0.214
-0.0577 8.8449 0.693
-0.0604 9.0471 0.539
-0.0611 8.9640 0.393
-0.0705 8.9972 0.131
-0.0044 9.0138 0.768
-0.0592 9.0637 0.439
-0.0549 8.9585 0.447
-0.0750 9.0083 0.592
-0.0566 9.2631 0.336
0.1325 9.0028 0.993
-0.0876 8.9280 0.327
-0.0659 9.0194 0.365
-0.0474 9.1412 0.540
-0.1115 9.0249 0.188
-0.0545 8.8726 0.209
-0.0487 9.0748 0.359
-0.0400 9.0028 0.670
-0.0788 8.9474 0.516
-0.0564 9.0443 0.416
-0.0390 8.9862 0.339
-0.1386 8.9972 0.473
-0.1096 9.0111 0.306
-0.0576 8.9474 0.346
-0.0616 8.8338 0.189
-0.0667 9.1135 0.337
-0.0529 9.2908 0.375
-0.0720 9.1468 0.367
0.0208 9.0138 1.000
-0.0672 8.8782 0.250
-0.0700 8.8588 0.384
-0.0590 9.2769 0.473
-0.0642 8.9169 0.374
-0.0867 8.9391 0.000
-0.0473 9.1080 0.629
0.0164 9.0194 1.000
-0.0122 8.9945 0.697
0.0053 9.0055 0.325
0.0674 9.0028 1.000
0.0645 9.0000 1.000
-0.0970 8.9585 0.480
-0.0766 8.9142 0.252
-0.0531 8.8698 0.320
-0.0184 8.9889 0.821
-0.0585 9.0803 0.531
-0.0786 9.0138 0.252
0.0276 8.9972 1.000
0.0025 8.9945 0.825
-0.0584 9.1108 0.322
-0.0615 9.0637 0.525
-0.0488 9.0720 0.517
-0.1154 8.9917 0.139
-0.0572 9.3018 0.469
-0.0455 9.0055 0.662
-0.2490 9.0000 0.723
-0.0492 9.0665 0.551
-0.0824 8.8809 0.202
-0.0760 9.0969 0.485
-0.0568 8.8809 0.368
-0.0612 9.0582 0.421
-0.0594 9.1495 0.483
-0.0569 9.2022 0.507
0.0130 8.9834 0.972
-0.0606 9.1191 0.384
-0.0508 9.0111 0.582
0.1377 8.9945 1.000
-0.0661 8.9945 0.302
-0.0590 8.8865 0.619
-0.0815 9.0028 0.201
-0.0729 9.1052 0.476
-0.0756 9.0415 0.000
-0.0528 9.2465 0.475
-0.0618 8.9391 0.410
-0.0617 9.1191 0.365
-0.0851 8.9972 0.029
-0.0529 9.0415 0.523
-0.0576 9.1412 0.175
-0.0537 8.9945 0.407
-0.0587 8.7286 0.620
-0.0545 9.2852 0.453
-0.0731 9.1495 0.143
-0.0466 8.9446 0.621
-0.0771 9.0083 0.265
-0.0716 9.1551 0.504
-0.0889 9.0498 0.033
-0.0593 9.2382 0.391
-0.0871 9.1551 0.072
-0.0873 9.1191 0.790
-0.0573 8.7231 0.369
0.0090 8.9917 0.971
-0.0573 9.1274 0.225
-0.0786 8.9972 0.195
0.0255 8.9917 1.000
-0.0542 9.0166 0.513
-0.0889 9.1412 0.319
-0.0490 8.9862 0.660
-0.0737 8.9418 0.280
-0.0597 8.9280 0.478
-0.0683 9.0969 0.653
-0.0534 8.8865 0.731
-0.0728 8.9003 0.266
-0.0535 8.7868 0.251
-0.0649 8.9308 0.463
-0.0779 9.0858 0.531
-0.0509 8.9668 0.515
-0.0559 9.2520 0.232
-0.0441 8.9806 0.317
-0.0540 8.6483 0.534
0.1280 9.0000 0.969
-0.0643 9.0471 0.387
-0.0876 8.8975 0.000
-0.0726 8.9252 0.361
-0.0775 8.9668 0.327
-0.0697 8.8366 0.398
-0.0810 9.0388 0.471
-0.0301 8.9778 0.726
-0.0546 8.7369 0.474
-0.0658 9.0028 0.242
0.0089 9.0360 0.972
-0.0699 8.9889 0.530
-0.0707 9.0277 0.295
-0.0598 9.0831 0.341
-0.0642 9.0415 0.434
-0.0855 8.9252 0.420
-0.0851 8.9335 0.082
-0.0569 9.2409 0.579
0.1219 8.9889 0.905
-0.0605 8.8338 0.659
0.0190 9.0360 0.883
0.0071 8.9972 0.828
0.0207 9.0277 0.837
-0.0141 8.9972 0.782
-0.0631 8.8228 0.457
-0.0709 8.9917 0.255
-0.0643 8.8754 0.497
-0.0454 9.0471 0.649
-0.0582 9.0360 0.667
-0.0716 8.8560 0.138
-0.0767 9.1163 0.493
-0.0747 8.9834 0.502
-0.0813 9.0554 0.291
-0.0540 9.3102 0.632
-0.0605 8.9252 0.207
-0.0353 9.0138 0.642
-0.0426 9.0305 0.715
-0.0501 9.0222 0.318
-0.0165 9.0138 0.808
-0.0572 9.2492 0.576
-0.1368 8.9889 0.210
-0.0589 8.7425 0.430
-0.0013 9.0000 0.243
-0.0827 9.0886 0.091
-0.0800 9.0526 0.000
-0.0606 8.7203 0.225
-0.0121 9.0083 0.184
-0.0622 8.8394 0.221
0.0050 9.0249 0.258
-0.0841 9.1108 0.000
0.0090 9.0222 0.896
-0.0870 9.0083 0.500
-0.1207 8.9972 0.207
-0.0899 8.9363 0.040
-0.0677 9.0166 0.264
-0.1006 9.0055 0.642
-0.0435 8.9612 0.699
-0.0734 9.0554 0.278
-0.0463 9.0388 0.575
-0.0944 9.0692 0.474
-0.0773 9.0720 0.375
-0.0790 8.9585 0.621
-0.0283 9.0194 0.733
-0.0593 8.8532 0.664
-0.0536 8.8311 0.545
-0.0795 9.0305 0.469
-0.2817 9.0000 0.719
-0.0535 8.9917 0.233
-0.0710 9.1440 0.498
-0.0070 9.0083 0.617
-0.0685 8.9529 0.279
0.0528 9.0000 1.000
-0.0598 9.1302 0.557
-0.0533 8.9862 0.316
-0.0096 8.9972 0.787
-0.0528 8.8975 0.409
-0.0438 9.0166 0.657
-0.0213 9.0028 0.774
-0.0387 9.0194 0.706
-0.0826 9.0194 0.489
-0.0816 8.9031 0.611
-0.0484 8.9058 0.597
-0.0906 8.9086 0.438
-0.0463 8.9668 0.746
-0.1258 9.0083 0.602
-0.0582 9.0498 0.459
-0.0777 8.9114 0.174
-0.0523 9.2077 0.326
-0.0860 8.8837 0.000
-0.0635 9.2160 0.443
-0.0163 8.9889 0.209
-0.0425 8.9723 0.765
-0.0526 8.7092 0.513
-0.0843 9.0332 0.485
-0.0556 9.1772 0.538
-0.0854 9.0526 0.000
-0.0629 8.9142 0.346
-0.0728 8.9474 0.554
-0.0598 8.9723 0.454
-0.0829 8.9557 0.581
-0.0900 8.9778 0.000
0.0386 9.0028 1.000
-0.0578 9.1662 0.339
0.0153 9.0388 1.000
-0.0790 8.9086 0.236
-0.0892 8.8920 0.047
-0.0546 9.0969 0.391
-0.0953 9.0277 0.254
-0.0477 9.1329 0.601
-0.1329 9.0028 0.129
-0.0552 9.0083 0.545
-0.0557 8.6732 0.481
-0.0446 8.9557 0.601
-0.0559 9.2022 0.341
-0.0596 9.0858 0.402
-0.1233 9.0055 0.084
-0.0578 8.8698 0.454
-0.0481 9.1025 0.731
0.0188 8.9751 0.781
-0.0579 8.8975 0.452
-0.0543 9.0388 0.476
-0.0471 8.9474 0.567
-0.0537 8.6455 0.451
-0.0600 9.0720 0.212
-0.0652 9.2022 0.532
-0.0163 9.0166 0.573
-0.0863 8.8505 0.561
-0.0661 9.1883 0.475
-0.0616 9.1938 0.444
-0.0679 9.1302 0.489
-0.0572 8.8920 0.509
-0.0676 8.9363 0.739
-0.0642 9.1689 0.461
-0.0801 8.9197 0.000
-0.0603 9.0748 0.686
-0.0818 8.8532 0.000
-0.0593 8.9668 0.441
-0.0431 9.0609 0.191
-0.1155 9.0028 0.408
0.0341 9.0000 1.000
-0.0698 8.9418 0.427
-0.0895 9.1606 0.503
-0.0330 8.9834 0.726
-0.0204 9.0000 1.000
-0.0156 8.9917 0.732
-0.1030 9.0166 0.158
-0.1011 9.0388 0.000
-0.0703 9.1412 0.456
-0.1007 9.0194 0.210
0.0980 8.9945 0.860
-0.0535 9.1828 0.390
-0.1063 8.9889 0.088
-0.0832 9.1606 0.000
-0.1061 9.0055 0.306
-0.0488 9.1191 0.356
-0.0679 8.8920 0.417
-0.0565 8.8837 0.331
0.1435 9.0028 1.000
-0.0725 9.0111 0.258
-0.0622 8.9114 0.597
-0.0321 9.0222 0.726
0.0064 8.9972 0.238
-0.0619 9.1163 0.449
-0.1345 9.0166 0.235
-0.0672 8.8615 0.144
0.1381 9.0000 1.000
-0.1234 8.9945 0.027
-0.0529 9.0803 0.250
-0.0800 9.0692 0.409
-0.1122 8.9862 0.277
-0.0573 8.7480 0.516
-0.0649 8.7923 0.298
-0.0813 9.0277 0.353
-0.0554 8.6982 0.558
-0.0634 8.9834 0.487
-0.0712 9.0914 0.354
-0.0330 9.0360 0.734
-0.0002 9.0055 0.223
-0.1663 9.0028 0.197
-0.0610 9.0249 0.433
-0.0496 9.0969 0.369
-0.0487 9.0609 0.557
0.0190 9.0305 0.958
-0.0464 8.9474 0.604
-0.0611 9.1329 0.540
-0.0735 9.0498 0.308
-0.0845 9.1495 0.000
-0.0824 8.9917 0.529
-0.0656 9.1412 0.377
-0.0636 8.9972 0.454
-0.0759 9.1052 0.000
-0.0877 9.0720 0.082
-0.0836 8.8837 0.366
0.0165 9.0166 1.000
-0.0710 8.9972 0.120
-0.0856 8.9446 0.000
-0.0694 8.8532 0.277
-0.0867 8.9003 0.000
-0.1045 9.0249 0.684
-0.0524 9.1357 0.620
-0.0780 8.8754 0.424
-0.0634 8.8172 0.309
-0.0952 9.0194 0.436
-0.0339 8.9668 0.678
-0.0571 8.9972 0.452
0.0128 9.0166 0.917
-0.0657 8.7702 0.317
-0.0934 9.0831 0.540
-0.0734 9.0332 0.382
0.0059 9.0194 0.956
-0.0486 9.0388 0.643
-0.0627 8.8255 0.521
-0.2694 9.0000 0.754
-0.0528 9.2409 0.710
-0.0697 8.8975 0.435
-0.0852 8.9778 0.192
-0.0908 9.0997 0.686
-0.0577 8.9889 0.291
-0.1021 9.0360 0.303
-0.0564 8.7702 0.351
0.0166 9.0415 1.000
-0.0381 8.9917 0.696
-0.0575 9.2132 0.427
-0.0585 8.8145 0.694
-0.0824 8.8754 0.415
-0.1018 8.9862 0.551
-0.0889 9.0249 0.144
-0.0632 8.8366 0.395
-0.0569 9.2825 0.578
0.0291 9.0055 1.000
-0.0717 8.8892 0.409
-0.0836 8.9391 0.000
-0.1027 9.0138 0.644
-0.0567 9.2963 0.421
-0.0548 9.2298 0.217
-0.0533 9.2215 0.629
-0.0842 8.8505 0.000
-0.0755 8.9169 0.291
0.1287 9.0055 0.968
-0.0676 8.8865 0.533
-0.0530 8.8643 0.262
-0.0520 9.2963 0.386
0.0978 9.0055 0.891
-0.0508 8.9557 0.338
-0.0528 8.9086 0.403
-0.1747 9.0028 0.528
-0.0725 9.0360 0.149
-0.0416 9.0000 0.640
-0.0672 8.9169 0.269
-0.0574 9.0000 0.386
-0.0942 9.0471 0.340
-0.0807 8.9363 0.508
-0.0583 8.8366 0.456
-0.0407 8.9945 0.608
-0.0815 8.9668 0.366
-0.0802 8.9723 0.432
-0.0505 9.0526 0.395
-0.1117 8.9917 0.591
-0.1243 9.0138 0.164
-0.0814 9.1302 0.101
-0.0023 9.0166 0.786
-0.0857 9.0222 0.000
-0.0754 8.8837 0.490
-0.0642 9.0111 0.172
-0.0763 8.8809 0.619
-0.0555 8.6926 0.527
-0.0810 9.0415 0.460
-0.0717 8.9280 0.355
-0.0684 9.0055 0.332
0.1056 9.0028 1.000
-0.1401 9.0000 0.729
-0.0605 9.2271 0.633
-0.0502 8.9723 0.612
-0.0893 9.0665 0.321
-0.0600 8.8311 0.215
-0.0627 8.8975 0.526
-0.0501 9.1052 0.543
-0.1158 9.0055 0.452
-0.0206 9.0166 0.780
-0.0331 9.0222 0.769
-0.0743 8.9585 0.537
-0.0535 9.1412 0.351
-0.0548 8.7923 0.464
-0.0476 8.9585 0.592
-0.0336 8.9917 0.765
-0.0608 8.7258 0.515
-0.0667 8.8948 0.334
-0.0716 9.0858 0.000
-0.0877 9.1634 0.054
-0.0944 9.1135 0.470
-0.0534 9.2188 0.477
-0.0540 9.2548 0.580
-0.0835 8.8560 0.041
-0.0615 8.9335 0.194
-0.0511 9.0554 0.534
0.0118 8.9612 0.924
0.1225 9.0000 0.837
-0.0579 8.9086 0.459
-0.0663 9.1025 0.361
0.0978 9.0028 0.946
-0.0544 8.9668 0.405
0.0108 9.0166 1.000
-0.0838 8.8394 0.075
-0.0496 8.9889 0.221
0.0357 9.0000 1.000
-0.0975 9.0415 0.605
0.0949 9.0083 0.931
-0.1136 8.9723 0.640
-0.0434 9.0222 0.648
-0.1010 8.9474 0.469
-0.0504 8.9335 0.484
-0.0866 8.9695 0.437
0.0082 9.0194 0.208
0.0220 9.0000 0.922
-0.1774 8.9972 0.115
-0.0406 9.0083 0.642
-0.0839 9.1135 0.000
-0.0797 8.8948 0.693
-0.0659 9.0360 0.518
-0.0435 9.0194 0.671
-0.0191 8.9917 0.251
-0.1330 9.0083 0.697
-0.0663 9.0720 0.444
-0.0884 9.1468 0.573
-0.0537 8.6871 0.403
-0.0477 9.0775 0.619
-0.0590 9.1523 0.392
-0.0809 8.9806 0.589
-0.0530 8.6622 0.519
-0.0829 9.0166 0.591
-0.0750 8.9640 0.119
-0.0593 9.2935 0.399
0.0149 8.9778 1.000
-0.0630 9.0498 0.495
-0.0938 9.0665 0.236
-0.0728 9.0194 0.399
-0.0900 8.9557 0.062
-0.0808 8.9529 0.000
-0.0950 9.0415 0.022
-0.0478 9.0055 0.662
-0.0597 8.9585 0.267
-0.0983 9.0388 0.279
-0.0882 9.1108 0.080
-0.0713 8.8477 0.328
0.0223 8.9889 0.894
-0.1116 9.0111 0.323
-0.0528 8.8062 0.456
-0.0562 8.8671 0.372
-0.0994 9.0360 0.433
-0.0803 8.9695 0.000
-0.0527 8.7314 0.369
-0.0577 9.1246 0.486
-0.0506 8.8726 0.294
-0.0440 9.0498 0.377
-0.0660 8.8062 0.437
-0.0718 8.9197 0.494
0.0164 8.9695 0.952
-0.0926 8.9335 0.020
-0.0620 9.0914 0.491
-0.0466 8.9889 0.766
0.0100 9.0028 0.886
-0.0831 8.9114 0.107
-0.0998 9.0138 0.041
0.0173 9.0332 1.000
-0.1494 8.9972 0.157
-0.1016 8.9889 0.549
-0.0252 9.0055 0.728
-0.0688 9.0582 0.298
-0.0614 9.0582 0.478
0.0294 9.0000 1.000
-0.0611 8.7065 0.413
-0.0627 8.8865 0.249
-0.0843 8.9474 0.000
-0.0902 8.9917 0.713
-0.0690 8.9280 0.127
-0.0669 9.1523 0.295
-0.0598 9.2908 0.272
-0.0775 9.0388 0.688
-0.0622 8.8671 0.402
-0.0541 9.3572 0.411
0.1371 9.0028 0.955
0.0102 9.0111 0.674
0.1390 8.9917 1.000
-0.0484 9.0997 0.636
-0.0079 9.0028 0.809
-0.0568 8.8283 0.487
-0.0753 9.0388 0.742
-0.0597 8.7868 0.471
-0.1014 9.0277 0.173
-0.0507 9.0582 0.365
-0.0567 8.7702 0.224
-0.0829 8.9142 0.000
-0.1258 9.0028 0.736
-0.1486 9.0028 0.772
-0.0284 8.9945 0.744
-0.0530 9.2991 0.663
-0.0857 9.0803 0.000
-0.0532 9.3545 0.440
-0.0617 9.0831 0.171
-0.0528 9.0720 0.568
-0.0838 8.8422 0.438
-0.0682 8.9225 0.386
0.0125 8.9585 0.879
-0.0560 8.7258 0.532
-0.0828 8.9751 0.059
-0.0998 9.0166 0.467
-0.0740 9.0582 0.559
-0.0268 8.9917 0.785
0.0101 9.0055 0.852
-0.0684 9.0249 0.147
0.0188 9.0083 1.000
-0.0829 8.8588 0.175
-0.0724 9.0138 0.554
-0.0587 8.7674 0.198
-0.0728 9.0748 0.247
-0.0907 8.9418 0.441
-0.0786 8.9945 0.530
-0.0526 9.1135 0.449
-0.0686 8.9862 0.329
-0.0427 9.0111 0.644
-0.0559 8.7175 0.499
-0.0393 9.0138 0.712
-0.0427 8.9585 0.658
-0.0316 9.0277 0.738
-0.0541 9.0360 0.410
-0.0312 9.0138 0.731
-0.1070 9.0166 0.000
0.0314 9.0083 1.000
-0.0509 8.9308 0.594
-0.0854 8.8671 0.122
-0.1609 8.9945 0.076
-0.0947 9.0914 0.185
-0.0929 9.0803 0.450
-0.0882 8.9225 0.000
-0.1034 9.0000 0.491
-0.1098 8.9889 0.200
-0.1020 8.9806 0.204
-0.0600 9.0332 0.456
-0.0815 9.1468 0.000
-0.0506 9.1385 0.316
-0.0760 8.9363 0.127
-0.0694 9.0415 0.661
0.0989 8.9972 0.864
-0.0828 9.0305 0.362
-0.0529 9.0942 0.631
-0.0664 8.9834 0.133
0.1275 9.0055 0.963
-0.0846 9.0748 0.000
-0.0704 9.0748 0.150
-0.1103 8.9834 0.478
-0.1039 9.0111 0.477
-0.0665 9.1551 0.312
-0.1049 8.9723 0.000
0.0181 9.0028 0.244
-0.0722 9.0305 0.232
-0.0608 8.7314 0.521
-0.0897 9.1495 0.000
-0.0193 8.9862 0.787
-0.0425 9.0277 0.746
-0.0528 9.0997 0.621
-0.0328 9.0305 0.738
-0.0892 9.0886 0.426
-0.0598 8.9335 0.431
-0.0566 8.9778 0.386
-0.0526 9.3462 0.357
-0.0681 8.9751 0.591
-0.0572 8.7757 0.578
-0.0523 9.3295 0.463
-0.0244 9.0028 0.778
-0.0534 8.8809 0.511
-0.0688 8.8754 0.401
0.0050 9.0277 0.892
-0.0890 9.0000 0.557
-0.0835 8.8865 0.168
-0.0567 9.1994 0.231
-0.0599 9.0305 0.584
-0.0885 9.0055 0.057
-0.0671 9.0471 0.470
-0.0521 9.2575 0.275
-0.0896 9.0609 0.449
0.1209 9.0138 0.922
-0.0539 8.7895 0.372
-0.0878 8.8422 0.000
-0.1221 8.9917 0.193
0.0104 8.9889 0.924
-0.0578 8.7452 0.540
-0.0600 8.9557 0.420
-0.0960 8.9695 0.635
-0.0813 8.8948 0.000
-0.0629 9.0332 0.381
-0.0935 9.0748 0.000
-0.0669 9.0609 0.476
-0.0216 8.9972 0.282
-0.0905 9.0526 0.525
-0.0652 9.1385 0.491
-0.0531 8.6566 0.507
-0.0656 9.2354 0.296
0.0142 9.0000 1.000
-0.0654 9.0277 0.469
-0.1355 9.0138 0.000
-0.0580 9.0665 0.402
-0.0522 8.8200 0.321
-0.0726 9.1108 0.297
-0.0559 9.1246 0.347
-0.0877 8.9142 0.498
-0.0624 9.1800 0.588
-0.0921 9.1163 0.451
-0.0772 8.9169 0.504
-0.0686 8.9114 0.358
-0.0640 9.0942 0.675
-0.0547 8.8283 0.383
-0.0745 8.8588 0.258
-0.0508 8.9197 0.541
-0.0849 8.9502 0.468
-0.0889 8.9474 0.017
-0.0735 8.9695 0.318
-0.0834 8.9086 0.000
0.0184 9.0222 1.000
-0.0555 9.2686 0.342
-0.0567 9.2437 0.498
-0.0701 9.0083 0.451
-0.0563 8.7009 0.396
-0.0519 9.1662 0.405
-0.0548 8.6815 0.385
-0.0763 9.0498 0.381
-0.0775 8.9031 0.259
-0.0551 8.9806 0.411
-0.0599 9.0194 0.423
0.0211 8.9612 0.967
-0.0271 8.9862 0.744
-0.0877 8.8449 0.083
-0.0859 9.1440 0.759
-0.0530 8.9335 0.508
-0.0615 9.0720 0.328
-0.0564 9.2492 0.393
-0.0570 8.7785 0.359
-0.0836 8.8477 0.000
-0.1041 8.9972 0.059
-0.0609 9.2188 0.200
-0.0309 8.9806 0.235
-0.0694 9.0332 0.126
-0.0829 8.9280 0.230
0.0173 8.9668 0.939
-0.0519 8.8588 0.508
-0.0770 8.8975 0.537
-0.0651 9.1329 0.567
-0.1278 8.9806 0.004
-0.0917 9.0028 0.482
-0.1134 9.0055 0.333
-0.0562 8.8089 0.628
-0.0797 8.8920 0.271
0.0182 9.0055 1.000
-0.0576 9.1385 0.385
-0.0551 8.8837 0.457
-0.0944 9.0609 0.438
-0.0903 8.9502 0.000
-0.0529 9.0914 0.392
-0.0813 8.9058 0.000
-0.0872 8.8948 0.172
-0.1677 9.0055 0.509
-0.0222 9.0111 0.338
-0.0550 8.7286 0.489
-0.0542 8.6649 0.468
-0.0681 9.1385 0.423
-0.0479 8.8809 0.621
-0.0960 8.9917 0.358
-0.0046 8.9862 0.183
-0.0920 8.9751 0.499
-0.0730 8.8948 0.574
-0.0922 9.1080 0.460
-0.1263 8.9834 0.085
0.0059 8.9806 0.873
-0.0590 8.9225 0.220
-0.0888 9.0914 0.000
-0.0512 8.9252 0.613
-0.0884 8.8726 0.171
-0.0605 9.0055 0.185
-0.0554 9.0055 0.246
-0.0563 9.1025 0.352
0.0193 8.9723 1.000
-0.0649 9.1468 0.172
-0.0473 9.1495 0.679
-0.0530 9.2049 0.350
-0.0658 9.0803 0.484
-0.0643 8.8283 0.585
0.1074 8.9972 0.919
-0.0575 9.0388 0.412
-0.0028 8.9945 1.000
-0.0863 9.1246 0.000
-0.0621 8.9363 0.334
-0.0624 9.2132 0.508
-0.0561 9.3185 0.253
0.1169 9.0028 0.945
-0.0282 9.0028 0.501
-0.0908 8.9557 0.420
0.1418 9.0055 1.000
-0.0706 8.9031 0.313
0.1630 9.0028 1.000
-0.0525 9.1689 0.675
-0.1056 8.9806 0.317
0.0995 9.0028 0.885
-0.0862 8.9252 0.427
-0.0799 9.1025 0.584
-0.0655 8.8311 0.452
-0.0568 9.0222 0.444
-0.0897 9.1329 0.157
-0.0691 8.8394 0.132
-0.0904 9.0582 0.384
-0.0833 9.1412 0.562
-0.0596 8.9917 0.204
-0.0516 9.2880 0.562
-0.0609 8.7618 0.324
-0.0800 8.8865 0.295
-0.0660 9.0554 0.376
-0.0740 9.1274 0.353
-0.0768 8.9335 0.119
0.0040 9.0222 1.000
-0.0539 8.8560 0.556
-0.0931 8.8920 0.397
-0.0526 8.7840 0.286
-0.0632 8.9280 0.585
-0.0746 9.0775 0.247
-0.0881 9.0637 0.475
-0.0633 8.8837 0.479
-0.0682 9.0637 0.254
-0.0821 8.8782 0.731
-0.0938 8.9889 0.169
-0.0817 9.0498 0.000
-0.0585 8.8726 0.204
-0.0655 9.1357 0.402
-0.0349 9.0277 0.594
-0.0839 8.9862 0.273
-0.0655 9.1855 0.434
0.0050 9.0083 1.000
-0.0538 8.7120 0.630
-0.0550 9.0277 0.411
-0.1011 8.9668 0.419
-0.0364 9.0028 0.684
-0.0835 9.1218 0.488
-0.0530 9.3268 0.238
-0.0644 8.7646 0.427
-0.0574 9.2852 0.572
-0.0615 9.0305 0.468
-0.0870 8.8560 0.000
0.0109 8.9778 1.000
-0.0891 8.8588 0.405
-0.1865 9.0000 0.376
-0.0680 8.8643 0.463
-0.0572 9.2520 0.655
-0.0518 9.1994 0.536
-0.0535 8.7674 0.414
-0.0580 9.0692 0.343
-0.0538 8.9751 0.221
-0.0868 9.0582 0.429
-0.0727 9.0665 0.305
-0.1261 9.0055 0.671
-0.0641 9.1772 0.509
-0.0565 8.9391 0.328
-0.0642 8.9529 0.646
-0.0565 8.9834 0.306
-0.0642 9.0388 0.235
0.1387 8.9972 0.972
-0.0694 9.0914 0.313
-0.0668 8.9086 0.513
-0.0495 9.1218 0.673
-0.0755 8.8505 0.388
-0.0555 8.7342 0.650
-0.1622 9.0028 0.386
-0.0710 9.0000 0.611
-0.0766 8.8782 0.123
-0.0746 8.8422 0.783
-0.0506 8.9446 0.382
-0.0864 9.0305 0.000
-0.0760 8.9557 0.243
-0.0716 8.9031 0.293
-0.0543 8.7757 0.375
0.0191 9.0388 0.874
-0.0522 8.9529 0.289
-0.0879 9.1163 0.353
-0.1162 8.9945 0.440
-0.1244 9.0194 0.299
-0.1384 9.0111 0.507
-0.0517 9.1883 0.405
-0.0651 9.1440 0.451
-0.0514 8.8643 0.525
-0.0627 9.0665 0.441
-0.0756 9.1329 0.147
-0.0489 8.9834 0.539
-0.0666 8.8505 0.160
-0.0941 9.0858 0.518
-0.0885 8.9862 0.000
-0.0853 8.8615 0.000
-0.0722 9.1135 0.691
-0.0548 8.7646 0.520
-0.0562 8.6788 0.534
0.0503 9.0028 1.000
-0.0727 8.8643 0.228
-0.0776 8.9003 0.236
0.1201 9.0028 0.843
-0.0653 9.1911 0.356
0.0150 8.9751 1.000
-0.0572 9.2548 0.352
-0.0695 8.8449 0.415
-0.0854 8.9889 0.000
0.0044 9.0000 0.222
-0.0850 9.0000 0.042
-0.0583 9.2658 0.386
-0.0024 8.9917 0.935
0.0198 9.0000 1.000
-0.0544 8.7563 0.271
0.0811 9.0000 1.000
-0.0757 8.9529 0.166
-0.0577 8.7092 0.437
-0.0636 8.8809 0.338
0.1424 8.9972 1.000
0.0161 8.9972 0.971
-0.0834 9.0582 0.091
-0.0874 9.0028 0.000
-0.0737 8.9502 0.324
-0.0622 8.9197 0.331
-0.0563 8.8117 0.476
0.1312 8.9972 0.987
-0.0556 9.2769 0.309
0.1019 9.0055 0.879
-0.0499 9.0498 0.557
-0.0696 9.1468 0.572
-0.0470 9.0166 0.735
-0.0877 8.9612 0.262
-0.1212 9.0083 0.369
-0.0526 9.1108 0.579
-0.0646 9.1634 0.376
-0.0536 8.9474 0.522
-0.0520 8.8892 0.423
-0.0482 8.9003 0.702
-0.0669 9.0526 0.183
-0.0858 8.8532 0.288
-0.0621 8.7812 0.585
0.0032 8.9917 0.815
-0.0852 9.1329 0.000
-0.0189 9.0138 0.226
-0.0767 9.1274 0.174
-0.0545 8.7425 0.347
-0.0582 8.9003 0.578
-0.0645 9.0055 0.441
-0.0847 9.0055 0.000
0.0089 9.0000 1.000
-0.0512 8.8560 0.261
-0.1253 8.9862 0.446
0.0028 8.9778 0.822
-0.0916 8.9003 0.613
-0.0970 8.9668 0.147
-0.0754 9.0692 0.270
-0.2067 9.0000 0.759
-0.0579 8.7369 0.377
-0.0548 9.1745 0.433
-0.0568 9.1135 0.212
-0.0589 9.0166 0.743
-0.0508 8.9917 0.573
-0.0946 9.0111 0.136
-0.0671 8.8698 0.356
0.1242 9.0000 0.942
-0.0649 9.1606 0.402
-0.0929 8.8975 0.514
-0.0009 8.9862 0.843
-0.0850 8.9225 0.415
-0.0867 9.0775 0.140
-0.1016 9.0498 0.481
-0.0793 8.9612 0.273
-0.1055 8.9917 0.209
-0.0365 8.9806 0.693
-0.0625 9.1302 0.393
-0.0556 9.1468 0.423
-0.0610 8.8034 0.630
-0.0603 9.1052 0.441
-0.0807 9.0831 0.648
-0.0749 8.8809 0.529
-0.0695 9.1191 0.536
-0.0581 9.1772 0.538
-0.0153 9.0111 0.808
-0.0725 8.8449 0.625
-0.0528 8.7618 0.275
-0.0344 9.0249 0.269
-0.1140 9.0277 0.373
-0.0679 9.0222 0.211
0.1217 9.0055 0.946
-0.0163 9.0083 0.289
-0.0608 9.2880 0.525
0.0195 8.9862 1.000
-0.1179 9.0083 0.281
-0.0529 8.8782 0.528
0.1435 9.0000 1.000
-0.0573 9.0443 0.226
-0.0067 8.9972 0.824
-0.0696 9.1578 0.449
-0.0869 8.8892 0.048
-0.0597 8.9612 0.189
-0.0520 9.1717 0.486
-0.0683 8.9778 0.413
0.1168 9.0000 0.930
-0.0822 8.9197 0.000
0.1140 8.9972 0.975
-0.0880 8.9418 0.041
0.0167 8.9945 0.879
-0.0609 9.0969 0.216
-0.0849 9.1246 0.572
-0.0590 9.1163 0.477
-0.0824 9.0665 0.402
-0.0879 8.9031 0.473
-0.1028 8.9585 0.519
-0.0702 9.1246 0.341
-0.0561 8.6511 0.362
-0.0023 9.0028 0.238
-0.0525 8.6705 0.521
0.1211 9.0166 0.929
-0.0894 9.0997 0.311
-0.1355 9.0083 0.188
-0.0752 9.0166 0.288
-0.0937 9.0720 0.000
-0.0659 9.1717 0.563
-0.0712 9.0443 0.201
-0.0556 9.0028 0.523
0.0947 9.0000 1.000
-0.0613 8.7840 0.389
-0.0604 9.0554 0.389
-0.0502 8.8837 0.590
-0.1165 9.0111 0.525
-0.0650 8.8145 0.407
-0.0525 9.2437 0.346
-0.0584 8.7037 0.536
-0.0581 8.9031 0.762
-0.0661 9.0748 0.481
-0.0516 8.9114 0.318
-0.0519 8.8615 0.662
-0.0567 8.9197 0.550
-0.0992 8.9640 0.000
0.0147 8.9557 1.000
0.0980 8.9972 0.914
-0.0568 9.1218 0.345
-0.0634 9.1966 0.454
-0.0869 8.9585 0.712
0.0587 9.0000 1.000
-0.0601 8.9142 0.467
-0.0665 9.1606 0.467
-0.0610 8.7729 0.461
-0.0907 9.0166 0.456
-0.0929 9.0498 0.040
-0.0692 9.1080 0.142
-0.0654 8.8948 0.199
-0.0815 8.9585 0.662
-0.0580 8.7009 0.402
-0.0533 9.0554 0.404
-0.0940 9.0886 0.552
-0.0576 9.0138 0.303
-0.0846 9.1052 0.000
-0.0537 8.9834 0.233
-0.0483 8.9640 0.163
-0.0909 8.8865 0.257
-0.0554 8.9114 0.451
-0.0621 9.1523 0.584
-0.0881 9.0166 0.000
-0.0877 8.8671 0.176
-0.0433 8.9751 0.656
-0.0643 9.2271 0.528
-0.0526 9.3323 0.311
-0.0707 9.1357 0.518
-0.0456 9.0000 0.700
-0.0884 9.1357 0.000
-0.0650 8.8698 0.416
-0.1325 8.9945 0.519
-0.0632 8.8505 0.465
-0.0704 8.9308 0.436
-0.0657 8.8089 0.605
-0.0536 8.7591 0.247
-0.0586 9.2160 0.583
-0.0580 9.1025 0.292
0.0078 9.0249 0.912
-0.1336 8.9972 0.239
-0.0630 8.9668 0.507
-0.0450 9.0582 0.649
-0.1023 9.0471 0.545
-0.0593 8.9862 0.435
-0.0634 8.8477 0.425
-0.0512 9.0083 0.384
-0.0724 9.1191 0.145
-0.0794 8.9502 0.652
-0.0977 8.9972 0.428
-0.0889 8.8366 0.017
-0.0948 8.9723 0.536
-0.0795 8.9640 0.562
-0.0609 9.0942 0.721
-0.0765 8.9917 0.437
-0.0669 8.9502 0.573
-0.0793 9.0665 0.374
0.0056 8.9723 0.962
-0.0659 8.7729 0.467
-0.0725 9.1385 0.548
-0.0589 9.1080 0.441
-0.0599 8.9695 0.431
-0.0554 9.2326 0.391
-0.0604 8.8615 0.531
-0.0561 9.1911 0.375
-0.0707 9.1440 0.297
-0.0566 9.0111 0.444
-0.1005 8.9778 0.305
-0.0739 9.0249 0.469
-0.0930 9.0277 0.540
-0.0604 9.1717 0.423
0.1175 9.0083 0.891
-0.0651 8.9723 0.156
-0.1125 8.9778 0.314
-0.0728 8.8754 0.369
-0.1248 9.0000 0.407
-0.0366 8.9889 0.701
-0.0792 9.0886 0.056
-0.0623 8.9058 0.526
-0.0816 9.1523 0.460
-0.0531 8.7480 0.297
-0.0679 8.9058 0.516
0.0023 9.0138 1.000
-0.0765 9.0111 0.360
0.0120 8.9668 1.000
-0.0939 9.0554 0.234
-0.0885 9.0332 0.062
-0.1051 9.0194 0.000
-0.0262 8.9972 0.797
-0.0442 9.0138 0.662
-0.0471 8.9972 0.610
-0.0607 9.1551 0.423
-0.0661 9.0443 0.358
-0.0514 8.9612 0.383
-0.0813 8.9695 0.231
0.0311 8.9945 1.000
-0.0809 8.8975 0.000
-0.0102 9.0000 0.236
-0.0496 9.0886 0.485
-0.0569 8.9058 0.468
-0.0225 9.0055 0.791
0.0189 8.9640 1.000
-0.0554 9.2105 0.369
-0.0788 9.0000 0.422
-0.0540 9.0886 0.238
-0.0893 8.8615 0.192
-0.0552 9.2132 0.184
-0.0545 8.6538 0.549
0.0179 9.0443 1.000
-0.0723 8.9945 0.470
0.1208 8.9945 0.925
-0.0329 9.0055 0.659
-0.0597 8.9363 0.252
-0.1114 8.9806 0.033
-0.0654 9.1052 0.367
-0.1046 9.0222 0.064
-0.0517 8.8228 0.372
-0.0585 8.8505 0.554
0.1054 9.0055 0.896
-0.0521 8.9502 0.342
0.1618 9.0000 1.000
-0.1135 9.0222 0.146
-0.0895 8.9889 0.039
-0.0632 8.8643 0.405
-0.0605 9.0415 0.544
-0.0649 8.8892 0.535
-0.0619 8.8588 0.389
0.1372 8.9972 1.000
0.0039 9.0111 1.000
-0.0131 8.9834 0.175
-0.0559 8.7729 0.230
-0.0516 9.0637 0.353
-0.0635 8.9502 0.465
-0.0870 8.9834 0.464
-0.0582 9.1855 0.585
-0.0912 8.9695 0.033
0.1359 9.0055 0.986
-0.0958 8.9723 0.551
-0.1136 9.0028 0.349
-0.0629 9.1828 0.593
-0.0576 8.8671 0.421
-0.0898 8.9640 0.572
-0.0893 8.9335 0.000
-0.0532 9.0194 0.459
-0.0955 9.0249 0.214
-0.0484 8.8532 0.613
-0.0563 8.6594 0.512
-0.0341 9.0083 0.355
-0.1006 9.0443 0.598
-0.0601 8.8062 0.345
-0.0482 9.1302 0.555
-0.0701 9.0858 0.174
-0.0527 9.1080 0.406
-0.0699 9.1329 0.492
0.0029 8.9862 0.837
-0.0992 8.9806 0.097
-0.0733 8.9668 0.612
-0.1028 8.9502 0.053
-0.0574 9.0526 0.430
-0.0909 8.9862 0.566
-0.0060 8.9889 0.274
-0.0675 8.9252 0.313
-0.0489 9.0692 0.541
-0.0904 8.9252 0.059
-0.0751 8.9391 0.524
-0.0649 9.0083 0.316
-0.0623 8.7868 0.329
0.0089 9.0305 0.861
-0.0552 9.1495 0.411
-0.0833 9.0775 0.087
-0.0759 9.0997 0.176
-0.0887 9.0360 0.000
-0.0592 9.0277 0.442
-0.0527 8.6843 0.469
0.0408 9.0028 1.000
-0.0788 9.0609 0.213
-0.0471 9.0942 0.728
-0.0631 8.7978 0.231
-0.0090 9.0055 0.289
-0.1121 9.0194 0.286
-0.0590 8.9502 0.467
-0.0856 8.8754 0.005
0.0048 9.0166 1.000
-0.0493 8.8698 0.569
-0.0628 9.0886 0.368
-0.0317 9.0055 0.268
-0.0242 9.0138 0.319
-0.0579 8.8255 0.253
-0.0631 9.0692 0.462
-0.0904 8.9834 0.294
-0.0512 9.0000 0.392
-0.0854 8.9612 0.010
-0.0740 8.8782 0.250
-0.0567 8.9418 0.318
-0.0784 9.1302 0.314
-0.0650 9.1745 0.300
-0.0549 9.1440 0.222
-0.0508 9.1246 0.544
-0.0523 8.6898 0.338
-0.0039 8.9917 1.000
-0.0777 9.0775 0.551
-0.0585 9.1911 0.576
-0.0789 8.8726 0.240
-0.0392 8.9778 0.634
-0.0960 8.9612 0.471
-0.0335 8.9778 0.402
-0.0531 8.9612 0.375
-0.0517 8.9723 0.498
0.0141 9.0055 1.000
-0.1136 8.9972 0.624
-0.0360 8.9945 0.706
-0.1748 9.0000 0.646
0.0367 9.0055 1.000
-0.0424 9.0332 0.649
-0.0676 8.8671 0.528
-0.0136 9.0028 0.587
-0.0563 8.9003 0.352
-0.0450 9.0415 0.639
-0.1362 8.9917 0.720
-0.0332 8.9640 0.703
-0.0656 8.8117 0.410
-0.0715 8.9806 0.231
-0.0540 9.0222 0.283
-0.0737 8.8726 0.540
-0.0708 9.1108 0.253
-0.0854 9.0997 0.078
-0.0282 8.9751 0.721
-0.0568 9.2742 0.427
-0.0593 8.7342 0.483
-0.0817 8.8643 0.000
-0.0661 8.9003 0.555
-0.0673 9.0194 0.368
-0.0699 8.9668 0.167
-0.0887 9.0388 0.000
0.1201 8.9917 0.902
-0.0488 8.9945 0.555
-0.0690 9.0831 0.389
-0.0697 9.0775 0.506
-0.0598 8.7175 0.461
-0.1007 8.9695 0.412
-0.0792 8.9446 0.000
-0.0846 9.0083 0.000
-0.0911 8.9169 0.003
-0.1300 9.0000 0.064
-0.0733 9.1578 0.306
-0.0862 8.9751 0.077
-0.0385 8.9972 0.312
-0.0006 8.9889 1.000
-0.0555 9.3517 0.379
-0.0388 9.0166 0.389
-0.0575 9.0997 0.345
-0.0548 9.2271 0.395
0.0178 9.0249 0.810
-0.0615 9.0997 0.440
-0.0683 8.8422 0.368
-0.0795 9.1080 0.522
-0.0428 8.9391 0.646
-0.0535 9.2714 0.453
-0.0839 8.9640 0.000
-0.0690 8.9695 0.196
-0.0717 9.0277 0.460
-0.0630 9.2049 0.425
-0.0628 9.1218 0.455
-0.0706 9.1163 0.270
-0.0436 9.0526 0.720
-0.1256 8.9972 0.216
-0.0561 8.7978 0.320
-0.0797 9.0554 0.337
-0.0501 9.1163 0.605
-0.0825 9.0969 0.073
-0.0894 9.0277 0.498
-0.0883 8.9308 0.000
-0.0571 9.1745 0.339
-0.0743 8.8532 0.559
0.0229 9.0055 1.000
-0.0617 8.8920 0.174
-0.0038 9.0000 0.224
-0.0800 9.1191 0.646
-0.0583 8.8588 0.476
-0.0648 9.1662 0.639
-0.0504 8.8865 0.594
-0.0609 9.1606 0.403
-0.0555 9.1855 0.515
-0.0561 9.1302 0.465
-0.0627 9.2105 0.474
-0.0977 8.9751 0.467
-0.0877 8.9529 0.029
-0.0884 9.0526 0.070
-0.0672 8.9197 0.571
-0.0648 8.7618 0.168
-0.0720 8.9086 0.307
-0.0541 9.0249 0.366
-0.0589 8.8477 0.542
-0.0899 8.9114 0.000
-0.0588 9.1689 0.455
-0.0614 8.7895 0.436
-0.0984 9.0194 0.441
0.0188 8.9557 0.264
-0.1845 9.0028 0.505
-0.0526 8.8920 0.325
-0.0576 9.2603 0.401
-0.0882 9.1218 0.069
-0.0955 8.9778 0.199
-0.0592 8.9169 0.421
0.0200 8.9917 1.000
-0.0851 8.8698 0.511
-0.0770 9.0277 0.515
-0.2053 8.9972 0.701
-0.0721 8.8865 0.451
0.0124 9.0471 0.954
-0.1046 8.9751 0.502
-0.0899 8.9723 0.238
-0.1374 8.9945 0.182
-0.0716 9.0609 0.373
-0.0012 8.9972 0.848
-0.0636 9.0969 0.368
-0.0380 9.0222 0.635
-0.0955 9.0443 0.210
-0.0508 8.8920 0.224
-0.0638 8.9640 0.178
-0.0396 8.9806 0.483
0.0191 8.9585 1.000
-0.0773 8.9862 0.260
-0.0567 8.8754 0.220
0.0103 9.0138 1.000
-0.0562 8.8754 0.246
-0.0544 8.7535 0.531
-0.0496 8.8615 0.597
-0.0666 8.8726 0.688
-0.0816 8.9945 0.557
-0.0566 9.2077 0.541
-0.0247 8.9889 0.725
-0.0479 8.9529 0.629
-0.0722 8.9114 0.285
-0.0774 8.9308 0.445
-0.0784 8.9391 0.386
-0.0845 9.0803 0.307
-0.0691 9.0360 0.126
0.0135 8.9529 1.000
-0.0546 8.6677 0.605
-0.0852 9.1551 0.081
-0.0764 9.1246 0.319
-0.0535 9.2935 0.407
-0.0826 9.0692 0.207
-0.1029 8.9945 0.175
-0.0641 9.1025 0.493
-0.0696 8.9335 0.119
-0.0776 8.9058 0.239
-0.0630 8.7951 0.548
-0.0831 8.9834 0.449
-0.0734 9.0637 0.411
-0.0876 9.1385 0.000
-0.0733 9.1412 0.220
0.1176 8.9945 0.933
-0.0526 8.7812 0.524
-0.0661 9.0443 0.290
-0.0631 9.1080 0.153
-0.0650 8.9474 0.371
-0.1003 8.9612 0.799
-0.0854 9.0443 0.000
-0.0595 9.2575 0.469
-0.0728 8.8671 0.626
0.0121 9.0443 0.885
-0.2030 9.0055 0.602
-0.0601 8.8172 0.576
-0.0651 9.2382 0.331
-0.0555 9.2160 0.415
-0.0717 8.9862 0.517
0.1270 8.9972 0.933
-0.2124 9.0000 0.143
-0.0887 8.9197 0.000
-0.0727 9.0222 0.238
-0.0811 8.9446 0.253
0.1682 9.0000 1.000
0.0099 8.9751 0.886
-0.0953 8.9862 0.477
-0.0615 9.0775 0.198
-0.0946 8.9031 0.496
0.0200 9.0111 1.000
-0.0726 9.0942 0.733
-0.0597 8.9446 0.197
-0.0611 8.8948 0.353
-0.0893 9.0942 0.132
0.1212 8.9862 0.938
-0.0555 8.8948 0.264
-0.0505 8.9031 0.309
-0.0792 9.0914 0.635
-0.0578 9.0886 0.325
-0.0606 8.7591 0.208
-0.2040 9.0028 0.642
-0.0621 8.7785 0.538
-0.1256 8.9889 0.490
-0.0493 9.1357 0.536
-0.0036 9.0055 0.271
-0.0366 9.0166 0.222
-0.1614 9.0055 0.013
-0.0845 8.9308 0.562
-0.0747 9.1357 0.468
-0.0657 9.0138 0.518
-0.0510 9.0277 0.406
0.0248 8.9972 1.000
-0.0557 9.2354 0.363
-0.1288 9.0166 0.309
-0.0542 8.7148 0.365
0.1139 9.0055 0.896
-0.0864 8.8477 0.059
-0.0808 8.8449 0.425
-0.0572 8.7120 0.339
-0.0622 8.9086 0.576
-0.0675 9.1274 0.417
-0.0492 8.9169 0.580
-0.0932 9.0775 0.440
-0.0418 9.0055 0.594
-0.0532 9.3378 0.433
-0.0845 9.0111 0.437
-0.0613 9.2188 0.536
-0.0543 8.9695 0.194
-0.0515 9.0471 0.389
0.0243 9.0083 1.000
0.0115 9.0305 0.989
-0.0562 8.8422 0.282
-0.0486 9.1108 0.624
-0.0917 8.8892 0.000
-0.0818 8.9723 0.473
-0.0550 9.1800 0.210
-0.0898 9.0111 0.000
-0.0869 8.9169 0.416
-0.0428 8.9778 0.677
-0.0736 8.9058 0.536
-0.0639 9.1135 0.486
-0.0558 8.8172 0.216
-0.0464 8.9695 0.657
-0.1032 8.9529 0.000
-0.0565 8.8117 0.460
-0.0725 9.0471 0.353
-0.0552 9.0748 0.390
-0.0767 9.0055 0.243
-0.1117 9.0000 0.569
-0.0304 9.0166 0.711
-0.0564 9.2243 0.538
-0.0605 8.8200 0.183
-0.0874 8.8698 0.475
-0.0522 9.1385 0.361
-0.0769 8.9751 0.116
-0.0540 8.8449 0.529
-0.0601 8.7895 0.427
-0.0556 9.1052 0.371
-0.0855 9.0831 0.000
-0.0559 9.0471 0.498
-0.0854 9.0138 0.000
-0.0826 9.0858 0.000
-0.0615 8.9252 0.242
-0.1044 8.9834 0.496
-0.0914 8.9640 0.055
-0.0459 8.9640 0.567
-0.1360 9.0055 0.540
-0.0452 8.9917 0.675
-0.0862 9.1302 0.199
-0.0890 9.0858 0.000
-0.0629 9.2243 0.471
-0.0886 8.8394 0.000
-0.0521 8.9142 0.373
-0.0611 8.9529 0.328
-0.0619 8.7757 0.170
-0.0583 8.7148 0.580
-0.0612 9.2298 0.404
-0.1123 8.9945 0.610
-0.1239 9.0028 0.117
-0.0733 8.9723 0.135
-0.0461 8.9502 0.671
-0.0706 8.8809 0.415
-0.0632 9.0526 0.605
0.0131 8.9640 1.000
-0.0781 9.0194 0.285
-0.0582 9.1440 0.431
-0.0905 8.9308 0.053
-0.0901 8.9806 0.313
-0.0732 8.9778 0.438
-0.0543 9.3240 0.218
-0.1526 9.0055 0.448
-0.0703 9.0388 0.281
-0.0486 9.0858 0.550
-0.0848 8.9169 0.016
-0.0508 8.8671 0.255
0.0142 8.9723 1.000
-0.0931 9.1025 0.124
-0.0319 9.0083 0.731
-0.0620 8.9418 0.335
-0.1544 9.0000 0.507
-0.0590 8.7508 0.411
-0.0503 8.8948 0.297
-0.0985 8.9557 0.562
-0.1059 9.0083 0.312
-0.0507 9.0803 0.283
-0.0174 8.9945 0.310
-0.0896 9.1523 0.086
-0.0926 8.9806 0.560
-0.1468 9.9211 0.070
-0.1392 9.7189 0.246
0.0118 9.9359 0.639
-0.0788 10.0197 0.439
-0.1520 9.9556 0.001
-0.0415 9.9901 0.517
-0.1402 9.9162 0.138
0.0585 10.0197 1.000
0.0366 10.0395 0.652
-0.1298 10.0247 0.306
-0.1405 9.8323 0.108
-0.1545 10.0345 0.000
-0.1370 10.3205 0.057
0.1071 9.9951 0.612
-0.1184 9.9901 0.458
0.0514 9.9753 0.507
0.0977 10.0000 0.699
0.0809 10.0000 0.642
-0.1272 9.9605 0.000
-0.1056 10.0592 0.376
-0.1376 10.1085 0.359
0.0052 10.0690 0.484
0.0264 10.0148 0.587
-0.1288 9.8619 0.351
0.0392 10.0099 0.638
-0.1388 9.7732 0.220
-0.1415 10.0740 0.246
-0.0629 10.0000 0.490
-0.1300 10.0838 0.400
-0.0287 10.0099 0.509
-0.1009 9.9704 0.295
-0.1421 9.8422 0.134
-0.1277 10.1874 0.342
-0.1134 10.0690 0.333
-0.1323 9.8718 0.076
-0.1028 10.0296 0.397
-0.1371 9.9507 0.006
-0.1373 10.3255 0.139
-0.1451 9.8767 0.174
-0.0880 10.0197 0.471
-0.0031 9.9803 0.967
-0.1395 9.8027 0.062
0.1297 10.0049 0.920
-0.1495 9.9704 0.051
-0.1213 9.9901 0.390
-0.1102 9.9951 0.458
-0.1077 10.0542 0.427
-0.1362 9.8471 0.039
-0.1326 10.0000 0.359
-0.1622 10.0049 0.298
0.0513 9.9655 0.732
-0.1349 10.2071 0.438
-0.1427 9.9014 0.240
0.0263 9.9507 0.781
-0.0984 9.9655 0.453
-0.1149 9.9803 0.231
-0.1507 10.0542 0.305
-0.0590 10.0099 1.000
0.0294 10.0296 0.704
-0.1345 9.7238 0.157
0.0116 9.9753 0.598
-0.0224 10.0000 0.519
-0.1120 10.0049 0.243
-0.1436 9.9556 0.402
-0.0019 10.0690 0.572
-0.1305 10.2811 0.049
-0.0721 9.9951 0.511
-0.1308 9.6696 0.000
-0.1323 10.0197 0.000
-0.0462 9.9852 0.000
0.1153 10.0049 0.650
-0.1379 10.0197 0.393
-0.1312 9.7189 0.236
-0.1294 9.8668 0.066
-0.1412 10.0247 0.014
-0.0661 9.9556 0.463
-0.1468 10.0542 0.216
0.0340 9.9408 0.575
-0.0310 10.0197 0.512
0.0037 9.9655 1.000
0.0380 10.0592 0.638
-0.0037 9.9458 0.908
0.0478 9.9901 0.711
0.1683 10.0000 0.761
0.0226 10.0838 0.765
0.0274 9.9852 0.735
0.0498 9.9556 0.766
-0.1329 10.0247 0.252
-0.1087 10.0493 0.445
-0.0196 9.9852 0.928
0.0564 10.0197 0.623
-0.1203 9.9803 0.408
-0.1276 9.9408 0.000
0.0177 10.0542 0.732
0.0439 9.9704 0.683
-0.1381 10.1973 0.368
0.0273 10.0296 0.846
-0.1493 9.9951 0.418
-0.0338 10.0296 0.526
-0.1191 10.0888 0.381
-0.1465 9.9655 0.029
-0.1105 9.9359 0.479
0.0210 10.0493 0.609
0.0509 9.9310 0.762
-0.1411 10.1775 0.198
0.0709 10.0099 0.780
-0.1110 10.0197 0.456
-0.1323 9.8866 0.316
-0.1075 10.0000 0.430
-0.1405 9.7337 0.376
-0.1408 10.0888 0.267
-0.0049 10.0395 0.542
-0.1320 9.9803 0.383
0.0496 10.0296 1.000
0.0202 9.9753 0.604
0.0001 9.9951 0.588
-0.1364 10.1282 0.195
-0.1333 10.2367 0.005
0.0920 9.9852 0.831
-0.1363 10.0690 0.000
-0.0839 9.9605 0.409
-0.1344 9.6647 0.019
-0.0730 10.0148 0.455
-0.1231 10.0592 0.168
0.0097 9.9605 0.575
0.1150 9.9901 0.755
0.0192 9.9605 0.713
-0.1475 9.8816 0.303
-0.0046 9.9310 0.542
-0.1089 9.9704 0.430
-0.1368 9.7732 0.067
-0.0935 10.0148 0.394
-0.0166 10.0345 0.566
0.0167 9.9704 0.690
-0.1304 10.1036 0.000
-0.0079 9.9803 0.541
-0.0068 9.9605 1.000
0.0334 10.0049 0.796
0.0048 9.9704 0.570
0.0009 10.0345 0.980
0.0535 9.9458 0.670
-0.1230 10.0444 0.316
0.0050 10.0444 0.586
0.0426 9.9803 0.675
-0.1369 10.0789 0.254
-0.1021 9.9803 0.349
-0.1390 9.9753 0.172
-0.0029 10.0049 0.990
-0.1317 10.0641 0.269
-0.0458 9.9951 1.000
-0.1339 9.9951 0.199
-0.1310 10.2614 0.060
-0.1130 9.9655 0.318
-0.0071 9.9951 0.533
-0.0038 10.0197 1.000
-0.1419 10.0000 0.129
-0.1414 9.8225 0.276
-0.1419 9.7781 0.000
-0.1402 10.1036 0.139
0.0259 10.0838 0.718
-0.1336 10.2564 0.347
-0.1385 9.8816 0.352
-0.1420 9.9507 0.061
0.0458 10.0740 0.669
0.1460 10.0099 0.851
-0.1386 10.2712 0.153
0.0458 9.9556 0.645
-0.1384 9.7386 0.070
-0.1452 9.8964 0.141
-0.1501 10.0592 0.321
-0.1440 10.0444 0.177
0.0455 10.0542 0.778
-0.1316 9.8126 0.114
-0.1288 10.0937 0.279
0.0277 10.0247 0.608
0.1442 10.0000 0.734
-0.0021 9.9704 0.568
0.0458 10.0049 0.714
-0.0738 10.0247 0.474
-0.1364 10.3353 0.124
-0.0126 10.0099 0.556
-0.1131 10.0345 0.313
-0.1437 9.9063 0.039
0.0312 9.9655 0.597
0.1000 10.0197 0.713
-0.1331 10.3205 0.239
-0.1316 10.3058 0.073
0.0459 9.9852 0.703
-0.1399 10.2762 0.000
-0.0197 10.0049 0.531
-0.0617 9.9951 0.464
-0.0392 10.0148 0.519
-0.1369 10.0592 0.121
-0.1383 10.1677 0.014
-0.1376 9.7879 0.185
0.0473 10.0148 0.775
-0.0503 10.0099 1.000
-0.1468 9.9951 0.405
-0.0059 10.0690 1.000
0.0511 9.9951 0.715
0.0173 9.9408 0.587
-0.1346 9.6992 0.160
-0.1410 10.0740 0.173
-0.1475 10.0000 0.036
-0.1143 9.9359 0.476
0.0127 10.0592 0.913
0.0433 9.9556 0.689
0.0674 10.0099 0.705
0.0257 9.9901 0.735
-0.1101 9.9852 0.438
-0.0673 10.0049 0.990
-0.0855 9.9852 0.465
-0.1338 9.8422 0.172
-0.1452 9.9556 0.270
-0.1477 9.9753 0.261
-0.1316 9.8619 0.000
0.0160 10.0690 0.980
0.0220 10.0148 0.860
0.0990 9.9901 0.683
-0.0919 10.0049 0.465
-0.1308 10.2121 0.338
-0.0259 10.0247 0.556
0.0349 10.0296 0.780
-0.1419 9.9112 0.289
0.1570 10.0000 0.856
-0.1262 10.0740 0.327
-0.0132 10.0493 0.514
0.0383 9.9310 0.645
0.0613 10.0099 0.803
-0.1344 9.7041 0.240
-0.0956 10.0000 0.449
0.0685 9.9951 0.704
-0.1179 10.0296 0.284
0.0041 10.0592 0.594
0.0294 10.0345 0.731
-0.1172 10.0641 0.301
-0.1052 9.9458 0.387
-0.1434 10.0049 0.205
-0.1275 10.2466 0.000
-0.1426 10.1036 0.419
-0.0269 10.0148 1.000
0.0523 9.9605 0.675
-0.1056 10.0197 0.415
-0.1198 10.0789 0.315
0.0030 9.9704 0.587
-0.0274 9.9803 0.506
-0.1095 10.0592 0.408
-0.1242 9.9901 0.138
0.1509 10.0000 0.742
0.0473 9.9951 0.766
-0.1293 9.8323 0.311
-0.1376 9.7929 0.134
-0.1358 9.9408 0.193
-0.1527 9.9507 0.320
0.0104 10.0000 0.831
-0.1392 9.7090 0.090
0.0450 10.0000 0.846
0.0566 10.0099 1.000
-0.1299 10.2416 0.280
-0.1305 9.9260 0.381
-0.1345 10.0148 0.082
-0.1367 10.2022 0.198
-0.1630 9.9901 0.294
-0.1034 9.9359 0.371
0.0437 10.0099 0.816
-0.1472 10.1430 0.000
0.0310 10.0049 0.603
0.0092 9.9951 0.593
0.1163 10.0000 0.948
0.0250 10.0099 0.828
0.0911 10.0099 0.885
-0.0120 10.0444 0.531
0.0588 10.0296 1.000
-0.1359 10.1874 0.353
-0.1326 9.8027 0.129
-0.1436 9.9310 0.091
-0.1083 10.0345 0.460
-0.1442 10.0986 0.250
-0.1388 10.1874 0.114
0.0373 10.0789 0.663
-0.1305 10.0789 0.000
-0.0076 10.0148 1.000
-0.0495 10.0197 0.504
-0.1252 10.0197 0.233
-0.1184 10.0542 0.295
-0.0632 9.9852 0.490
0.0675 10.0000 0.663
0.0526 9.9901 0.700
0.0664 10.0197 0.612
-0.0404 9.9852 0.541
0.0415 9.9408 0.818
-0.0430 9.9753 0.485
-0.1415 10.1085 0.000
-0.1377 10.0592 0.081
-0.0313 9.9655 1.000
0.0571 9.9901 0.858
0.0605 10.0247 0.643
0.0012 9.9605 0.567
-0.1405 10.1825 0.100
0.0056 10.0641 0.558
-0.1268 10.1479 0.295
0.0428 9.9162 0.816
-0.1413 9.8915 0.146
0.0161 10.0641 0.898
-0.0739 9.9753 1.000
-0.1344 10.2564 0.086
-0.1142 9.9507 0.394
-0.0684 9.9803 0.474
-0.1211 9.9655 0.443
0.0422 10.0296 0.662
0.0072 9.9458 0.586
-0.1362 9.8718 0.054
0.0351 10.0542 0.675
-0.1283 9.9458 0.068
-0.1330 9.9162 0.019
-0.0026 10.0592 0.883
-0.1337 9.9951 0.114
-0.1348 10.2170 0.285
0.1526 10.0000 0.851
-0.1379 10.1578 0.000
-0.0414 10.0197 0.505
-0.1345 9.9901 0.289
-0.1783 10.0000 0.404
0.0678 9.9852 0.662
-0.0489 10.0049 0.495
0.0516 9.9803 0.603
-0.0629 10.0247 0.484
-0.1305 10.0740 0.381
-0.0099 10.0049 0.935
0.0090 9.9803 0.910
0.0399 9.9901 0.671
-0.0034 9.9556 0.558
-0.1505 10.0345 0.251
-0.1315 10.2466 0.015
0.0480 10.0247 0.732
0.0444 9.9901 0.693
0.0339 10.0247 0.625
-0.0160 9.9704 0.520
-0.1349 10.1923 0.030
0.0195 10.0197 0.846
-0.1436 9.8373 0.226
-0.1358 9.7584 0.010
0.0413 9.8964 1.000
0.0384 9.9507 0.665
0.0405 10.0000 0.760
-0.1155 10.0740 0.413
-0.1402 10.2071 0.338
-0.0079 10.0197 1.000
-0.1316 10.0296 0.332
0.0218 10.0690 0.596
0.0183 9.9507 0.671
-0.1000 9.9901 0.455
-0.1334 10.1430 0.279
-0.0943 10.0099 0.436
-0.1224 10.0542 0.378
0.1185 10.0049 0.865
-0.1489 10.0247 0.077
0.0073 10.0345 0.918
-0.0059 9.9803 0.552
-0.1299 10.1677 0.260
-0.0658 10.0000 0.163
-0.1488 10.0493 0.224
-0.0074 10.0247 0.718
0.0630 9.9951 0.760
0.0280 10.0542 0.691
0.0348 10.0197 0.801
-0.0199 10.0296 0.512
0.0581 9.9852 0.703
0.0326 9.9260 0.657
-0.1472 9.9112 0.240
-0.1317 9.6893 0.170
0.1359 10.0000 0.679
0.0217 10.0296 0.704
-0.0056 10.0148 1.000
-0.0633 9.9803 1.000
0.0300 9.9507 0.865
-0.1341 10.2959 0.116
-0.1385 10.0247 0.325
0.0441 10.0345 0.630
-0.0308 10.0049 0.504
-0.1575 9.9901 0.000
-0.1424 10.1381 0.280
-0.1562 10.0000 0.000
-0.1415 10.0395 0.101
-0.1436 9.8866 0.114
-0.1537 10.0395 0.000
-0.1339 10.1085 0.132
-0.1423 9.9951 0.265
-0.0935 10.0197 0.459
0.0091 10.0542 0.567
-0.1426 9.8027 0.361
-0.1269 9.8964 0.000
-0.1200 10.0740 0.388
0.0697 10.0247 0.649
-0.0879 10.0000 0.139
0.0269 9.9359 0.823
-0.1343 10.1825 0.326
-0.0941 9.9951 0.471
-0.1462 10.0592 0.414
-0.0012 10.0197 0.552
-0.0051 10.0099 0.546
0.0222 10.0444 0.657
-0.1326 10.1381 0.177
0.0294 9.9852 0.759
0.0113 9.9852 0.638
-0.1413 9.8274 0.219
-0.1268 9.9162 0.010
-0.0071 10.0641 0.555
0.0678 9.9901 0.831
0.0917 10.0000 0.699
0.0409 9.9852 0.685
-0.1098 9.9310 0.311
-0.0192 9.9655 0.940
0.0257 10.0197 0.841
-0.0435 10.0197 0.292
0.0833 10.0049 0.598
-0.1370 9.7929 0.316
0.1009 10.0049 0.775
-0.0009 10.0148 0.526
0.0333 9.9901 0.766
-0.1492 9.9162 0.000
-0.1078 10.0444 0.393
-0.1449 10.1134 0.277
-0.1365 10.0296 0.239
-0.1279 10.0197 0.332
-0.1476 10.0937 0.087
0.0648 10.0197 1.000
0.0468 9.9605 0.846
-0.0240 10.0099 0.527
0.0542 10.0395 0.506
-0.1211 9.9211 0.231
0.0268 9.9310 0.630
-0.1085 10.0740 0.379
0.0461 9.9310 0.625
-0.0306 10.0395 0.521
0.0422 10.0493 0.699
-0.1332 9.8668 0.000
-0.0485 10.0247 1.000
0.0016 9.9753 0.900
0.1308 10.0000 0.664
-0.1260 10.0690 0.000
-0.0762 9.9852 1.000
-0.0927 10.0345 0.377
0.0208 10.0000 0.662
0.0055 9.9605 0.577
-0.1099 10.0838 0.405
0.0223 10.0296 0.665
-0.0082 9.9704 0.612
-0.0698 10.0049 1.000
0.0019 9.9852 0.582
0.0053 9.9359 0.567
-0.1173 9.9704 0.276
-0.1400 9.8077 0.000
-0.1394 9.8767 0.097
-0.1851 10.0049 0.418
0.0907 10.0148 0.813
-0.1281 10.2022 0.221
0.1223 10.0049 0.653
-0.1402 10.0296 0.108
0.0111 9.9408 0.542
-0.1522 9.9753 0.199
0.0188 10.0345 0.816
-0.1183 9.9605 0.463
-0.1343 9.8915 0.182
-0.1238 10.1134 0.000
0.0231 10.0592 0.766
-0.1250 10.0986 0.417
-0.1381 10.0937 0.302
-0.1197 10.0345 0.289
-0.1293 9.9359 0.182
-0.1125 10.0000 0.359
-0.1354 9.9753 0.165
-0.1387 9.7140 0.000
-0.1149 10.0099 0.294
0.0359 10.0493 0.653
-0.1269 9.9211 0.418
0.0995 9.9951 0.632
-0.1228 10.0444 0.190
-0.1480 9.8619 0.000
0.0471 10.0049 0.708
-0.1278 9.7830 0.284
-0.1112 10.0148 0.356
0.0517 10.0345 0.696
0.1032 10.0099 0.622
-0.0452 9.9901 0.504
-0.1515 10.0838 0.332
-0.1287 10.1726 0.382
-0.1373 9.8422 0.300
-0.1368 9.8866 0.277
-0.0578 9.9901 0.463
0.0422 10.0247 0.629
-0.1298 9.7633 0.095
0.0135 10.0493 0.583
-0.1068 10.0099 0.357
0.0237 10.0345 0.597
-0.1426 9.8175 0.141
-0.0296 9.9753 0.990
0.0145 9.9556 0.573
-0.1219 9.9556 0.364
0.0353 10.0444 0.649
-0.1357 9.8175 0.291
0.0613 9.9753 1.000
-0.1367 9.7140 0.302
-0.1407 9.8422 0.328
-0.0211 9.9753 1.000
0.0462 9.9507 0.833
-0.1352 10.0838 0.163
-0.1189 9.9951 0.338
-0.1496 9.9852 0.249
-0.1234 10.0247 0.356
-0.0483 10.0148 1.000
-0.1355 10.0740 0.214
-0.0073 10.0099 0.581
-0.0864 9.9901 0.470
-0.1320 9.6942 0.383
0.0821 10.0148 0.685
-0.0995 9.9852 0.425
-0.1209 9.9359 0.317
-0.1393 10.0049 0.210
-0.0085 10.0296 0.536
-0.1437 9.8521 0.208
-0.1252 9.9852 0.239
-0.1220 9.8915 0.244
-0.0366 10.0000 0.507
-0.1336 9.9605 0.000
0.1071 10.0049 0.793
-0.1034 10.0444 0.407
-0.1262 9.9605 0.266
-0.1369 9.8767 0.441
-0.0913 9.9852 0.490
-0.0837 10.0099 0.438
-0.0881 9.9803 0.459
-0.1394 9.8718 0.061
0.0897 9.9951 0.597
0.1111 10.0000 0.670
0.0075 9.9458 0.572
0.0399 10.0049 0.755
-0.1230 9.9655 0.224
-0.0020 9.9408 0.593
-0.1092 10.0542 0.277
-0.1299 10.1381 0.353
-0.1306 10.0049 0.000
0.0082 10.0641 0.587
0.0385 10.0838 0.883
-0.0183 10.0197 0.512
-0.1438 9.9852 0.221
-0.1632 10.0049 0.347
-0.1359 9.8373 0.113
-0.0662 10.0444 0.487
0.0424 10.0395 0.645
-0.0917 9.9605 0.443
0.0490 9.9852 0.669
0.0245 10.0789 0.628
-0.1337 10.2318 0.017
0.0148 10.0296 0.601
-0.1377 10.2318 0.000
-0.1345 10.0395 0.277
0.0995 10.0148 0.714
-0.0658 9.9704 0.450
-0.1311 10.3255 0.111
-0.1379 10.0542 0.167
0.0503 9.9753 0.765
0.0559 10.0493 1.000
0.0104 10.0690 0.628
-0.1028 10.0542 0.269
-0.0855 10.0345 0.214
-0.0681 9.9951 1.000
-0.1368 9.8570 0.219
-0.1326 9.9359 0.291
0.0563 10.0542 0.689
-0.0348 10.0247 0.509
-0.1018 9.9408 0.294
-0.1384 9.9211 0.050
0.1153 9.9951 0.675
0.0356 10.0148 0.831
-0.1388 10.1233 0.170
0.0168 10.0197 0.890
-0.1517 10.0641 0.267
-0.0203 10.0345 1.000
-0.1387 10.0099 0.235
-0.1887 10.0000 0.000
0.0389 9.9852 0.737
-0.1426 9.8718 0.225
0.0225 9.9310 0.761
0.0713 10.0148 0.948
-0.1373 10.0247 0.157
-0.1432 10.1430 0.418
0.0210 10.0148 0.638
-0.1191 10.0148 0.423
-0.1430 9.9704 0.000
0.0277 9.9704 0.607
0.0545 10.0296 0.659
0.0305 9.9901 0.624
-0.1488 9.9753 0.144
0.0603 9.9901 0.678
-0.1529 9.9704 0.270
-0.1170 9.9310 0.308
0.0140 9.9260 0.676
-0.1197 10.1036 0.337
-0.1393 10.1184 0.218
0.0709 9.9951 0.652
-0.0479 10.0296 1.000
-0.1507 10.0395 0.290
-0.1462 10.0986 0.014
-0.1345 10.0888 0.246
-0.0893 10.0247 0.450
-0.1422 10.0148 0.348
-0.1245 9.9162 0.000
-0.1533 10.0296 0.295
-0.1383 10.1430 0.138
-0.1423 10.0099 0.136
-0.1367 10.1578 0.093
0.0208 10.0542 0.622
-0.1298 9.8767 0.369
-0.1326 9.7041 0.000
-0.1322 10.3107 0.095
-0.1320 9.6449 0.138
-0.1223 9.9704 0.433
-0.0014 10.0247 0.570
-0.1194 9.8964 0.466
0.0982 9.9803 0.732
-0.1397 9.9507 0.063
0.0634 9.9803 1.000
-0.1254 10.0937 0.270
-0.1277 10.2268 0.062
-0.1473 10.0444 0.291
-0.1395 10.0789 0.262
0.0496 9.9704 1.000
-0.1436 9.8323 0.219
-0.0616 10.0148 0.487
-0.0114 9.9753 0.540
-0.1282 9.9753 0.275
-0.1318 9.9655 0.025
-0.1320 9.8767 0.055
-0.0054 9.9655 0.898
0.0625 10.0000 1.000
-0.0597 10.0148 0.504
0.0590 9.9655 1.000
-0.1294 10.1775 0.126
-0.1205 10.0099 0.404
0.0257 10.0444 0.782
-0.0477 9.9901 1.000
-0.1181 9.9408 0.280
-0.1408 10.2121 0.367
-0.1309 9.7830 0.244
0.0417 9.9753 0.693
0.1309 10.0099 0.652
-0.1426 10.0789 0.192
-0.1278 10.2515 0.160
0.1109 10.0049 0.657
0.1195 9.9951 0.762
0.0143 10.0345 0.616
-0.0026 9.9605 0.591
-0.1470 9.9852 0.429
0.0577 10.0395 0.630
-0.0705 10.0099 0.460
-0.0231 9.9852 1.000
-0.1417 10.0937 0.368
-0.1306 10.0888 0.000
0.0546 9.9655 0.711
0.0335 10.0099 0.180
-0.1289 10.1578 0.367
0.0048 9.9753 0.575
0.0273 9.9260 0.618
-0.0363 9.9951 1.000
0.0528 9.9852 0.768
0.0469 10.0395 0.689
-0.0007 9.9753 0.562
-0.1379 10.2811 0.198
0.0046 10.0542 0.547
-0.0170 10.0148 0.529
-0.1337 10.0395 0.113
-0.1428 10.1677 0.098
0.0212 10.0099 0.960
-0.1575 10.0148 0.265
-0.1199 10.0592 0.332
0.0320 10.0148 0.649
0.0336 9.9458 0.740
-0.1351 9.7781 0.122
0.0165 9.9753 0.594
0.0082 9.9704 0.903
0.0276 10.0789 0.727
-0.1326 9.9556 0.362
0.0073 10.0148 0.562
0.0379 10.0345 0.706
0.0367 9.9753 0.000
0.0736 10.0049 0.780
0.0548 9.9556 0.679
-0.1425 10.0641 0.114
0.0262 10.0690 0.694
-0.1334 10.1973 0.146
0.0401 10.0148 0.671
-0.0524 9.9803 0.982
-0.1400 10.0838 0.359
0.0152 9.9901 0.572
-0.1279 10.0740 0.328
-0.0910 10.0099 0.000
-0.1606 9.9901 0.346
-0.1143 9.9458 0.425
-0.0744 10.0099 0.479
0.0471 10.0444 0.667
-0.0185 9.9704 0.529
-0.1337 9.8323 0.164
-0.1307 9.6992 0.000
-0.1483 9.9655 0.000
-0.1383 9.6992 0.291
0.0008 9.9655 0.579
-0.1289 10.0000 0.000
-0.1200 9.9112 0.388
0.0392 9.9655 0.740
-0.1359 10.1233 0.118
-0.0158 9.9852 0.538
0.0236 9.9605 0.596
0.0074 10.0740 0.612
-0.1373 10.1332 0.236
-0.1300 9.7781 0.008
-0.1251 10.1085 0.408
-0.1324 9.7732 0.095
-0.1380 9.9803 0.451
0.0327 10.0740 0.586
-0.1387 10.3156 0.262
-0.1042 10.0197 0.397
-0.1292 10.1085 0.312
-0.1334 9.7140 0.142
-0.0198 9.9901 0.500
-0.1287 10.0888 0.072
-0.1340 10.2268 0.226
-0.0525 10.0049 0.492
-0.1480 9.8668 0.000
-0.1303 10.0937 0.082
-0.1357 10.0986 0.195
-0.1311 9.7682 0.057
-0.0184 10.0099 0.540
-0.1548 10.0493 0.153
-0.1216 10.0049 0.410
-0.0866 9.9753 0.453
-0.1342 10.3107 0.342
0.0748 9.9951 0.655
-0.1323 9.9211 0.415
-0.1328 10.3304 0.318
-0.1497 9.8964 0.103
-0.0097 10.0345 0.913
-0.0566 10.0197 1.000
-0.0610 10.0049 0.000
-0.0923 9.9655 0.469
-0.1012 9.9951 0.466
-0.1412 9.8619 0.342
-0.0998 10.0148 0.432
0.0286 10.0345 0.762
0.0148 10.0247 0.596
-0.1534 10.0444 0.005
-0.1384 10.0493 0.085
-0.0753 10.0000 0.476
0.0010 9.9901 0.910
-0.0081 10.0000 0.548
-0.1014 10.0592 0.241
-0.1379 9.7436 0.000
-0.0014 9.9458 1.000
-0.0901 9.9951 0.449
-0.1459 10.0247 0.221
-0.1142 10.0148 0.189
-0.1331 10.0493 0.000
0.0157 10.0345 0.644
-0.1102 9.9260 0.267
-0.0431 9.9803 0.504
0.0436 10.0148 0.655
-0.1303 10.2663 0.000
-0.0155 10.0049 0.563
-0.1306 9.9753 0.432
0.0147 10.0049 0.675
-0.0813 10.0049 0.479
-0.1043 10.0690 0.356
-0.1363 9.9211 0.091
-0.1273 9.9951 0.410
0.0518 10.0542 0.739
-0.1436 10.1233 0.153
-0.1425 10.1282 0.313
-0.1317 9.7485 0.318
-0.1240 10.0000 0.205
0.0747 9.9852 0.933
-0.1409 9.9063 0.154
-0.0127 9.9556 1.000
-0.1274 9.7929 0.060
-0.1320 10.1184 0.029
0.1370 10.0049 0.920
-0.1288 10.1332 0.087
-0.1292 9.9655 0.290
0.0460 9.9655 0.813
-0.0883 9.9852 0.451
0.0660 10.0049 0.693
-0.1431 10.0592 0.148
-0.1303 10.2416 0.051
-0.1173 9.9211 0.274
0.0860 9.9951 0.731
-0.1221 10.0937 0.361
-0.1286 10.1233 0.154
0.0195 10.0444 0.831
-0.1022 10.0641 0.435
0.0221 9.9408 0.706
-0.1393 10.1627 0.194
0.0046 10.0395 0.560
0.0830 10.0099 0.617
0.0379 9.9704 0.780
-0.1315 10.2515 0.106
0.0224 9.9852 0.766
-0.0771 10.0148 0.386
-0.1323 10.0690 0.277
-0.0257 9.9951 0.526
-0.1050 10.0296 0.433
-0.0324 9.9704 0.514
-0.1341 10.2663 0.039
0.0460 10.0690 0.781
-0.1461 9.9458 0.418
-0.0154 9.9951 0.526
0.0218 10.0247 0.851
-0.0916 10.0247 0.470
0.0125 10.0789 0.678
-0.1365 10.0937 0.112
-0.1310 9.8471 0.061
0.0023 10.0099 0.975
-0.1336 9.9063 0.000
0.0456 10.0493 0.838
0.0388 10.0296 0.683
0.0154 10.0148 0.900
0.0567 10.0148 1.000
-0.1077 9.9852 0.432
-0.1208 10.0641 0.374
0.0427 10.0641 0.873
0.0419 10.0345 0.691
0.0297 10.0542 0.604
-0.1318 9.7090 0.000
-0.1425 9.8816 0.338
0.0169 10.0740 0.632
-0.1178 10.0444 0.257
0.0178 10.0444 0.905
0.0154 9.9359 0.694
-0.1271 10.1134 0.417
0.0790 9.9951 0.589
0.0381 9.9408 0.741
0.0141 10.0641 0.589
-0.1297 9.8126 0.229
0.0097 10.0592 0.568
0.0994 9.9852 0.675
0.0230 9.9704 0.612
0.0411 10.1036 0.670
-0.1306 9.7978 0.000
-0.0349 10.0099 0.522
-0.0059 10.0000 1.000
-0.1353 9.9260 0.134
-0.0995 10.0395 0.446
0.0913 10.0197 0.836
-0.0611 9.9852 1.000
0.0704 10.0000 0.705
0.0006 10.0395 1.000
0.0644 10.0049 0.659
-0.1236 10.0345 0.353
-0.1295 10.1973 0.124
-0.1442 10.1184 0.142
0.0263 9.9556 0.955
-0.1388 10.1775 0.394
-0.1311 9.7436 0.408
-0.1135 9.9260 0.347
-0.1382 9.9901 0.093
-0.1412 10.0838 0.189
-0.1463 9.9408 0.381
0.0437 9.9359 0.765
-0.1299 10.0690 0.188
-0.1547 10.0247 0.414
-0.1399 9.7041 0.192
-0.1150 9.9951 0.377
-0.1300 10.0296 0.286
-0.1309 10.2268 0.225
-0.1332 10.2959 0.384
-0.1653 9.9951 0.251
0.0388 10.0641 0.831
-0.1309 9.9458 0.059
0.0487 10.0345 0.665
-0.1383 9.8521 0.388
-0.1234 9.9458 0.357
-0.1215 10.0493 0.413
-0.0619 9.9753 0.480
-0.1332 10.0592 0.429
0.0441 10.0592 0.665
-0.1469 9.9803 0.226
-0.1335 9.7288 0.052
-0.1321 9.8175 0.133
0.0343 10.0789 0.821
-0.0941 10.0148 0.469
-0.0271 9.9901 0.940
-0.1395 10.0986 0.250
-0.1081 10.0247 0.341
-0.0013 10.0345 0.556
0.0612 10.0049 0.137
-0.0462 10.0049 0.520
-0.1498 9.9803 0.223
-0.1495 9.9310 0.111
-0.1428 9.8126 0.395
-0.1347 9.8126 0.065
-0.1044 10.0740 0.414
-0.0831 9.9951 0.458
-0.1346 10.1430 0.274
-0.1388 10.0690 0.305
-0.1327 10.2071 0.246
-0.1259 10.0099 0.328
-0.1155 9.9852 0.328
-0.0565 10.0148 1.000
-0.0145 10.0197 0.550
0.0092 9.9655 0.611
0.0274 10.0641 0.734
-0.1160 9.9507 0.388
-0.0075 9.9901 0.547
0.0913 9.9901 0.873
-0.1301 10.2318 0.015
-0.1342 10.0000 0.142
-0.1342 10.2910 0.235
0.0440 9.9408 0.828
0.0465 9.9803 0.788
-0.1361 9.8964 0.183
0.0472 9.9655 0.718
-0.1324 10.3501 0.269
-0.1363 9.7337 0.180
-0.0318 10.0247 0.514
-0.1283 9.7879 0.344
-0.1386 10.0148 0.172
-0.1197 9.9014 0.413
-0.1383 10.2268 0.274
0.0569 10.0444 0.755
0.0033 10.0049 0.558
0.0166 9.9260 0.594
0.0147 10.0592 0.582
-0.0639 10.0049 1.000
-0.0807 10.0099 0.450
-0.0147 9.9753 0.538
0.0047 10.0296 0.593
0.0008 10.0197 0.562
0.0906 10.0049 0.858
-0.1284 9.9704 0.198
0.0068 10.0740 0.572
0.0561 9.9704 0.690
-0.0008 10.0493 0.967
0.0542 10.0049 0.658
0.0704 10.0049 0.970
-0.0008 9.9507 0.563
-0.1351 10.2416 0.230
-0.1208 10.0986 0.265
-0.1434 9.8767 0.139
0.0137 10.0444 0.870
-0.1296 9.7978 0.000
0.0176 10.0395 0.555
-0.1502 9.9507 0.358
-0.1485 10.0937 0.294
-0.1346 9.8225 0.192
-0.1275 9.9556 0.167
-0.1255 10.1036 0.471
-0.1392 10.2860 0.017
-0.1407 10.1134 0.195
-0.1372 9.7830 0.198
0.0582 9.9951 0.795
0.0635 9.9852 0.667
-0.1277 9.9112 0.190
-0.1235 10.0395 0.160
-0.1373 9.9063 0.000
-0.1119 10.0789 0.356
-0.1204 9.8866 0.389
0.0563 10.0000 0.700
-0.1194 10.0296 0.397
-0.1082 9.9605 0.264
-0.1490 9.9458 0.284
-0.1273 9.9852 0.070
0.0271 9.9458 0.277
-0.1444 10.0493 0.107
-0.0309 9.9951 0.514
-0.1275 9.8175 0.419
0.1270 10.0000 0.675
-0.1294 9.8866 0.085
-0.1301 10.0099 0.295
-0.1326 10.0542 0.000
0.0614 9.9704 1.000
-0.1210 10.0395 0.201
0.0955 9.9951 0.818
-0.1110 10.0395 0.455
-0.0589 9.9803 0.485
-0.1192 9.9556 0.302
-0.0573 9.9951 0.507
0.0337 9.9359 0.811
-0.1343 9.7978 0.000
-0.1461 9.8866 0.210
0.0279 10.0099 0.639
-0.1027 10.0493 0.376
-0.1381 10.1479 0.095
-0.1115 9.9408 0.347
-0.1401 9.9852 0.289
-0.1468 10.0641 0.256
-0.1354 10.1726 0.305
-0.1261 9.9211 0.000
-0.0090 9.9852 0.918
-0.0618 10.0099 1.000
0.1455 10.0049 0.766
0.0340 9.9951 0.629
-0.1408 9.9458 0.195
-0.1105 10.0247 0.428
-0.1095 9.9458 0.429
0.0412 9.9260 0.670
-0.0011 9.9901 0.542
-0.0680 9.9753 0.542
-0.1094 9.9556 0.422
-0.1370 10.0049 0.072
0.0539 9.9507 0.808
-0.1201 10.1184 0.315
-0.0475 9.9753 1.000
0.0533 9.9359 1.000
-0.1265 9.9260 0.224
-0.1324 10.1874 0.219
-0.0986 10.0296 0.451
-0.1331 9.8816 0.408
-0.1333 9.7633 0.081
-0.1414 10.1529 0.039
0.0190 9.9655 0.588
-0.1275 9.9310 0.233
-0.1397 9.9556 0.340
-0.1413 9.8471 0.271
0.0597 9.9605 0.560
-0.1375 9.8471 0.090
-0.1461 9.9605 0.075
-0.1022 9.9704 0.414
0.0835 10.0000 0.900
0.0419 10.0690 0.793
-0.1357 10.0542 0.144
-0.1152 9.9605 0.344
-0.1508 9.9556 0.204
-0.0074 9.9951 0.553
-0.1104 10.0345 0.444
-0.1213 10.0247 0.318
-0.1559 9.9951 0.000
-0.1470 9.9359 0.215
-0.1226 10.0000 0.429
-0.0766 10.0099 0.470
-0.0602 10.0247 0.494
-0.0067 9.9704 0.553
0.0536 10.0641 1.000
-0.1308 9.6499 0.014
-0.1422 10.2071 0.250
-0.1464 9.8718 0.383
-0.0323 9.9852 0.526
-0.1018 9.9901 0.281
-0.1236 10.0049 0.307
-0.0673 10.0345 0.381
-0.1188 10.0000 0.400
-0.1358 10.2515 0.000
-0.1011 9.9753 0.418
-0.0060 10.0345 0.247
-0.1274 10.0789 0.190
-0.1423 9.7830 0.059
-0.1356 9.9605 0.000
-0.1403 9.9605 0.105
0.0424 10.0444 0.843
-0.1278 10.1282 0.382
-0.1397 9.8126 0.405
-0.1416 9.9605 0.154
-0.1357 9.7534 0.170
-0.0309 10.0000 0.499
-0.1061 9.9951 0.471
-0.0680 10.0197 0.464
-0.1411 10.1627 0.231
0.0385 10.0937 0.653
-0.1180 10.0395 0.368
-0.1176 10.0789 0.383
0.0161 9.9605 0.689
0.0985 10.0099 0.634
0.0151 9.9852 0.873
-0.1293 9.8570 0.315
-0.1242 9.9704 0.251
-0.0112 9.9605 1.000
-0.0958 9.9901 0.403
-0.1121 10.0099 0.368
-0.0065 9.9507 1.000
-0.1280 10.0641 0.131
-0.1387 9.8373 0.223
-0.1082 9.9803 0.373
0.0408 9.9014 0.767
-0.0834 10.0197 0.453
-0.0027 9.9655 1.000
-0.1412 9.9260 0.264
-0.0838 9.9704 0.490
0.0189 9.9458 0.624
0.0033 10.0444 0.546
-0.0409 10.0000 1.000
0.0770 10.0000 0.693
-0.1481 10.1282 0.256
-0.0920 9.9951 0.464
-0.1435 10.1726 0.256
-0.1348 10.1627 0.085
0.0138 9.9507 0.542
-0.1348 10.2219 0.123
-0.1025 9.9458 0.419
0.0129 9.9211 0.893
-0.0051 10.0247 0.563
0.0099 10.0395 0.568
-0.0754 10.0049 0.464
-0.1333 9.7584 0.347
-0.1349 10.1184 0.050
-0.0997 10.0049 0.455
-0.1418 9.9211 0.289
-0.1155 9.9753 0.470
-0.0994 9.9605 0.441
0.0684 9.9803 0.670
-0.0740 9.9803 1.000
0.1268 9.9951 0.719
-0.0769 9.9901 0.208
-0.1398 10.2416 0.233
-0.1342 9.8668 0.356
-0.1410 10.0395 0.000
-0.0397 10.0099 0.507
-0.1118 10.0444 0.369
0.0388 10.0740 0.742
0.0307 10.0099 0.731
-0.0180 10.0000 0.953
-0.0051 9.9901 0.545
-0.1330 10.2762 0.164
-0.0037 10.0296 0.658
-0.1438 10.1973 0.245
-0.1161 10.0740 0.373
-0.1434 10.0197 0.305
-0.1314 10.1677 0.083
0.0525 10.0099 0.621
-0.0548 9.9803 1.000
0.0282 9.9803 0.602
-0.1368 10.3304 0.122
-0.1475 10.0789 0.233
-0.1380 10.2170 0.025
-0.0922 9.9753 0.439
-0.1418 10.2121 0.117
0.0566 9.9507 0.768
0.0025 9.9556 0.562
-0.0564 10.0000 0.487
-0.1044 9.9556 0.463
-0.1233 9.9556 0.377
0.0141 9.9803 0.638
-0.0355 9.9803 0.975
-0.1055 9.9753 0.430
-0.1309 10.1134 0.073
0.0102 9.9260 0.563
-0.0017 10.0395 1.000
0.0253 9.9556 0.826
0.0441 9.9753 0.642
-0.0382 9.9852 0.389
0.0425 9.9310 0.705
-0.0847 10.0049 0.478
-0.0251 9.9951 0.597
-0.1407 9.9951 0.366
-0.1312 10.2712 0.000
0.0241 9.9507 0.680
0.0321 9.9951 0.607
-0.0413 10.0148 0.501
-0.1032 9.9507 0.223
0.0088 9.9359 0.910
-0.0732 10.0197 0.453
-0.1468 10.0838 0.000
-0.1134 10.0395 0.353
0.0340 9.9507 0.679
0.0062 9.9901 0.561
0.0319 9.9605 0.623
-0.1325 9.8225 0.122
-0.1300 10.0148 0.160
-0.1327 9.7879 0.209
0.0376 9.9260 0.609
-0.1340 9.7386 0.367
-0.0835 10.0296 0.473
-0.1335 9.9408 0.439
-0.1301 10.1923 0.388
0.0810 9.9852 0.637
-0.0796 9.9901 0.453
0.0683 10.0148 0.706
0.0392 10.0888 0.621
-0.1299 10.0049 0.262
-0.1466 10.0740 0.030
0.0168 9.9951 0.982
-0.0927 9.9704 0.417
-0.1350 10.2121 0.192
-0.1479 10.1085 0.189
0.0042 10.0493 0.582
-0.1329 9.7238 0.175
0.0328 10.0641 0.644
0.0245 9.9458 0.772
-0.1419 10.1479 0.298
-0.0408 9.9951 1.000
-0.1294 9.8471 0.117
-0.0994 10.0444 0.473
0.0358 10.0000 0.851
-0.0007 9.9951 0.522
-0.1295 9.9014 0.085
0.1177 9.9951 0.762
-0.1251 9.9310 0.266
-0.1330 9.8274 0.308
-0.1193 10.0838 0.306
0.0058 9.9507 0.563
-0.1370 10.1134 0.347
-0.0864 10.0148 0.479
-0.0979 9.9803 0.409
0.0537 10.0296 0.648
-0.1341 9.8323 0.240
0.0375 10.0197 0.614
0.0628 10.0148 1.000
0.0404 9.9112 0.703
-0.1206 9.9852 0.276
0.0109 10.0395 0.948
-0.1574 10.0099 0.000
-0.1418 10.2219 0.055
0.0375 10.0000 0.762
-0.0754 9.9951 0.469
0.0474 9.9605 0.727
0.0425 9.9507 0.662
-0.1305 10.0345 0.000
-0.0908 10.0000 0.443
0.0926 10.0247 0.875
0.0055 9.9803 0.579
-0.1378 10.2515 0.280
0.0474 9.9803 0.575
-0.1506 10.0740 0.000
0.0275 9.9951 0.594
-0.1379 10.1332 0.121
-0.1935 10.0000 0.424
-0.1158 9.9753 0.326
-0.1332 10.1529 0.223
0.0107 9.9310 0.725
0.0075 10.0296 0.635
-0.0002 9.9852 0.568
0.0539 10.0690 0.836
-0.1380 10.3058 0.138
0.0527 9.9704 1.000
0.0488 10.0444 0.776
-0.0600 9.9901 0.490
-0.0110 10.0345 1.000
0.0109 9.9507 0.573
0.0392 9.9211 0.870
-0.1162 10.0493 0.404
-0.0545 10.0099 0.486
0.0861 10.0099 0.880
-0.0731 10.0296 0.479
-0.1425 9.9803 0.164
-0.1396 9.6942 0.184
-0.0598 10.0197 1.000
0.0058 10.0049 0.953
0.0638 10.0099 0.955
-0.1433 9.9408 0.106
-0.1344 10.3156 0.168
0.0429 9.9704 0.781
-0.1257 10.0148 0.284
-0.1399 10.2663 0.078
-0.1134 9.9310 0.474
0.0197 10.0247 0.691
-0.1491 9.9408 0.146
0.0944 10.0099 0.693
-0.1448 9.9162 0.346
-0.1348 10.2318 0.065
-0.1287 9.8521 0.255
-0.1379 9.8274 0.041
-0.1491 10.0690 0.229
0.0328 9.9753 0.708
-0.1068 10.0049 0.444
-0.1477 10.1036 0.201
0.1129 10.0099 0.643
0.0201 9.9704 0.678
-0.1375 9.9260 0.066
-0.0284 10.0197 0.540
-0.1352 10.1775 0.000
0.0384 9.9951 0.670
0.0582 10.0345 0.657
0.0516 10.0444 0.803
-0.1274 10.1430 0.101
0.1129 10.0000 0.662
0.1244 10.0000 0.696
-0.1399 9.7830 0.091
0.1338 10.0049 0.831
-0.1366 9.7288 0.117
0.0129 10.0099 0.699
-0.1288 10.1627 0.118
-0.1147 9.9704 0.397
0.0040 10.0000 0.581
-0.1323 9.8077 0.262
-0.1456 10.1332 0.254
0.0377 10.0493 0.680
-0.0943 10.0247 0.395
-0.0984 10.0099 0.456
-0.0539 9.9852 1.000
-0.1302 9.7485 0.332
0.0145 9.9951 0.588
-0.1426 9.9162 0.310
0.0007 10.0000 0.558
-0.1110 10.0000 0.318
0.0049 9.9310 0.561
-0.1124 10.0247 0.390
-0.0119 9.9803 1.000
-0.1152 9.9901 0.407
-0.1318 9.8521 0.332
-0.1063 10.0395 0.320
-0.1265 10.0888 0.485
-0.1373 10.0493 0.000
-0.1362 9.7189 0.317
-0.1114 9.9605 0.354
0.0453 9.9260 0.797
-0.1356 10.3008 0.340
-0.0201 10.0148 0.541
-0.1478 10.0296 0.000
0.0041 9.9852 0.566
0.0041 9.9556 0.576
0.0105 9.9556 0.598
-0.0327 9.9951 0.546
-0.1535 10.0049 0.256
-0.1421 9.8570 0.250
-0.1314 9.6548 0.298
-0.1295 9.9901 0.000
-0.1267 10.1825 0.040
-0.1360 9.7682 0.305
-0.1318 9.6745 0.358
0.0055 9.9951 0.560
-0.0001 9.9359 0.560
-0.1352 10.1381 0.180
0.0737 9.9901 0.648
-0.1336 9.8373 0.197
-0.1548 10.0197 0.122
-0.1178 9.9655 0.441
-0.0178 9.9901 1.000
0.0431 9.9605 0.821
-0.1225 9.9458 0.206
-0.1361 10.0099 0.152
-0.0920 10.0395 0.439
-0.0626 10.0197 1.000
-0.0766 10.0049 0.482
-0.1327 10.2219 0.111
-0.1031 9.9605 0.438
0.0000 10.0444 0.555
-0.1175 9.9359 0.374
0.0299 10.0493 0.683
0.0523 10.0148 0.649
-0.1570 10.0197 0.169
-0.1494 9.9112 0.177
-0.1366 9.9655 0.087
0.0534 10.0197 0.724
-0.1355 10.1677 0.000
-0.1487 10.0986 0.250
-0.0652 10.0148 0.487
-0.1065 9.9507 0.492
0.0775 10.0099 0.761
-0.1301 10.2170 0.184
-0.0061 9.9359 0.548
-0.0324 10.0296 0.497
-0.1221 9.9753 0.189
-0.0085 9.9655 1.000
-0.1298 10.2071 0.188
-0.0855 9.9655 0.501
-0.1481 10.0690 0.000
-0.1137 10.0444 0.235
-0.1208 9.9951 0.439
-0.1336 10.1627 0.338
-0.1464 9.9310 0.328
0.0031 9.9803 0.558
-0.0508 9.9901 0.558
-0.1327 9.6795 0.180
0.0477 10.0197 1.000
-0.1033 10.0099 0.458
0.0522 9.9556 0.616
-0.1293 9.8225 0.356
-0.1445 10.1134 0.096
-0.0356 9.9901 0.521
0.0407 10.0592 0.749
-0.0300 10.0099 0.957
0.0396 10.0690 0.669
-0.0356 9.9753 1.000
0.0430 10.0986 0.634
-0.1275 10.0395 0.000
-0.1436 10.1874 0.247
-0.1027 10.0345 0.399
-0.0341 10.0049 0.517
-0.0405 10.0247 0.506
0.0406 9.9063 0.667
0.0258 10.0049 0.770
-0.1541 9.9852 0.412
-0.1471 10.0888 0.122
-0.1362 10.2860 0.000
0.0571 10.0049 1.000
0.0230 9.9803 0.552
-0.1079 9.9704 0.316
-0.0333 10.0000 0.511
-0.1460 10.0395 0.020
0.0106 9.9901 0.568
-0.0736 9.9901 0.460
-0.1554 9.9901 0.310
-0.1337 10.3156 0.000
-0.1317 9.7534 0.077
-0.1156 10.0542 0.287
-0.1446 10.1825 0.203
0.0355 9.9605 0.782
-0.1333 9.7337 0.061
0.0127 9.9704 0.905
-0.1364 9.9310 0.000
-0.0989 10.0345 0.388
0.0141 9.9901 0.618
-0.1138 9.9408 0.231
-0.1272 10.1184 0.312
-0.1331 10.1332 0.096
-0.1486 9.9359 0.148
-0.1271 9.7534 0.312
0.0146 9.9655 0.614
0.0799 10.0049 0.821
0.0123 10.0148 0.581
0.0515 10.0247 1.000
0.0055 9.9408 0.561
-0.0944 10.0197 0.444
0.0481 10.0542 0.752
0.0389 10.0247 0.680
-0.1693 10.0049 0.325
0.0179 9.9310 0.617
-0.0069 10.0049 1.000
-0.0061 10.0444 0.555
0.0132 9.9310 0.597
-0.1429 9.9458 0.203
-0.1377 9.8915 0.264
-0.1285 10.0444 0.076
0.0716 9.9901 0.948
-0.1051 10.0493 0.308
-0.1330 10.1479 0.091
0.0527 9.9408 1.000
-0.0142 10.0247 0.943
-0.1400 9.9704 0.117
-0.1368 9.6597 0.200
0.0209 9.9901 0.576
-0.1345 9.9458 0.230
-0.0850 9.9803 1.000
-0.1191 9.9260 0.408
0.0356 9.9803 0.634
-0.1273 9.8816 0.117
-0.0447 10.0000 1.000
0.0127 10.0000 0.933
-0.1356 10.0444 0.372
-0.0773 10.0000 0.458
-0.1235 10.0641 0.000
-0.1325 10.3008 0.109
-0.1442 10.0345 0.254
0.0701 9.9852 0.965
-0.1597 9.9951 0.000
-0.1253 10.0542 0.219
-0.1367 10.3403 0.148
-0.0133 10.0049 0.567
-0.0539 10.0099 0.511
0.0207 9.9803 0.670
-0.1412 10.1578 0.246
-0.0541 9.9951 0.507
-0.0208 9.9803 0.536
-0.1298 9.7584 0.284
0.0295 10.0592 0.667
0.0426 10.0542 0.721
0.0269 10.0740 0.593
-0.1280 10.1036 0.164
0.0415 9.9359 0.708
-0.0625 9.9901 0.476
-0.1306 9.6597 0.093
0.0243 9.9753 0.663
-0.1459 9.8915 0.113
-0.1397 10.2219 0.282
-0.1392 9.7781 0.343
-0.1208 9.9310 0.418
0.0499 10.0099 0.517
-0.0520 10.0247 0.482
0.0125 10.0049 0.883
-0.1455 9.9507 0.165
0.0080 10.0197 0.568
-0.1168 9.9458 0.424
0.0188 9.9852 0.863
0.0465 10.0789 0.559
-0.1510 9.9901 0.000
0.0525 10.0000 0.601
-0.1360 9.9852 0.138
-0.1568 9.9852 0.219
-0.0445 10.0099 0.522
0.0290 9.9704 0.644
-0.1195 9.9260 0.344
0.0843 9.9901 0.905
0.0137 10.0247 0.713
-0.1337 10.0838 0.052
-0.1305 9.9310 0.000
-0.1397 10.2022 0.164
-0.1278 9.8718 0.240
-0.1238 9.9014 0.413
-0.1214 9.9063 0.342
-0.1454 10.1381 0.070
0.0055 10.0345 0.567
-0.0257 10.0049 1.000
0.1055 10.0000 0.818
0.1274 9.9901 0.705
-0.0004 10.0542 0.645
-0.0020 10.0000 0.567
0.0579 9.9803 1.000
-0.1377 10.3008 0.208
-0.0280 9.9852 0.525
-0.1395 9.7238 0.000
-0.1375 9.7584 0.177
-0.0960 9.9753 0.384
-0.1407 9.8866 0.291
-0.1321 9.9852 0.260
-0.0610 10.0000 0.504
-0.1299 9.9063 0.231
0.0358 9.9852 0.614
0.0421 9.9458 0.691
0.0429 10.0099 0.637
0.0255 10.0000 0.700
-0.1023 10.0247 0.419
-0.1027 10.0049 0.328
-0.1581 10.0049 0.262
-0.1333 9.9704 0.032
-0.0076 9.9753 0.706
0.0542 10.0592 1.000
0.0279 10.0592 0.816
-0.1320 10.3353 0.000
0.0569 10.0247 1.000
0.0418 9.9655 0.689
-0.1356 10.3058 0.076
-0.1354 10.2712 0.078
-0.0242 10.0148 0.550
-0.1362 10.1479 0.366
-0.1304 9.6647 0.036
-0.1439 9.9655 0.149
0.0161 10.0000 0.885
-0.1331 9.6844 0.180
-0.1297 9.9260 0.039
0.0248 9.9211 0.816
-0.1291 9.9803 0.034
-0.0680 9.9852 1.000
0.0098 9.9852 0.612
-0.1348 9.6893 0.133
0.0172 9.9458 0.703
0.0542 10.0493 0.795
0.0308 9.9556 0.588
0.0324 9.9803 0.621
0.0275 9.9655 0.742
0.0462 10.0641 1.000
0.0922 9.9803 0.808
-0.0045 9.9852 0.800
0.0064 10.0247 0.000
-0.1429 9.8668 0.126
0.0693 9.9803 0.691
0.0971 10.0049 0.760
-0.0161 10.0099 0.561
0.0253 9.9359 0.642
-0.1370 9.7090 0.107
-0.1292 9.8077 0.267
0.0241 9.9655 0.616
0.0405 10.0197 0.761
0.0095 9.9753 0.617
-0.1328 10.1923 0.163
-0.0657 9.9901 0.519
-0.0452 9.9803 1.000
0.0473 10.0000 0.751
-0.0920 10.0296 0.443
-0.1554 9.9803 0.351
-0.1044 9.9655 0.322
-0.1286 9.7682 0.000
-0.1527 9.9605 0.000
-0.0071 10.0493 1.000
0.0380 9.9162 0.865
-0.1356 9.9359 0.015
0.1478 10.0000 0.776
-0.1328 10.1578 0.067
0.0297 10.0000 0.657
-0.1363 9.6795 0.118
0.0697 10.0197 0.819
-0.1028 9.9951 0.429
0.0202 9.9556 0.731
0.0185 10.0049 0.561
-0.1412 9.7879 0.219
-0.1218 10.0888 0.419
0.0544 9.9951 0.776
-0.1069 9.9901 0.435
-0.0651 9.9655 1.000
-0.1314 9.8964 0.000
-0.1363 10.3452 0.189
-0.1693 10.0000 0.311
-0.0930 9.9803 0.471
0.0481 10.0493 0.665
-0.0249 10.0049 0.529
0.0394 9.9359 0.756
-0.1486 10.0197 0.061
-0.1538 10.0148 0.211
0.0461 9.9458 0.691
-0.0771 9.9803 0.491
0.0107 10.0099 0.603
0.0410 9.9211 0.704
-0.0852 10.0247 0.470
0.0624 9.9901 1.000
-0.1245 10.0493 0.369
-0.1314 10.3403 0.402
-0.1372 10.1973 0.160
-0.1021 9.9753 0.294
0.0438 10.0247 0.734
-0.1354 10.2811 0.206
-0.1348 9.7485 0.213
0.0754 10.0000 0.638
-0.1326 10.0148 0.322
-0.1385 9.8668 0.000
-0.1294 10.1529 0.203
-0.1102 9.9655 0.179
-0.1513 10.0888 0.025
-0.1112 10.0296 0.216
-0.1314 10.1775 0.031
-0.1332 9.9507 0.139
-0.1336 10.2170 0.113
-0.1853 10.0000 0.400
0.0869 10.0099 0.841
-0.1412 10.1923 0.249
0.0286 9.9211 0.838
0.0877 10.0049 0.781
-0.0232 9.9901 0.608
-0.1262 9.9753 0.392
-0.1374 9.7879 0.100
0.1014 9.9951 0.833
-0.1292 9.9507 0.190
0.0252 10.0000 0.689
0.1300 10.0099 0.765
-0.1382 10.0641 0.062
-0.1243 9.9803 0.320
-0.1406 10.1282 0.000
0.0075 10.0493 0.567
-0.1518 9.9211 0.306
0.0165 9.9507 0.833
0.0308 9.9753 0.632
0.0201 9.9951 0.691
-0.1279 10.2367 0.000
-0.1345 10.1036 0.000
0.0340 10.0345 0.721
0.1025 9.9901 0.648
-0.0591 9.9951 1.000
0.0063 10.0099 0.561
-0.1334 9.9112 0.114
-0.0706 9.9901 0.444
-0.1500 10.1085 0.211
0.0140 9.9655 0.581
-0.1301 10.0493 0.404
-0.0060 9.9408 0.575
-0.1117 10.0641 0.308
-0.1398 10.2564 0.255
-0.0482 9.9852 0.515
0.0161 9.9803 0.644
-0.1328 10.0099 0.197
-0.1293 9.8027 0.254
-0.1428 9.9359 0.131
-0.1021 9.9852 0.446
-0.1263 9.9408 0.402
-0.1404 10.2959 0.337
0.0124 10.0542 0.575
0.0224 10.0542 0.691
-0.1398 9.8175 0.266
-0.0896 9.9901 0.445
-0.1336 9.8570 0.211
-0.1502 10.0000 0.000
0.0225 10.0740 0.803
-0.1404 10.0345 0.185
-0.1353 9.6696 0.256
-0.1383 9.7682 0.133
-0.0884 10.0049 0.482
-0.1501 10.0049 0.138
0.0282 10.0493 0.618
-0.1226 9.9162 0.284
0.0933 9.9951 0.741
-0.0319 9.9803 0.522
-0.1384 10.2466 0.092
-0.0960 10.0049 0.450
-0.1347 9.9704 0.210
0.0381 9.9803 0.788
-0.1365 9.9014 0.383
-0.1343 10.1529 0.000
-0.1318 9.7781 0.151
-0.1435 10.0542 0.205
-0.1011 10.0000 0.456
-0.1459 10.0148 0.117
-0.1324 10.2022 0.218
-0.0920 9.9901 0.479
-0.1441 9.8077 0.280
-0.0986 10.0197 0.280
-0.0367 9.9901 1.000
0.0290 9.9408 0.797
-0.1494 10.0148 0.103
-0.1653 10.0000 0.280
-0.0949 9.9852 0.439
0.0431 10.0937 0.762
-0.1196 9.9605 0.466
0.0098 10.0247 0.725
-0.0141 9.9704 0.560
-0.1159 10.0247 0.373
-0.1412 9.7978 0.137
0.0322 9.9458 0.637
0.0451 10.0296 0.648
-0.1436 10.0690 0.275
0.0603 10.0395 1.000
-0.1098 9.9507 0.458
-0.1422 10.2022 0.271
-0.1046 10.0395 0.388
-0.1264 9.9359 0.075
-0.0522 10.0197 1.000
-0.0321 10.0148 0.883
-0.1406 9.8619 0.024
0.1418 10.0049 0.708
0.0794 10.0049 0.755
-0.0205 10.0247 0.556
-0.0571 9.9852 0.000
-0.1366 9.6844 0.047
0.0401 10.0740 0.780
-0.1362 9.9556 0.090
0.0384 10.0049 0.846
-0.1296 9.8373 0.000
-0.1448 9.9063 0.265
-0.1021 10.0148 0.450
-0.1359 9.8521 0.230
-0.1126 10.0493 0.429
0.0362 10.0592 0.714
-0.1328 10.1085 0.047
-0.1233 9.8915 0.286
-0.1554 9.9951 0.072
-0.1317 10.1726 0.055
-0.1317 10.1233 0.063
-0.0861 9.9951 0.459
-0.0555 10.0049 1.000
-0.1253 10.0296 0.090
-0.0495 9.9951 1.000
-0.1315 10.1825 0.165
-0.1312 10.2860 0.269
-0.1323 10.0986 0.151
-0.1416 10.2268 0.093
-0.0679 10.0296 0.167
-0.1460 10.1233 0.221
-0.1428 10.0296 0.373
-0.0654 10.0247 0.246
0.0352 9.9310 0.684
0.0454 10.0197 0.770
-0.0420 10.0099 0.505
-0.1462 9.9260 0.252
-0.1358 9.7633 0.455
0.0005 10.0247 0.955
0.0344 10.0690 0.611
-0.1361 9.8027 0.187
0.0966 10.0000 0.630
-0.1120 10.0690 0.221
0.0602 10.0148 0.645
-0.1326 10.3551 0.254
0.0069 10.0197 0.583
-0.1399 10.2614 0.239
-0.1298 10.0592 0.432
-0.1492 10.0296 0.340
0.0740 10.0099 0.683
0.0583 9.9803 1.000
-0.1447 10.0197 0.103
0.1021 10.0049 0.735
-0.1430 10.2170 0.422
-0.0369 10.0049 0.507
0.0125 9.9458 1.000
-0.0421 10.0296 1.000
-0.1259 9.9507 0.353
0.1451 9.9951 0.773
-0.1242 9.9063 0.139
0.0429 10.0838 0.686
-0.1350 9.9162 0.103
0.0295 10.0197 0.604
0.0695 10.0296 0.639
0.0562 9.9852 0.873
-0.1018 10.0000 0.453
-0.1482 10.0049 0.225
-0.0347 10.0148 0.519
-0.1390 9.7534 0.175
-0.1410 9.7288 0.216
-0.0709 10.0000 0.470
-0.1484 10.1036 0.276
-0.1295 10.2121 0.148
0.0382 9.9605 0.732
-0.1646 10.0099 0.305
0.0125 10.0690 0.635
-0.1394 9.8964 0.149
-0.1470 10.1184 0.071
-0.1401 10.0000 0.147
-0.1356 10.0345 0.326
0.0569 9.9605 1.000
0.0545 9.9753 0.765
-0.1166 10.0049 0.300
-0.1378 10.3107 0.000
-0.1430 9.9753 0.274
0.0421 10.0888 0.792
-0.0133 10.0000 0.529
-0.1469 10.0345 0.000
-0.1176 10.0345 0.369
0.1314 9.9951 0.645
-0.1332 10.0444 0.307
-0.1246 9.8964 0.149
-0.1516 9.9260 0.000
-0.0327 9.9852 0.883
-0.1414 9.8964 0.011
-0.1489 9.9063 0.291
-0.1385 9.9112 0.342
-0.1137 9.9211 0.376
-0.1282 9.8274 0.234
0.0263 9.9605 0.628
-0.1295 9.8915 0.000
-0.1219 10.1134 0.397
0.1225 10.0000 0.607
-0.0669 10.0099 0.484
-0.0050 10.0592 1.000
-0.0320 10.0345 0.507
-0.1360 9.8274 0.451
0.0821 9.9901 0.760
-0.0198 9.9951 0.570
-0.1173 10.0099 0.344
-0.0144 10.0197 0.913
-0.1457 9.9901 0.111
0.0122 9.9556 0.577
-0.0111 9.9951 0.531
-0.0760 9.9951 1.000
-0.0655 10.0395 1.000
0.0339 10.0395 0.572
-0.1398 10.1381 0.252
0.0764 9.9901 0.554
0.0313 10.0444 0.772
-0.0414 10.0049 0.962
0.0405 9.9951 0.705
-0.1081 9.9655 0.270
0.0076 10.0444 0.607
-0.1495 9.9605 0.419
-0.1153 10.0641 0.455
-0.1306 10.2910 0.260
0.0218 10.0493 0.739
-0.1335 9.9901 0.008
-0.0853 10.0395 0.522
-0.1371 9.9112 0.144
-0.1166 10.0690 0.356
-0.1050 10.0148 0.441
-0.0016 10.0296 0.700
-0.1396 9.7978 0.134
0.0104 10.0049 0.591
-0.0475 10.0000 0.522
-0.1171 10.0197 0.432
-0.1261 9.9951 0.000
0.0357 9.9556 0.873
-0.1209 10.0197 0.009
-0.1135 10.0296 0.373
-0.1196 9.9408 0.412
-0.1294 10.2564 0.306
0.0227 10.0049 0.778
-0.1370 10.0197 0.276
-0.1314 9.7929 0.313
-0.1549 10.0000 0.000
-0.1296 10.0345 0.000
-0.1765 10.0000 0.326
-0.1134 10.0049 0.368
-0.1386 10.1529 0.240
0.0129 10.0296 0.577
-0.1404 10.1923 0.270
-0.0353 10.0197 0.512
-0.1366 9.6942 0.274
-0.1094 9.9753 0.474
0.0377 9.9458 0.652
-0.1196 9.9507 0.430
0.0731 10.0148 0.955
-0.1147 10.0197 0.316
0.0031 10.0148 0.900
-0.1257 9.8866 0.000
-0.1262 10.0838 0.060
0.0249 10.0395 0.755
-0.1390 9.9359 0.226
-0.1378 9.9408 0.139
-0.0068 9.9556 0.555
-0.1373 10.2466 0.133
-0.1149 9.9556 0.233
0.0120 9.9605 0.658
-0.1159 9.9852 0.316
0.0141 10.0740 0.808
0.0157 10.0099 0.587
0.0374 9.9112 0.669
0.0355 9.9655 0.684
-0.1412 10.1332 0.338
0.0267 9.9753 0.616
-0.1595 10.0000 0.267
-0.1473 9.9014 0.198
-0.1432 10.0888 0.083
0.1483 9.9901 0.836
0.0348 9.9704 0.870
-0.1492 10.0444 0.103
-0.1380 9.6893 0.101
-0.1313 9.8915 0.000
0.1048 10.0000 0.637
-0.1363 10.2367 0.096
0.0421 10.0789 0.548
-0.0063 9.9753 0.538
-0.1337 9.7386 0.151
0.0214 10.0395 0.603
-0.0896 10.0099 0.446
-0.1298 10.0986 0.182
-0.1295 9.8422 0.020
-0.0216 10.0000 0.533
-0.1286 9.7732 0.394
-0.0170 10.0296 0.997
-0.0673 9.9605 0.500
-0.0517 10.0000 1.000
-0.0120 9.9655 0.572
-0.1075 9.9556 0.338
0.0043 10.0148 0.573
-0.1393 10.2367 0.164
-0.1218 10.0690 0.250
-0.1193 9.9162 0.302
-0.0164 10.0247 0.531
-0.1500 9.9014 0.290
-0.0496 9.9803 0.512
-0.0450 10.0148 0.444
-0.1404 9.7633 0.000
-0.1400 9.9310 0.302
-0.1092 9.9901 0.352
-0.0876 10.0148 0.464
-0.1307 10.3452 0.170
-0.1372 10.0641 0.132
-0.1261 9.9112 0.175
0.0478 9.9507 0.803
0.0318 10.0395 0.783
-0.1017 9.9310 0.463
0.0392 10.0444 0.617
0.0234 9.9260 0.594
0.0695 9.9753 0.962
-0.1341 10.2614 0.082
-0.0849 10.0000 0.450
0.0252 9.9951 0.890
-0.1195 10.1085 0.398
0.0393 10.0542 0.808
0.0453 9.9951 0.833
-0.1378 9.8225 0.105
0.0375 10.0148 0.838
-0.1245 10.0789 0.000
-0.1354 10.2762 0.107
-0.1380 9.9014 0.198
0.0107 9.9408 0.655
-0.0135 10.0296 1.000
-0.0283 10.0000 0.526
-0.1410 9.6844 0.047
-0.1104 9.9803 0.449
-0.1373 9.6745 0.000
-0.0127 10.0395 0.548
-0.1326 10.1282 0.216
0.0228 9.9901 0.848
-0.0160 9.9803 0.960
-0.1627 10.0099 0.377
-0.1001 10.0247 0.412
-0.1515 10.0789 0.336
0.0306 10.0247 0.684
-0.1218 10.0148 0.433
0.0032 10.0296 0.566
-0.1289 10.2219 0.261
-0.1532 9.9655 0.056
-0.0957 9.9803 0.466
-0.1298 10.0542 0.143
-0.1447 9.9901 0.312
-0.1449 9.9704 0.381
-0.1396 9.8570 0.160
-0.1386 9.7485 0.208
-0.1150 10.0592 0.316
-0.1467 10.0099 0.208
0.0498 10.0395 0.780
-0.0003 10.0641 0.576
-0.1341 9.9803 0.313
-0.1349 9.8816 0.357
0.0159 10.0493 0.582
-0.1219 10.0838 0.214
-0.0289 9.9901 0.540
-0.1364 9.7436 0.073
-0.0138 9.9901 1.000
-0.0045 10.0542 0.579
-0.1304 9.9014 0.055
0.0820 9.9951 0.800
0.0274 10.0395 0.793
-0.1522 10.0099 0.418
-0.1492 10.0099 0.144
0.0373 9.9556 0.860
-0.0024 10.0099 0.611
0.0236 10.0197 0.596
-0.0125 10.0148 0.531
-0.0124 9.9852 0.157
-0.1340 9.8077 0.143
-0.1379 10.2910 0.205
0.0377 9.9901 0.618
-0.1119 9.9211 0.343
-0.1131 10.0789 0.427
-0.1469 10.0493 0.315
-0.1178 9.9803 0.387
0.0559 10.0345 1.000
-0.1174 10.0592 0.460
-0.1356 9.8619 0.393
-0.0810 10.0000 0.458
-0.0508 10.0148 0.495
-0.1399 10.0444 0.271
0.0471 9.9458 0.745
-0.1432 9.7929 0.197
-0.0742 9.9852 1.000
-0.1377 10.1726 0.205
0.0611 10.0000 0.522
0.0124 10.0197 0.925
-0.1409 9.9655 0.000
0.0879 10.0000 0.803
0.0248 10.0641 0.836
